StartDate,EndDate,Status,Progress,Duration (in seconds),Finished,RecordedDate,ResponseId,DistributionChannel,TYPE,UserLanguage,Q_RecaptchaScore,Q_DuplicateRespondent,CONSENT,FREQUENCY,DURATION,REASONS,REASONS_5_TEXT,LOCATION,SKILL,MAP_1,MAP_2,MAP_3,MAP_4,MAP_5,MAP_6,MAP_7,MAP_8,MAP_9,MAP_10,MAP_11,MAP_12,MAP_13,MAP_14,MAP_15,MAP_16,MAP_17,MAP_18,MAP_19,MAP_20,MAP_21,MAP_22,MAP_23,MAP_24,MAP_25,MAP_26,MAP_27,MAP_28,MAP_29,MAP_30,MAP_31,MAP_32,MAP_33,MAP_34,MAP_35,MAP_36,MAP_37,MAP_38,MAP_39,MAP_40,MAP_41,MAP_42,MAP_43,MAP_44,MAP_45,MAP_46,MAP_47,MAP_48,MAP_49,MAP_50,MAP_51,MAP_52,MAP_53,MAP_54,MAP_55,MAP_56,MAP_57,MAP_58,MAP_59,MAP_60,MAP_61,MAP_62,MAP_63,MAP_64,MAP_65,MAP_66,MAP_67,MAP_68,MAP_69,MAP_70,MAP_71,MAP_72,MAP_73,MAP_74,MAP_75,MAP_76,PRESSURES_1,PRESSURES_2,PRESSURES_3,PRESSURES_4,PRESSURES_5,PRESSURES_6,PRESSURES_7,PRESSURES_8,HABITATS_1,HABITATS_2,HABITATS_3,HABITATS_4,HABITATS_5,HABITATS_6,SPECIES_1,SPECIES_2,SPECIES_3,SPECIES_4,SPECIES_5,SPECIES_6,SPECIES_7,SPECIES_8,SPECIES_8_TEXT,FUNDING,CONCRETE_1,CONCRETE_2,CONCRETE_3,CONCRETE_4,CONCRETE_5,TIRES_1,TIRES_2,TIRES_3,TIRES_4,TIRES_5,ACTION_1,ACTION_2,ACTION_3,ACTION_4,ACTION_5,AWARE,AGE,GENDER,GENDER_3_TEXT,ZIPCODE,COUNTY,COUNTY_7_TEXT,INCOME,COSTS,AR_RELIEF,AR_SIZE,AR_DEPTH,AR_COMPLEX,AR_MATERIAL_1,AR_MATERIAL_2,AR_MATERIAL_3,AR_MATERIAL_4
7/7/2026 19:20,7/7/2026 19:24,IP Address,100,267,TRUE,7/7/2026 19:24,R_5yONlUGOC0fw4kV,email,General,EN,0.8999999761581421,,I agree,About once a week,10 - 19 years,"Fishing for fun, sport, or relaxation",,"A boat, kayak, or canoe",Excellent,Off,Off,Off,Off,Off,Off,Off,Off,Off,Off,Off,Off,Off,Off,Off,Off,Off,Off,Off,Off,Off,Off,Off,Off,Off,Off,Off,Off,Off,Off,Off,Off,Off,Off,Off,Off,Off,Off,Off,On,Off,Off,Off,Off,Off,Off,On,On,Off,Off,Off,Off,Off,On,Off,Off,Off,Off,Off,Off,Off,Off,Off,Off,Off,Off,Off,Off,Off,Off,Off,Off,Off,On,On,On,No,No,No,Yes,Yes,Yes,Yes,No,Never,Often,Often,Often,Sometimes,Often,Sometimes,Often,Rarely,Never,Rarely,Rarely,Rarely,Never,,Supportive,Strongly agree,Strongly disagree,Strongly agree,Strongly disagree,Strongly agree,Somewhat disagree,Somewhat agree,Somewhat agree,Somewhat agree,Somewhat agree,0.76,1.27,0.99,8.5,9.69,No,25 - 34,Male,,33774,Pinellas,,"$75,001 - $100,000",,"High
(5 ft. or more)","Medium
(less than 1 acre)","Moderate
(10 - 20 ft.)","Simple
(mostly flat or smooth)",Often,Not sure,Often,Not sure
7/7/2026 19:25,7/7/2026 19:34,IP Address,100,550,TRUE,7/7/2026 19:34,R_1R7wvZSvH3cgOTv,email,General,EN,1,,I agree,About once a month,10 - 19 years,"Fishing for fun, sport, or relaxation",,"A boat, kayak, or canoe",Excellent,Off,Off,Off,Off,Off,Off,Off,On,On,On,On,On,Off,Off,Off,On,On,On,Off,Off,Off,On,On,On,Off,Off,Off,Off,On,On,On,On,Off,Off,On,On,On,On,On,Off,Off,On,On,On,On,Off,Off,Off,On,On,On,Off,Off,Off,Off,Off,Off,Off,Off,Off,Off,Off,Off,Off,Off,Off,Off,Off,Off,Off,Off,Off,Off,Off,Off,Off,No,No,Yes,Yes,Yes,No,No,No,Rarely,Often,Often,Often,Sometimes,Often,Often,Often,Often,Rarely,Often,Often,Sometimes,Rarely,,Supportive,Agree,Strongly disagree,Somewhat agree,Disagree,Agree,Somewhat disagree,Agree,Somewhat disagree,Agree,Somewhat agree,2.92,2.89,1.85,8.2,10,No,55 - 64,Male,,33609,Hillsborough,,"$100,000 or more",200,"Moderate
(2 - 4 ft.)","Medium
(less than 1 acre)","Deep
(20 ft. or more)","Moderate
(some nooks and crannies)",Sometimes,Sometimes,Often,Never
7/7/2026 19:31,7/7/2026 19:39,IP Address,100,446,TRUE,7/7/2026 19:39,R_5SuhmIV7pSwEfgW,email,General,EN,1,,I agree,A few times,5 - 9 years,"Fishing for fun, sport, or relaxation",,"The shoreline or bank of a water body,A fishing pier or boardwalk",Fair,Off,Off,Off,Off,Off,Off,Off,Off,Off,Off,Off,Off,Off,Off,Off,Off,Off,Off,On,Off,Off,Off,Off,On,On,Off,Off,Off,Off,Off,Off,Off,Off,Off,Off,Off,Off,Off,Off,On,Off,Off,Off,Off,Off,Off,On,Off,Off,Off,Off,Off,Off,On,Off,Off,Off,Off,Off,Off,Off,Off,Off,Off,Off,Off,Off,Off,Off,Off,Off,Off,Off,On,Off,Off,No,No,No,No,No,No,No,No,Rarely,Rarely,Sometimes,Often,Sometimes,Often,Sometimes,Sometimes,Rarely,Sometimes,Rarely,Often,Sometimes,Sometimes,,Supportive,Somewhat agree,Somewhat disagree,Somewhat agree,Somewhat agree,Somewhat agree,Somewhat disagree,Somewhat agree,Somewhat disagree,Somewhat agree,Somewhat disagree,0.91,7,3.73,10,10,No,55 - 64,Male,,33545,Pasco,,"$75,001 - $100,000",50,"High
(5 ft. or more)","Medium
(less than 1 acre)","Moderate
(10 - 20 ft.)","Moderate
(some nooks and crannies)",Sometimes,Sometimes,Sometimes,Not sure
7/7/2026 19:37,7/7/2026 19:43,IP Address,100,372,TRUE,7/7/2026 19:43,R_5B2nIP983xneWtS,email,General,EN,1,,I agree,About once a week,1 - 4 years,"Fishing for fun, sport, or relaxation",,"A boat, kayak, or canoe",Good,Off,Off,Off,Off,Off,Off,Off,Off,Off,Off,Off,Off,Off,Off,Off,Off,Off,Off,Off,Off,Off,Off,Off,Off,Off,Off,Off,Off,Off,Off,Off,Off,Off,Off,Off,Off,Off,Off,Off,Off,Off,Off,Off,Off,Off,Off,Off,Off,Off,Off,Off,Off,Off,Off,Off,Off,Off,Off,Off,Off,On,On,Off,On,On,On,On,On,On,On,On,On,Off,Off,Off,Off,No,Yes,No,No,No,Yes,No,Yes,Often,Often,Often,Rarely,Sometimes,Often,Always,Always,Always,Always,Sometimes,Always,Often,Sometimes,Spanish Mackerel,Supportive,Agree,Somewhat disagree,Somewhat agree,Somewhat disagree,Somewhat agree,Somewhat disagree,Somewhat agree,Somewhat disagree,Somewhat disagree,Somewhat disagree,4.03,4.96,7.06,5.08,5.1,No,45 - 54,Male,,34219,Manatee,,"$100,000 or more",300,Not sure,"Large
(1 acre or more)","Deep
(20 ft. or more)","Moderate
(some nooks and crannies)",Often,Not sure,Sometimes,Not sure
7/7/2026 19:37,7/7/2026 19:43,IP Address,100,349,TRUE,7/7/2026 19:43,R_6gvkShk4EXYMIDS,email,General,EN,1,,I agree,About once a week,1 - 4 years,"Fishing for fun, sport, or relaxation",,"A boat, kayak, or canoe",Good,Off,Off,Off,Off,Off,Off,Off,Off,Off,Off,Off,Off,Off,Off,Off,Off,Off,Off,Off,Off,Off,Off,Off,Off,Off,Off,Off,Off,Off,Off,Off,Off,Off,Off,Off,Off,Off,On,On,Off,Off,Off,Off,Off,On,Off,On,On,Off,Off,On,On,Off,On,On,Off,Off,On,On,Off,On,On,On,On,Off,Off,Off,Off,Off,Off,Off,Off,Off,Off,Off,Off,No,No,No,Yes,Yes,No,No,No,Rarely,Often,Often,Sometimes,Sometimes,Often,Often,Sometimes,Often,Often,Sometimes,Sometimes,Sometimes,Sometimes,,Supportive,Somewhat agree,Somewhat disagree,Somewhat agree,Somewhat agree,Somewhat agree,Somewhat agree,Somewhat agree,Somewhat disagree,Somewhat disagree,Somewhat agree,5.73,5.7,0.59,0.6,0.35,No,18 - 24,Male,,33823,Polk,,"$75,001 - $100,000",150,Not sure,Not sure,Not sure,Not sure,Not sure,Not sure,Not sure,Not sure
7/7/2026 19:40,7/7/2026 19:44,IP Address,100,238,TRUE,7/7/2026 19:44,R_3g0f4AYXjiYIV1W,email,General,EN,1,,I agree,A few times,20 years or more,"Fishing for fun, sport, or relaxation",,"The shoreline or bank of a water body,A fishing pier or boardwalk,A boat, kayak, or canoe",Fair,Off,Off,Off,Off,Off,Off,Off,Off,Off,Off,Off,Off,Off,Off,Off,Off,Off,On,Off,Off,Off,Off,On,Off,Off,Off,On,Off,Off,On,Off,Off,Off,On,Off,Off,Off,Off,On,On,On,Off,Off,Off,On,On,On,Off,Off,Off,On,On,On,On,Off,Off,On,On,Off,Off,Off,On,Off,Off,Off,On,On,Off,On,On,On,On,Off,Off,Off,Off,No,No,No,No,Yes,No,No,No,Often,Often,Often,Rarely,Never,Often,Often,Often,Sometimes,Never,Sometimes,Sometimes,Sometimes,Often,Lady fish ,Supportive,Agree,Disagree,Agree,Agree,Agree,Agree,Somewhat agree,Agree,Disagree,Disagree,4.95,4.98,5.14,5.33,9.52,No,35 - 44,Male,,33880,Polk,,"$100,000 or more",50,,,,,,,,
7/7/2026 19:53,7/7/2026 20:01,IP Address,100,515,TRUE,7/7/2026 20:01,R_6ANzZ3WN33U9j6K,email,General,EN,1,,I agree,About once a month,1 - 4 years,"Fishing for fun, sport, or relaxation",,"A boat, kayak, or canoe",Good,Off,Off,Off,Off,Off,Off,Off,Off,Off,Off,Off,Off,Off,Off,Off,Off,Off,Off,Off,Off,Off,Off,Off,On,On,Off,Off,Off,Off,Off,Off,Off,Off,Off,Off,Off,Off,Off,Off,Off,Off,Off,Off,Off,Off,Off,On,Off,Off,Off,Off,Off,Off,Off,Off,Off,Off,Off,Off,Off,Off,Off,Off,Off,Off,Off,Off,Off,Off,Off,Off,Off,Off,Off,Off,Off,No,No,No,No,Yes,No,No,No,Sometimes,Often,Often,Rarely,Rarely,Rarely,Often,Often,Often,Sometimes,Never,Rarely,Never,Rarely,Mackerel ,Supportive,Agree,Somewhat disagree,Somewhat agree,Disagree,Somewhat agree,Somewhat agree,Somewhat disagree,Somewhat agree,Somewhat disagree,Somewhat agree,5.3,5.4,5.55,7.24,3.14,No,45 - 54,Male,,33579,Hillsborough,,"$100,000 or more",20,"Low
(1 ft. or less)","Small
(several square yards)","Moderate
(10 - 20 ft.)","Simple
(mostly flat or smooth)",Rarely,Rarely,Rarely,Never
7/7/2026 20:07,7/7/2026 20:15,IP Address,100,467,TRUE,7/7/2026 20:15,R_5pmJKcORYTWyYvy,email,General,EN,1,,I agree,About once a week,5 - 9 years,"Fishing for fun, sport, or relaxation",,"A boat, kayak, or canoe",Excellent,Off,Off,Off,Off,Off,Off,Off,Off,Off,Off,Off,Off,Off,Off,Off,On,On,On,Off,Off,On,On,On,On,On,On,On,Off,Off,Off,Off,On,On,On,Off,Off,Off,On,On,On,On,Off,Off,On,On,On,On,On,Off,Off,On,Off,Off,On,On,Off,Off,Off,Off,Off,Off,Off,Off,Off,Off,Off,Off,Off,Off,Off,Off,Off,Off,Off,Off,Off,No,No,No,Yes,Yes,No,No,No,Rarely,Often,Always,Rarely,Rarely,Often,Always,Sometimes,Always,Rarely,Never,Rarely,Never,Never,,Neutral,Agree,Disagree,Somewhat agree,Somewhat disagree,Somewhat agree,Somewhat agree,Somewhat agree,Somewhat agree,Somewhat agree,Somewhat agree,5.06,7.51,5.01,5.81,2.44,No,25 - 34,Male,,33565,Hillsborough,,"$100,000 or more",50,Not sure,Not sure,Not sure,Not sure,Not sure,Not sure,Not sure,Not sure
7/7/2026 20:15,7/7/2026 20:21,IP Address,100,320,TRUE,7/7/2026 20:21,R_1iOsE5CWaZw6Lm4,email,General,EN,1,,I agree,About once a week,1 - 4 years,"Fishing for fun, sport, or relaxation,Fishing for your own food",,"A boat, kayak, or canoe",Excellent,Off,Off,Off,Off,Off,Off,Off,Off,Off,Off,Off,Off,Off,Off,Off,On,On,On,Off,Off,Off,On,On,On,Off,Off,Off,Off,On,On,On,Off,Off,Off,On,On,On,On,On,Off,Off,Off,On,On,On,On,On,On,On,On,On,On,Off,On,On,On,On,On,On,On,On,Off,Off,Off,Off,Off,Off,Off,Off,Off,Off,Off,Off,Off,Off,Off,Yes,No,No,No,Yes,Yes,No,No,Often,Often,Often,Often,Often,Often,Always,Always,Always,Rarely,Often,Often,Often,Sometimes,Flounder ,Supportive,Agree,Strongly disagree,Agree,Strongly disagree,Strongly agree,Somewhat agree,Somewhat agree,Somewhat agree,Somewhat agree,Somewhat agree,7.97,7.91,7.94,5.4,2.68,No,25 - 34,Male,,33803,Polk,,"$50,001 - $75,000",100,Not sure,Not sure,"Deep
(20 ft. or more)","Complex
(lots of holes, edges, and hiding spots)",Not sure,Not sure,Not sure,Not sure
7/7/2026 20:09,7/7/2026 20:23,IP Address,100,824,TRUE,7/7/2026 20:23,R_36rPmft2nq5QlBn,email,General,EN,0.8999999761581421,,I agree,About once a month,1 - 4 years,"Fishing for fun, sport, or relaxation,Fishing for your own food",,"The shoreline or bank of a water body,A fishing pier or boardwalk,A boat, kayak, or canoe",Good,Off,Off,Off,Off,Off,Off,Off,Off,Off,Off,Off,Off,Off,Off,Off,Off,Off,Off,Off,Off,Off,Off,Off,Off,Off,Off,Off,Off,Off,Off,Off,Off,Off,Off,Off,Off,Off,Off,Off,Off,Off,Off,Off,Off,Off,Off,Off,Off,Off,On,Off,Off,Off,On,Off,Off,On,Off,Off,Off,On,On,Off,Off,On,Off,Off,Off,Off,Off,Off,Off,Off,Off,Off,Off,Yes,No,No,No,Yes,No,Yes,Yes,Sometimes,Often,Often,Always,Often,Often,Sometimes,Sometimes,Sometimes,Sometimes,Sometimes,Often,Often,Sometimes,Pompano,Supportive,Strongly agree,Somewhat disagree,Somewhat agree,Disagree,Agree,Somewhat agree,Somewhat agree,Disagree,Agree,Somewhat disagree,1.8,4.75,6.83,6.08,4.75,No,55 - 64,Male,,33547,Hillsborough,,"$100,000 or more",400,"High
(5 ft. or more)","Medium
(less than 1 acre)","Deep
(20 ft. or more)",Not sure,Sometimes,Sometimes,Often,Not sure
7/7/2026 20:15,7/7/2026 20:23,IP Address,100,493,TRUE,7/7/2026 20:23,R_1oLy7kmWey0t5Uq,email,General,EN,1,,I agree,A few times,20 years or more,"Fishing for fun, sport, or relaxation",,The shoreline or bank of a water body,Good,On,Off,Off,Off,Off,Off,Off,Off,Off,Off,Off,On,Off,Off,Off,Off,Off,Off,Off,Off,Off,Off,Off,On,Off,Off,Off,Off,Off,Off,Off,Off,Off,Off,Off,Off,Off,Off,Off,Off,Off,Off,Off,Off,Off,Off,Off,Off,Off,Off,Off,Off,Off,Off,Off,Off,Off,Off,Off,Off,Off,Off,Off,Off,Off,Off,Off,Off,Off,Off,Off,Off,Off,Off,Off,Off,No,No,No,No,No,No,No,No,Never,Often,Often,Rarely,Rarely,Rarely,Often,Often,Often,Never,Never,Never,Never,Never,,Supportive,Agree,Disagree,Agree,Disagree,Agree,Agree,Disagree,Agree,Disagree,Agree,0.74,10,10,0,0,No,55 - 64,Male,,33613,Hillsborough,,"$25,001 - $50,000",30,Not sure,Not sure,Not sure,Not sure,Not sure,Not sure,Not sure,Not sure
7/7/2026 20:16,7/7/2026 20:23,IP Address,100,444,TRUE,7/7/2026 20:23,R_5FJ0dF9sQUPgAym,email,General,EN,0.8999999761581421,,I agree,About once a week,1 - 4 years,"Fishing for fun, sport, or relaxation",,"A boat, kayak, or canoe",Good,Off,Off,Off,On,On,On,Off,Off,On,On,On,On,On,On,Off,Off,On,On,On,On,Off,Off,On,Off,Off,On,Off,Off,Off,Off,On,On,On,Off,Off,Off,Off,Off,Off,Off,Off,Off,Off,Off,Off,Off,Off,Off,Off,Off,Off,Off,Off,Off,Off,Off,Off,Off,Off,Off,Off,Off,Off,Off,Off,Off,Off,Off,Off,Off,Off,Off,Off,Off,Off,Off,No,No,No,No,No,No,No,No,Never,Never,Never,Never,Never,Rarely,Rarely,Rarely,Rarely,Rarely,Sometimes,Sometimes,Sometimes,Sometimes,,Supportive,Somewhat disagree,Somewhat disagree,Somewhat agree,Agree,Somewhat agree,Disagree,Agree,Disagree,Agree,Disagree,3.43,5.13,0.6,7.61,5.49,No,45 - 54,Female,,33527,Hillsborough,,"$50,001 - $75,000",100,,,,,,,,
7/7/2026 20:16,7/7/2026 20:25,IP Address,100,526,TRUE,7/7/2026 20:25,R_3LbQReAP119MBIP,email,General,EN,1,,I agree,About once a week,20 years or more,"Fishing for fun, sport, or relaxation,Fishing for your own food",,"A boat, kayak, or canoe",Excellent,On,On,Off,Off,On,On,On,Off,Off,Off,Off,Off,Off,Off,Off,Off,Off,Off,Off,Off,Off,Off,Off,Off,Off,Off,Off,Off,Off,Off,Off,Off,Off,Off,Off,Off,Off,Off,Off,Off,Off,Off,Off,Off,Off,Off,Off,Off,Off,Off,Off,Off,Off,Off,Off,Off,Off,Off,Off,Off,Off,Off,Off,Off,Off,Off,Off,Off,Off,Off,Off,Off,Off,Off,Off,Off,No,Yes,No,No,Yes,No,No,No,Often,Sometimes,Often,Rarely,Rarely,Sometimes,Often,Often,Often,Never,Sometimes,Sometimes,Never,Never, ,Supportive,Agree,Disagree,Somewhat agree,Somewhat agree,Somewhat agree,Disagree,Agree,Somewhat agree,Somewhat agree,Disagree,5.02,5.06,5.23,5.2,10,No,25 - 34,Male,,33604,Hillsborough,,"$75,001 - $100,000",40,Not sure,"Medium
(less than 1 acre)","Shallow
(10 ft. or less)","Complex
(lots of holes, edges, and hiding spots)",Often,Never,Often,Never
7/7/2026 20:18,7/7/2026 20:27,IP Address,100,563,TRUE,7/7/2026 20:27,R_6eP0Nit643VUphJ,email,General,EN,1,,I agree,About once a month,5 - 9 years,"Fishing for fun, sport, or relaxation",,"A boat, kayak, or canoe",Good,Off,Off,Off,Off,Off,Off,Off,Off,Off,Off,Off,Off,Off,Off,Off,Off,Off,Off,Off,Off,Off,Off,Off,On,On,On,Off,Off,Off,Off,On,On,Off,Off,Off,On,On,Off,Off,Off,Off,Off,On,On,Off,Off,Off,Off,On,On,On,Off,Off,Off,Off,On,On,Off,On,On,On,On,Off,On,On,On,Off,Off,Off,Off,Off,Off,Off,Off,Off,Off,No,No,No,Yes,Yes,No,No,Yes,Often,Sometimes,Rarely,Often,Often,Often,Often,Never,Never,Never,Sometimes,Always,Always,Sometimes,Shark,Supportive,Somewhat agree,Strongly disagree,Agree,Strongly disagree,Strongly agree,Disagree,Agree,Agree,Agree,Somewhat disagree,4.89,6.79,8.25,9.2,10,No,45 - 54,Male,,33616,Hillsborough,,"$100,000 or more",250,"Moderate
(2 - 4 ft.)","Large
(1 acre or more)","Deep
(20 ft. or more)","Moderate
(some nooks and crannies)",Sometimes,Sometimes,Sometimes,Never
7/7/2026 20:16,7/7/2026 20:29,IP Address,100,757,TRUE,7/7/2026 20:29,R_1Jk0R5aC7GrA8Kl,email,General,EN,1,,I agree,About once a month,Less than a year,"Fishing for fun, sport, or relaxation",,"A boat, kayak, or canoe",Good,Off,Off,Off,Off,Off,Off,Off,Off,Off,Off,Off,Off,Off,Off,Off,Off,On,Off,Off,Off,Off,On,On,Off,Off,Off,Off,Off,Off,On,Off,Off,Off,Off,Off,Off,Off,Off,Off,On,Off,Off,Off,Off,Off,Off,On,Off,Off,Off,Off,Off,Off,On,Off,Off,Off,Off,Off,Off,Off,Off,Off,Off,Off,Off,Off,Off,Off,Off,Off,Off,Off,On,Off,Off,No,No,No,No,No,No,No,No,Sometimes,Often,Often,Sometimes,Sometimes,Sometimes,Always,Always,Always,Rarely,Sometimes,Sometimes,Rarely,Sometimes,Black drum,Supportive,Agree,Disagree,Agree,Disagree,Agree,Disagree,Agree,Agree,Agree,Disagree,4.99,8.71,6.67,0.82,10,No,45 - 54,Male,,34652,Pasco,,"$50,001 - $75,000",50,Not sure,Not sure,"Shallow
(10 ft. or less)",Not sure,Not sure,Not sure,Not sure,Not sure
7/7/2026 20:23,7/7/2026 20:31,IP Address,100,465,TRUE,7/7/2026 20:31,R_1qrsbskn3Z4GXeu,email,General,EN,1,,I agree,About once a month,20 years or more,"Fishing for fun, sport, or relaxation",,"A boat, kayak, or canoe",Excellent,Off,Off,Off,Off,Off,Off,Off,Off,Off,Off,Off,Off,Off,Off,Off,Off,Off,Off,Off,Off,Off,Off,Off,Off,Off,Off,Off,Off,Off,Off,Off,Off,Off,Off,Off,Off,Off,Off,Off,Off,Off,Off,Off,Off,Off,Off,Off,Off,Off,Off,Off,Off,Off,Off,Off,Off,Off,Off,Off,Off,On,On,Off,Off,Off,On,On,Off,On,On,On,On,Off,Off,Off,Off,No,No,No,No,No,No,No,No,Sometimes,Often,Often,Rarely,Rarely,Rarely,Sometimes,Sometimes,Sometimes,Rarely,Rarely,Rarely,Rarely,Never,,Supportive,Somewhat agree,Disagree,Somewhat agree,Strongly disagree,Somewhat agree,Somewhat agree,Strongly agree,Somewhat agree,Somewhat agree,Somewhat agree,2.75,8.56,8.24,0,9.99,No,55 - 64,Male,,34219,Manatee,,"$100,000 or more",200,Not sure,Not sure,"Shallow
(10 ft. or less)",Not sure,Sometimes,Rarely,Never,Never
7/7/2026 20:19,7/7/2026 20:31,IP Address,100,728,TRUE,7/7/2026 20:32,R_6IYnTHD08p8monq,email,General,EN,1,,I agree,Many times a week,10 - 19 years,"Fishing for fun, sport, or relaxation",,A fishing pier or boardwalk,Good,Off,Off,Off,Off,Off,Off,Off,Off,Off,Off,Off,Off,Off,Off,Off,Off,Off,Off,Off,Off,Off,Off,Off,Off,Off,Off,Off,Off,Off,Off,Off,Off,Off,Off,Off,Off,Off,Off,Off,Off,Off,Off,Off,Off,Off,Off,Off,Off,Off,Off,Off,Off,Off,Off,Off,Off,Off,Off,Off,Off,Off,Off,Off,On,Off,On,On,On,On,On,On,On,Off,Off,Off,Off,Yes,Yes,No,Yes,No,Yes,Yes,No,Sometimes,Sometimes,Sometimes,Never,Never,Always,Never,Never,Never,Never,Never,Never,Never,Never,,Supportive,Strongly agree,Strongly disagree,Strongly agree,Strongly disagree,Strongly agree,Strongly disagree,Strongly agree,Strongly disagree,Strongly agree,Strongly disagree,3.61,1.47,1.39,10,10,No,55 - 64,Female,,34207,Manatee,,"$25,000 or less",125,,,,,,,,
7/7/2026 20:29,7/7/2026 20:38,IP Address,100,517,TRUE,7/7/2026 20:38,R_7mpU3Cf0IPYVjah,email,General,EN,1,,I agree,Many times a week,5 - 9 years,"Fishing for fun, sport, or relaxation",,The shoreline or bank of a water body,Excellent,On,On,On,Off,Off,Off,Off,On,On,Off,Off,On,On,Off,Off,On,Off,On,On,Off,Off,On,Off,On,On,Off,Off,Off,On,Off,Off,Off,Off,Off,On,Off,Off,Off,Off,On,On,On,Off,Off,Off,Off,On,On,Off,Off,Off,Off,Off,On,Off,Off,Off,Off,Off,Off,Off,Off,Off,Off,Off,Off,Off,Off,Off,Off,Off,Off,On,On,On,On,Yes,Yes,Yes,Yes,No,No,No,No,Often,Often,Often,Sometimes,Rarely,Often,Sometimes,Sometimes,Sometimes,Always,Never,Never,Never,Sometimes,Jack cravele,Supportive,Somewhat agree,Disagree,Somewhat agree,Somewhat agree,Agree,Somewhat agree,Somewhat agree,Somewhat agree,Somewhat agree,Somewhat disagree,4.59,1.31,8.17,5.71,4.46,No,45 - 54,Male,,33619,Hillsborough,,"$100,000 or more",,"Moderate
(2 - 4 ft.)","Medium
(less than 1 acre)","Shallow
(10 ft. or less)","Moderate
(some nooks and crannies)",Not sure,Not sure,Not sure,Not sure
7/7/2026 20:22,7/7/2026 20:40,IP Address,100,1096,TRUE,7/7/2026 20:40,R_525VSXMCQBbv6mU,email,General,EN,1,,I agree,About once a month,20 years or more,Fishing for your own food,,"The shoreline or bank of a water body,A boat, kayak, or canoe",Good,Off,Off,Off,Off,Off,Off,Off,Off,Off,Off,Off,Off,Off,Off,Off,Off,Off,Off,Off,Off,Off,Off,On,On,Off,Off,Off,Off,Off,Off,Off,Off,Off,Off,Off,Off,Off,Off,Off,Off,Off,On,Off,Off,On,On,Off,Off,Off,Off,Off,Off,On,On,Off,Off,Off,Off,On,Off,On,Off,Off,On,Off,On,Off,On,Off,Off,Off,Off,Off,Off,Off,Off,No,No,No,Yes,Yes,No,No,No,Sometimes,Sometimes,Sometimes,Never,Sometimes,Sometimes,Rarely,Sometimes,Rarely,Never,Often,Often,Never,Often,mullet,Neutral,Agree,Disagree,Somewhat agree,Somewhat disagree,Disagree,Strongly disagree,Agree,Somewhat disagree,Agree,Strongly disagree,0,0,0,0,10,No,45 - 54,Male,,33606,Hillsborough,,"$75,001 - $100,000",100,"High
(5 ft. or more)","Medium
(less than 1 acre)","Moderate
(10 - 20 ft.)","Moderate
(some nooks and crannies)",Sometimes,Sometimes,Sometimes,Never
7/7/2026 20:32,7/7/2026 20:44,IP Address,100,718,TRUE,7/7/2026 20:44,R_50e0PQ1HIvnLPSq,email,General,EN,1,,I agree,Many times a week,20 years or more,"Fishing for fun, sport, or relaxation",,"A boat, kayak, or canoe",Excellent,Off,Off,Off,Off,Off,Off,Off,Off,Off,Off,Off,Off,Off,Off,Off,Off,Off,Off,Off,Off,Off,Off,Off,Off,Off,Off,Off,Off,Off,Off,Off,Off,Off,Off,Off,Off,On,Off,Off,On,On,Off,Off,On,On,Off,On,On,On,On,On,On,Off,On,On,On,On,On,On,On,On,On,On,On,On,On,On,On,On,Off,Off,Off,Off,Off,On,On,Yes,Yes,No,No,Yes,Yes,No,No,Sometimes,Often,Often,Sometimes,Sometimes,Sometimes,Often,Often,Often,Often,Rarely,Sometimes,Sometimes,Sometimes,Cobia,Supportive,Strongly agree,Somewhat disagree,Agree,Strongly disagree,Agree,Disagree,Strongly agree,Disagree,Agree,Strongly disagree,0.18,4.6,0.22,10,10,Yes,55 - 64,Male,,33712,Pinellas,,"$100,000 or more",100,"Moderate
(2 - 4 ft.)","Medium
(less than 1 acre)","Moderate
(10 - 20 ft.)","Complex
(lots of holes, edges, and hiding spots)",Sometimes,Rarely,Sometimes,Never
7/7/2026 20:30,7/7/2026 20:48,IP Address,100,1063,TRUE,7/7/2026 20:48,R_1fjGExrKzDyIEqv,email,General,EN,1,,I agree,A few times,5 - 9 years,"Fishing for fun, sport, or relaxation,Fishing for your own food",,"A boat, kayak, or canoe",Good,Off,Off,Off,Off,Off,Off,Off,Off,Off,Off,Off,Off,Off,Off,Off,Off,Off,Off,Off,Off,Off,Off,Off,Off,Off,Off,Off,Off,Off,Off,Off,Off,Off,Off,Off,Off,Off,Off,On,Off,Off,Off,Off,Off,On,Off,Off,Off,Off,Off,Off,Off,Off,On,On,Off,Off,Off,Off,Off,Off,On,Off,Off,Off,On,Off,Off,Off,Off,Off,Off,Off,Off,Off,Off,Yes,No,No,Yes,No,Yes,No,Yes,Rarely,Often,Often,Rarely,Rarely,Sometimes,Sometimes,Often,Sometimes,Never,Sometimes,Sometimes,Rarely,Never,,Neutral,Somewhat disagree,Disagree,Agree,Somewhat disagree,Agree,Somewhat disagree,Somewhat agree,Somewhat agree,Somewhat agree,Somewhat agree,4.92,9.08,5.87,5.71,5.34,No,45 - 54,Male,,33579,Hillsborough,,"$100,000 or more",40,"Moderate
(2 - 4 ft.)","Medium
(less than 1 acre)","Shallow
(10 ft. or less)","Moderate
(some nooks and crannies)",Sometimes,Rarely,Sometimes,Never
7/7/2026 19:37,7/7/2026 20:57,IP Address,100,4804,TRUE,7/7/2026 20:57,R_3SHr12O2D1Fr7kK,email,General,EN,1,,I agree,About once a month,20 years or more,"Fishing for fun, sport, or relaxation",,"The shoreline or bank of a water body,A fishing pier or boardwalk,A boat, kayak, or canoe",Excellent,Off,Off,Off,Off,Off,Off,Off,Off,Off,On,On,On,Off,Off,Off,On,On,On,On,On,Off,On,On,On,Off,On,Off,Off,On,On,On,On,On,Off,On,On,On,On,Off,On,On,On,On,On,Off,Off,On,On,On,On,Off,Off,Off,On,On,On,Off,Off,On,On,On,Off,Off,On,On,Off,Off,Off,Off,Off,Off,Off,Off,Off,On,On,Yes,Yes,Yes,Yes,Yes,Yes,Yes,Yes,Rarely,Always,Always,Sometimes,Sometimes,Often,Always,Often,Always,Sometimes,Sometimes,Often,Often,Sometimes,"Cobia, Triple Tail, Kingfish, Spanish Mackerel, Black Drum, Jack Crevalle",Supportive,Strongly agree,Disagree,Agree,Strongly disagree,Strongly agree,Somewhat disagree,Agree,Somewhat disagree,Agree,Somewhat disagree,3.08,9.93,10,7.64,4.71,No,35 - 44,Male,,33611,Hillsborough,,"$100,000 or more",500,Not sure,"Medium
(less than 1 acre)","Moderate
(10 - 20 ft.)","Moderate
(some nooks and crannies)",Sometimes,Rarely,Sometimes,Not sure
7/7/2026 20:59,7/7/2026 21:05,IP Address,100,380,TRUE,7/7/2026 21:05,R_7f3oy6ANIl067Wd,email,General,EN,1,,I agree,About once a month,1 - 4 years,"Fishing for fun, sport, or relaxation,Fishing for your own food",,"A fishing pier or boardwalk,A boat, kayak, or canoe",Excellent,Off,Off,Off,Off,Off,Off,Off,Off,Off,Off,Off,Off,Off,Off,Off,Off,Off,Off,Off,Off,Off,Off,Off,Off,Off,Off,Off,Off,Off,Off,Off,Off,Off,Off,Off,Off,Off,Off,Off,Off,On,Off,Off,Off,On,Off,Off,On,Off,Off,On,Off,Off,Off,On,On,Off,Off,On,On,On,Off,Off,On,On,Off,Off,Off,Off,Off,Off,Off,On,On,Off,Off,Yes,Yes,No,Yes,No,Yes,No,Yes,Rarely,Sometimes,Sometimes,Often,Often,Often,Rarely,Often,Rarely,Sometimes,Sometimes,Always,Always,Sometimes,,Supportive,Agree,Disagree,Agree,Disagree,Strongly agree,Disagree,Agree,Agree,Agree,Disagree,5.18,5.19,9.92,10,9.99,No,35 - 44,Male,,33812,Polk,,"$100,000 or more",300,"Moderate
(2 - 4 ft.)","Medium
(less than 1 acre)","Deep
(20 ft. or more)","Moderate
(some nooks and crannies)",Sometimes,Never,Sometimes,Not sure
7/7/2026 21:01,7/7/2026 21:08,IP Address,100,433,TRUE,7/7/2026 21:08,R_1od0pKt79JQDEib,email,General,EN,1,,I agree,About once a month,1 - 4 years,"Fishing for fun, sport, or relaxation",,"A boat, kayak, or canoe",Fair,On,On,Off,On,Off,Off,Off,On,On,Off,Off,On,On,On,On,Off,Off,On,On,On,On,Off,Off,On,On,On,On,Off,Off,Off,On,On,On,On,On,Off,Off,On,On,On,On,On,Off,Off,On,On,On,On,On,On,On,On,Off,On,On,On,On,On,Off,Off,Off,On,Off,Off,Off,Off,On,Off,Off,Off,Off,Off,Off,On,On,On,Yes,No,No,Yes,Yes,No,No,No,Often,Often,Often,Sometimes,Sometimes,Sometimes,Often,Often,Often,Rarely,Rarely,Sometimes,Rarely,Rarely,Ladyfish,Supportive,Agree,Disagree,Somewhat agree,Disagree,Somewhat agree,Somewhat agree,Somewhat disagree,Disagree,Somewhat disagree,Somewhat agree,4.81,8.86,4.16,3.97,1.39,No,55 - 64,Male,,33803,Polk,,"$100,000 or more",250,"Moderate
(2 - 4 ft.)","Medium
(less than 1 acre)","Moderate
(10 - 20 ft.)",Not sure,Not sure,Sometimes,Sometimes,Not sure
7/7/2026 21:00,7/7/2026 21:10,IP Address,100,619,TRUE,7/7/2026 21:10,R_1RK00iTjvi6L0Qh,email,General,EN,1,,I agree,Many times a week,20 years or more,Something else:,Clam farming,"A boat, kayak, or canoe",Excellent,Off,Off,Off,Off,Off,Off,Off,Off,Off,Off,Off,Off,Off,Off,Off,Off,Off,Off,Off,Off,Off,Off,Off,Off,Off,Off,Off,Off,Off,Off,Off,Off,Off,Off,Off,Off,Off,Off,Off,Off,Off,Off,Off,On,Off,Off,Off,Off,Off,On,On,Off,Off,Off,Off,On,On,On,On,Off,On,On,Off,Off,Off,On,Off,Off,Off,Off,Off,Off,Off,Off,Off,Off,Yes,Yes,Yes,Yes,No,Yes,No,Yes,Sometimes,Often,Often,Often,Rarely,Sometimes,Sometimes,Sometimes,Often,Sometimes,Rarely,Sometimes,Often,Rarely,Sharks,Supportive,Strongly agree,Disagree,Agree,Disagree,Agree,Somewhat disagree,Somewhat agree,Disagree,Somewhat agree,Somewhat disagree,3.05,7.5,5.83,7.99,10,No,35 - 44,Male,,34221,Manatee,,"$50,001 - $75,000",200,"Moderate
(2 - 4 ft.)","Medium
(less than 1 acre)","Moderate
(10 - 20 ft.)","Moderate
(some nooks and crannies)",Often,Rarely,Sometimes,Rarely
7/7/2026 20:21,7/7/2026 21:10,IP Address,100,2931,TRUE,7/7/2026 21:10,R_7fiLDHEmS22IRF2,email,General,EN,1,,I agree,A few times,1 - 4 years,"Fishing for fun, sport, or relaxation,Fishing for your own food,Something else:",To learn more,"The shoreline or bank of a water body,A fishing pier or boardwalk",Good,On,On,On,On,Off,Off,Off,Off,On,Off,Off,On,On,On,On,On,On,Off,Off,Off,On,Off,Off,Off,Off,Off,On,Off,Off,Off,Off,Off,Off,On,Off,Off,Off,Off,Off,Off,Off,Off,Off,Off,Off,Off,On,On,Off,Off,Off,Off,Off,Off,Off,Off,Off,Off,Off,Off,Off,On,Off,Off,Off,Off,Off,Off,Off,Off,Off,Off,On,On,Off,Off,Yes,Yes,Yes,Yes,No,Yes,Yes,No,Never,Rarely,Often,Sometimes,Always,Always,Rarely,Rarely,Often,Never,Rarely,Always,Never,Always,Flounder,Supportive,Somewhat agree,Agree,Somewhat agree,Somewhat agree,Somewhat disagree,Strongly disagree,Strongly agree,Strongly disagree,Strongly agree,Strongly disagree,0,0,10,0,10,No,45 - 54,Female,,34639,Pasco,,"$25,000 or less",200,Not sure,"Medium
(less than 1 acre)","Shallow
(10 ft. or less)","Complex
(lots of holes, edges, and hiding spots)",Often,Sometimes,Always,Rarely
7/7/2026 21:05,7/7/2026 21:12,IP Address,100,456,TRUE,7/7/2026 21:12,R_6LIaKRwwIFbixFv,email,General,EN,1,,I agree,About once a month,10 - 19 years,"Fishing for fun, sport, or relaxation,Fishing for your own food",,"The shoreline or bank of a water body,A boat, kayak, or canoe",Excellent,On,On,Off,Off,Off,Off,Off,Off,Off,Off,Off,Off,Off,Off,Off,Off,Off,Off,Off,Off,Off,Off,Off,Off,Off,Off,Off,Off,Off,Off,Off,Off,Off,Off,Off,Off,Off,Off,Off,Off,Off,Off,Off,Off,Off,Off,Off,Off,Off,Off,Off,Off,Off,Off,Off,Off,Off,Off,Off,Off,Off,Off,Off,Off,Off,Off,Off,Off,Off,Off,Off,Off,On,On,Off,Off,Yes,Yes,No,Yes,Yes,Yes,No,Yes,Sometimes,Often,Often,Rarely,Never,Sometimes,Always,Always,Always,Sometimes,Sometimes,Rarely,Never,Never,,Supportive,Strongly agree,Disagree,Agree,Disagree,Agree,Strongly disagree,Strongly agree,Strongly disagree,Strongly agree,Strongly disagree,0.92,7.39,1.15,9.81,10,No,55 - 64,Male,,33635,Hillsborough,,,,,,,,,,,
7/7/2026 21:03,7/7/2026 21:14,IP Address,100,610,TRUE,7/7/2026 21:14,R_393RpHC2CCYwsPf,email,General,EN,1,,I agree,A few times,10 - 19 years,"Fishing for fun, sport, or relaxation",,"A boat, kayak, or canoe",Excellent,On,On,On,On,On,On,On,On,On,On,On,On,Off,Off,Off,On,On,On,Off,Off,Off,On,On,On,Off,Off,Off,Off,Off,On,On,Off,Off,Off,On,On,On,On,On,On,On,On,On,On,On,Off,On,On,On,On,On,Off,Off,On,On,On,On,On,On,On,On,On,Off,On,On,On,On,On,On,On,On,On,On,On,On,On,Yes,Yes,Yes,Yes,Yes,Yes,Yes,Yes,Sometimes,Always,Always,Always,Often,Often,Always,Often,Always,Sometimes,Always,Always,Always,Always,Flounder,Supportive,Somewhat agree,Agree,Somewhat agree,Agree,Somewhat agree,Somewhat disagree,Agree,Somewhat disagree,Agree,Disagree,3.32,8.29,4.59,8.52,5.28,No,35 - 44,Female,,33716,Pinellas,,"$75,001 - $100,000",2000,Not sure,"Medium
(less than 1 acre)","Moderate
(10 - 20 ft.)","Complex
(lots of holes, edges, and hiding spots)",Sometimes,Sometimes,Often,Not sure
7/7/2026 20:59,7/7/2026 21:16,IP Address,100,1057,TRUE,7/7/2026 21:16,R_7Jb0y2ZHTr4QspW,email,General,EN,1,,I agree,About once a week,1 - 4 years,"Fishing for fun, sport, or relaxation,Fishing for your own food",,"The shoreline or bank of a water body,A fishing pier or boardwalk",Good,On,On,On,On,Off,Off,On,On,Off,Off,Off,Off,Off,Off,Off,On,Off,On,Off,On,On,Off,Off,Off,Off,Off,On,Off,Off,Off,Off,Off,Off,Off,Off,Off,Off,Off,Off,On,On,Off,Off,Off,Off,Off,On,On,Off,Off,Off,Off,Off,On,On,Off,Off,Off,Off,Off,On,On,Off,Off,Off,Off,Off,Off,Off,Off,Off,Off,On,On,On,On,Yes,Yes,Yes,Yes,No,Yes,No,No,Rarely,Often,Often,Rarely,Rarely,Sometimes,Often,Often,Often,Never,Sometimes,Sometimes,Sometimes,Sometimes,Mackerel ,Supportive,Agree,Disagree,Agree,Disagree,Agree,Somewhat agree,Disagree,Agree,Disagree,Agree,6.09,7.06,4.82,2.29,1.28,Yes,45 - 54,Male,,33544,Pasco,,"$50,001 - $75,000",40,"Moderate
(2 - 4 ft.)","Small
(several square yards)","Moderate
(10 - 20 ft.)","Moderate
(some nooks and crannies)",Sometimes,Sometimes,Rarely,Rarely
7/7/2026 21:12,7/7/2026 21:19,IP Address,100,429,TRUE,7/7/2026 21:19,R_7SyNvhwbAIQwfNT,email,General,EN,1,,I agree,A few times,20 years or more,"Fishing for fun, sport, or relaxation",,"A boat, kayak, or canoe",Excellent,Off,Off,Off,Off,Off,Off,Off,Off,Off,Off,Off,Off,Off,Off,Off,Off,Off,Off,Off,Off,Off,Off,Off,Off,Off,Off,Off,Off,Off,Off,Off,Off,Off,Off,Off,Off,Off,Off,Off,Off,Off,Off,Off,Off,Off,Off,Off,Off,Off,Off,Off,Off,Off,Off,Off,Off,Off,Off,Off,Off,Off,Off,Off,Off,On,On,Off,On,On,Off,Off,Off,Off,Off,Off,Off,No,Yes,Yes,Yes,Yes,Yes,Yes,Yes,Rarely,Often,Sometimes,Never,Never,Rarely,Sometimes,Often,Often,Rarely,Often,Often,Never,Never,,Supportive,Somewhat agree,Somewhat disagree,Agree,Disagree,Somewhat disagree,Strongly disagree,Agree,Strongly disagree,Strongly agree,Disagree,10,5,7.25,9.16,6.56,No,35 - 44,Male,,34240,Sarasota,,"$100,000 or more",100,,,,,,,,
7/7/2026 21:12,7/7/2026 21:20,IP Address,100,454,TRUE,7/7/2026 21:20,R_14ObwQliLBv2UTT,email,General,EN,1,,I agree,Many times a week,20 years or more,"Fishing for fun, sport, or relaxation,Providing chartered fishing trips for other people to fish",,"A boat, kayak, or canoe",Excellent,On,On,Off,On,On,On,Off,Off,On,Off,On,Off,On,On,Off,On,Off,On,On,Off,On,Off,On,Off,Off,Off,On,Off,Off,On,Off,Off,On,On,On,Off,Off,On,On,On,On,On,Off,On,On,Off,On,Off,Off,On,On,On,Off,On,On,Off,On,Off,On,Off,On,On,On,On,Off,Off,On,Off,Off,Off,Off,Off,Off,Off,Off,Off,No,No,No,No,Yes,Yes,Yes,No,Often,Always,Always,Often,Sometimes,Often,Often,Often,Often,Often,Sometimes,Often,Rarely,Sometimes,Tripletail,Supportive,Somewhat agree,Disagree,Agree,Somewhat disagree,Agree,Somewhat disagree,Somewhat agree,Somewhat agree,Somewhat agree,Somewhat disagree,4.96,5.23,5.57,5.6,8.88,No,35 - 44,Male,,33572,Hillsborough,,"$100,000 or more",50,"Moderate
(2 - 4 ft.)","Large
(1 acre or more)","Moderate
(10 - 20 ft.)","Moderate
(some nooks and crannies)",Sometimes,Sometimes,Often,Not sure
7/7/2026 20:54,7/7/2026 21:24,IP Address,100,1783,TRUE,7/7/2026 21:24,R_65YxS6zukVQ52mZ,email,General,EN,1,,I agree,About once a week,10 - 19 years,"Fishing for fun, sport, or relaxation",,"A boat, kayak, or canoe",Good,Off,Off,Off,Off,Off,Off,Off,Off,Off,Off,Off,Off,Off,Off,Off,Off,Off,Off,Off,Off,Off,Off,Off,Off,Off,Off,Off,Off,Off,Off,Off,Off,On,Off,Off,Off,Off,Off,On,Off,Off,Off,Off,Off,On,Off,Off,Off,Off,Off,On,On,Off,On,On,Off,On,On,Off,Off,Off,Off,On,Off,Off,Off,Off,Off,Off,Off,Off,Off,Off,Off,Off,Off,Yes,Yes,Yes,Yes,Yes,Yes,No,No,Rarely,Sometimes,Often,Never,Never,Sometimes,Often,Often,Often,Rarely,Sometimes,Rarely,Never,Rarely,Flounder,Neutral,Somewhat agree,Somewhat disagree,Somewhat agree,Disagree,Somewhat agree,Somewhat disagree,Somewhat agree,Somewhat agree,Somewhat agree,Somewhat disagree,3.01,5.19,4.93,7.72,6.72,No,45 - 54,Male,,33527,Hillsborough,,"$100,000 or more",30,,,,,,,,
7/7/2026 21:14,7/7/2026 21:26,IP Address,100,713,TRUE,7/7/2026 21:26,R_316upLXHoK0Ef4N,email,General,EN,1,,I agree,About once a week,20 years or more,"Fishing for fun, sport, or relaxation,Fishing for your own food",,"The shoreline or bank of a water body,A fishing pier or boardwalk",Excellent,Off,Off,Off,Off,Off,Off,Off,Off,Off,Off,Off,Off,Off,Off,Off,Off,Off,Off,Off,Off,Off,Off,Off,Off,Off,Off,Off,Off,Off,On,Off,Off,Off,Off,Off,Off,Off,Off,Off,On,Off,Off,Off,Off,Off,Off,Off,On,Off,Off,Off,Off,Off,On,On,Off,Off,Off,Off,Off,On,On,Off,Off,Off,Off,Off,Off,Off,Off,Off,Off,Off,Off,On,Off,Yes,Yes,No,Yes,Yes,Yes,No,Yes,Never,Often,Always,Often,Sometimes,Always,Often,Always,Often,Rarely,Often,Sometimes,Sometimes,Always,"whiting, blue runner, mackerel",Neutral,Agree,Somewhat disagree,Somewhat agree,Somewhat disagree,Somewhat agree,Somewhat agree,Somewhat disagree,Somewhat disagree,Somewhat disagree,Somewhat agree,4.99,5.87,6.1,5.1,5.04,No,55 - 64,Male,,33713,Pinellas,,"$75,001 - $100,000",50,Not sure,Not sure,Not sure,"Moderate
(some nooks and crannies)",Often,Sometimes,Often,Sometimes
7/7/2026 21:19,7/7/2026 21:43,IP Address,100,1482,TRUE,7/7/2026 21:43,R_7nPJ5fQVbABYNEE,email,General,EN,1,,I agree,About once a week,20 years or more,"Fishing for your own food,Fishing for food to sell,Providing chartered fishing trips for other people to fish",,"The shoreline or bank of a water body,A fishing pier or boardwalk",Good,Off,Off,Off,Off,Off,Off,Off,Off,Off,Off,Off,Off,Off,Off,Off,Off,Off,Off,Off,Off,Off,Off,Off,Off,Off,Off,Off,Off,Off,Off,Off,Off,Off,Off,Off,Off,Off,Off,Off,On,Off,Off,Off,Off,Off,Off,On,On,Off,Off,Off,Off,Off,On,Off,Off,Off,Off,On,Off,Off,Off,Off,On,Off,Off,Off,On,On,On,On,On,On,On,On,On,No,No,No,No,Yes,Yes,Yes,Yes,Always,Often,Sometimes,Often,Often,Often,Sometimes,Sometimes,Sometimes,Sometimes,Sometimes,Often,Often,Often,,Supportive,Strongly agree,Agree,Agree,Strongly agree,Strongly disagree,Somewhat agree,Disagree,Agree,Disagree,Agree,8.92,1.44,0.01,1.32,3.31,No,45 - 54,Female,,33810,Polk,,"$25,001 - $50,000",200,"High
(5 ft. or more)","Medium
(less than 1 acre)","Moderate
(10 - 20 ft.)",Not sure,Sometimes,Sometimes,Never,Never
7/7/2026 21:39,7/7/2026 21:48,IP Address,100,574,TRUE,7/7/2026 21:48,R_7AkXleRYhxQTGtX,email,General,EN,1,,I agree,About once a month,20 years or more,"Fishing for fun, sport, or relaxation",,"A boat, kayak, or canoe",Good,Off,Off,Off,Off,Off,Off,Off,Off,On,On,Off,Off,Off,Off,Off,Off,Off,Off,Off,Off,Off,Off,On,Off,Off,Off,On,Off,Off,Off,Off,Off,Off,Off,Off,Off,Off,On,On,Off,Off,Off,Off,Off,On,Off,Off,Off,Off,Off,On,Off,Off,Off,On,On,On,Off,On,Off,On,Off,Off,On,Off,Off,Off,Off,Off,Off,Off,Off,Off,Off,Off,Off,Yes,Yes,No,Yes,No,No,No,Yes,Often,Often,Often,Sometimes,Rarely,Sometimes,Sometimes,Often,Often,Rarely,Never,Sometimes,Rarely,Sometimes,Mackerel,Supportive,Somewhat agree,Strongly disagree,Strongly agree,Strongly disagree,Strongly agree,Somewhat agree,Disagree,Agree,Disagree,Agree,0.6,9.34,3.61,1.37,0.58,No,45 - 54,Male,,33547,Hillsborough,,"$100,000 or more",175,Not sure,Not sure,"Moderate
(10 - 20 ft.)","Moderate
(some nooks and crannies)",Sometimes,Rarely,Sometimes,Never
7/7/2026 21:42,7/7/2026 21:50,IP Address,100,478,TRUE,7/7/2026 21:50,R_3ptf0r4PxPsS0Ta,email,General,EN,1,,I agree,About once a month,20 years or more,"Fishing for fun, sport, or relaxation,Fishing for your own food",,"A boat, kayak, or canoe",Excellent,Off,Off,Off,Off,Off,Off,Off,Off,Off,Off,Off,Off,Off,Off,Off,Off,Off,Off,Off,Off,Off,Off,Off,Off,Off,Off,Off,Off,Off,Off,Off,Off,Off,Off,Off,Off,On,Off,Off,Off,Off,Off,Off,On,On,Off,On,Off,Off,Off,On,Off,Off,Off,On,Off,On,Off,Off,Off,On,On,Off,Off,Off,Off,Off,Off,Off,Off,Off,Off,Off,Off,Off,Off,No,No,No,No,No,No,No,Yes,Sometimes,Often,Often,Often,Often,Often,Always,Often,Always,Often,Sometimes,Often,Sometimes,Never,,Supportive,Agree,Disagree,Somewhat disagree,Disagree,Agree,Strongly disagree,Strongly agree,Strongly disagree,Strongly agree,Strongly disagree,0,0,0,10,10,No,35 - 44,Male,,33612,Hillsborough,,"$100,000 or more",250,"Moderate
(2 - 4 ft.)","Medium
(less than 1 acre)","Moderate
(10 - 20 ft.)","Complex
(lots of holes, edges, and hiding spots)",Often,Rarely,Often,Not sure
7/7/2026 21:55,7/7/2026 21:59,IP Address,100,269,TRUE,7/7/2026 21:59,R_3P4xIAoDFhckawI,email,General,EN,1,,I agree,About once a month,20 years or more,"Fishing for fun, sport, or relaxation",,"The shoreline or bank of a water body,A fishing pier or boardwalk,A boat, kayak, or canoe",Good,Off,Off,Off,Off,Off,Off,Off,Off,Off,Off,Off,Off,Off,Off,Off,On,Off,Off,Off,Off,Off,Off,Off,Off,Off,Off,Off,Off,Off,Off,Off,Off,Off,Off,Off,Off,Off,Off,Off,Off,Off,Off,Off,Off,Off,Off,On,On,Off,Off,Off,Off,Off,On,On,Off,Off,Off,Off,On,Off,Off,Off,Off,Off,Off,Off,Off,Off,Off,Off,Off,Off,On,On,On,No,No,No,No,Yes,Yes,Yes,No,Sometimes,Sometimes,Sometimes,Rarely,Rarely,Sometimes,Often,Sometimes,Often,Sometimes,Sometimes,Rarely,Rarely,Often,Bass,Supportive,Somewhat agree,Disagree,Agree,Disagree,Somewhat agree,Somewhat disagree,Somewhat agree,Somewhat disagree,Somewhat disagree,Somewhat disagree,0,7.3,9.84,3.35,5.3,No,35 - 44,Male,,33710,Pinellas,,"$100,000 or more",100,"High
(5 ft. or more)","Medium
(less than 1 acre)","Moderate
(10 - 20 ft.)","Moderate
(some nooks and crannies)",Sometimes,Sometimes,Sometimes,Not sure
7/7/2026 21:45,7/7/2026 22:00,IP Address,100,921,TRUE,7/7/2026 22:00,R_3tm6fK1puqiiOfi,email,General,EN,1,,I agree,About once a month,5 - 9 years,"Fishing for fun, sport, or relaxation,Providing chartered fishing trips for other people to fish",,"The shoreline or bank of a water body,A fishing pier or boardwalk,A boat, kayak, or canoe",Good,Off,Off,Off,Off,Off,Off,Off,Off,Off,Off,Off,Off,On,Off,Off,Off,Off,Off,On,On,On,Off,On,Off,On,On,On,Off,Off,On,Off,On,On,On,Off,Off,Off,On,On,Off,Off,Off,Off,On,On,Off,Off,Off,Off,On,On,Off,Off,Off,On,On,On,Off,Off,On,On,On,Off,Off,Off,Off,Off,Off,Off,Off,Off,Off,Off,On,On,On,No,No,Yes,Yes,No,No,Yes,Yes,Often,Often,Often,Rarely,Sometimes,Sometimes,Often,Often,Sometimes,Rarely,Sometimes,Often,Rarely,Sometimes,Jask,Opposed,Somewhat agree,Somewhat disagree,Somewhat disagree,Disagree,Agree,Disagree,Agree,Disagree,Agree,Disagree,0.39,6.02,0.29,3.79,10,No,55 - 64,Male,,33710,Pinellas,,"$25,001 - $50,000",,"Moderate
(2 - 4 ft.)","Medium
(less than 1 acre)","Shallow
(10 ft. or less)","Moderate
(some nooks and crannies)",Often,Often,Often,Not sure
7/7/2026 22:00,7/7/2026 22:06,IP Address,100,361,TRUE,7/7/2026 22:06,R_1BiaCHj0oT6uY4p,email,General,EN,1,,I agree,About once a month,1 - 4 years,"Fishing for fun, sport, or relaxation",,"The shoreline or bank of a water body,A fishing pier or boardwalk",Good,Off,Off,Off,Off,Off,Off,Off,Off,Off,Off,Off,On,On,On,On,Off,On,Off,Off,Off,Off,On,On,Off,Off,Off,Off,Off,Off,Off,Off,Off,Off,Off,Off,Off,Off,Off,Off,On,Off,Off,Off,Off,Off,Off,On,Off,Off,Off,Off,Off,Off,On,Off,Off,Off,Off,Off,Off,Off,Off,Off,Off,Off,Off,Off,Off,Off,Off,Off,Off,On,Off,Off,Off,Yes,Yes,No,Yes,No,No,No,No,Rarely,Often,Sometimes,Rarely,Often,Often,Rarely,Often,Sometimes,Never,Rarely,Sometimes,Never,Never,,Supportive,Somewhat agree,Disagree,Agree,Disagree,Agree,Somewhat agree,Somewhat agree,Agree,Somewhat disagree,Somewhat agree,9.25,8.01,3.94,5.29,2.29,No,18 - 24,Male,,33637,Hillsborough,,"$50,001 - $75,000",40,"Moderate
(2 - 4 ft.)","Medium
(less than 1 acre)","Shallow
(10 ft. or less)","Moderate
(some nooks and crannies)",Often,Not sure,Often,Never
7/7/2026 21:59,7/7/2026 22:12,IP Address,100,784,TRUE,7/7/2026 22:12,R_72XkFtCbGyjlBaF,email,General,EN,1,,I agree,A few times,10 - 19 years,"Fishing for fun, sport, or relaxation",,"The shoreline or bank of a water body,A fishing pier or boardwalk,A boat, kayak, or canoe",Good,Off,Off,Off,Off,Off,Off,Off,Off,Off,Off,Off,Off,Off,Off,Off,Off,Off,Off,Off,Off,Off,Off,Off,Off,Off,Off,Off,Off,Off,Off,Off,Off,Off,Off,Off,Off,Off,Off,Off,Off,Off,Off,Off,Off,Off,Off,Off,Off,Off,Off,Off,Off,Off,Off,Off,Off,Off,Off,On,Off,Off,On,Off,On,On,On,On,On,Off,Off,On,On,Off,Off,Off,Off,Yes,Yes,Yes,Yes,Yes,Yes,Yes,No,Sometimes,Sometimes,Always,Rarely,Sometimes,Sometimes,Sometimes,Often,Often,Rarely,Sometimes,Sometimes,Sometimes,Rarely,Bluefish,Supportive,Somewhat agree,Somewhat agree,Somewhat agree,Somewhat agree,Somewhat disagree,Somewhat disagree,Somewhat agree,Somewhat agree,Somewhat agree,Disagree,1,6.06,6.27,3.51,8.06,No,55 - 64,Male,,34221,Manatee,,"$75,001 - $100,000",125,"Moderate
(2 - 4 ft.)","Small
(several square yards)","Shallow
(10 ft. or less)",Not sure,Sometimes,Not sure,Sometimes,Never
7/7/2026 22:23,7/7/2026 22:36,IP Address,100,782,TRUE,7/7/2026 22:36,R_3fj1eZ5QUfZlDN2,email,General,EN,1,,I agree,About once a month,20 years or more,"Fishing for fun, sport, or relaxation,Fishing for your own food",,"A fishing pier or boardwalk,A boat, kayak, or canoe",Excellent,Off,Off,Off,Off,Off,Off,Off,Off,Off,Off,Off,Off,Off,Off,Off,Off,Off,Off,Off,Off,Off,Off,Off,Off,Off,Off,Off,Off,Off,Off,Off,Off,On,Off,Off,Off,Off,On,Off,Off,Off,Off,Off,On,On,Off,Off,On,Off,On,On,Off,Off,Off,On,On,Off,Off,Off,Off,On,On,Off,Off,Off,Off,Off,Off,Off,Off,Off,Off,Off,Off,Off,Off,No,Yes,No,No,Yes,Yes,Yes,Yes,Sometimes,Often,Often,Often,Sometimes,Often,Often,Often,Rarely,Sometimes,Often,Sometimes,Sometimes,Never,,Supportive,Agree,Somewhat disagree,Agree,Somewhat disagree,Agree,Somewhat disagree,Agree,Somewhat disagree,Agree,Disagree,1.49,4.92,0,9.63,10,No,45 - 54,Male,,33565,Hillsborough,,"$25,001 - $50,000",150,"Moderate
(2 - 4 ft.)","Medium
(less than 1 acre)","Deep
(20 ft. or more)","Complex
(lots of holes, edges, and hiding spots)",Often,Not sure,Sometimes,Not sure
7/7/2026 22:35,7/7/2026 22:46,IP Address,100,619,TRUE,7/7/2026 22:46,R_3qam0442Ldk5ggh,email,General,EN,1,,I agree,About once a month,10 - 19 years,"Fishing for fun, sport, or relaxation",,"The shoreline or bank of a water body,A fishing pier or boardwalk",Good,Off,Off,Off,Off,Off,Off,Off,Off,Off,Off,Off,Off,Off,Off,Off,Off,Off,Off,Off,Off,Off,Off,Off,Off,Off,Off,Off,Off,Off,Off,Off,Off,Off,Off,Off,Off,Off,Off,Off,Off,Off,Off,Off,Off,Off,Off,On,On,Off,Off,On,Off,Off,On,Off,Off,On,On,Off,Off,Off,On,Off,Off,Off,On,On,Off,Off,On,Off,Off,Off,Off,Off,Off,No,No,No,No,Yes,No,Yes,Yes,Often,Often,Often,Sometimes,Sometimes,Often,Sometimes,Sometimes,Sometimes,Rarely,Sometimes,Sometimes,Sometimes,Never,Mullet,Supportive,Agree,Disagree,Somewhat disagree,Disagree,Agree,Disagree,Agree,Somewhat disagree,Somewhat agree,Disagree,3.26,8.75,2.52,9.35,9.26,No,55 - 64,Male,,34221,Manatee,,"$100,000 or more",100,"High
(5 ft. or more)","Large
(1 acre or more)","Deep
(20 ft. or more)","Complex
(lots of holes, edges, and hiding spots)",Often,Sometimes,Often,Not sure
7/7/2026 23:00,7/7/2026 23:06,IP Address,100,365,TRUE,7/7/2026 23:06,R_3gOw50VFVQqAJ8K,email,General,EN,1,,I agree,A few times,20 years or more,"Fishing for fun, sport, or relaxation",,"The shoreline or bank of a water body,A fishing pier or boardwalk",Fair,Off,Off,Off,Off,Off,Off,Off,Off,Off,Off,Off,On,Off,Off,Off,On,Off,On,Off,Off,Off,Off,Off,Off,Off,Off,Off,Off,Off,Off,Off,Off,Off,Off,Off,Off,Off,Off,Off,On,On,Off,Off,Off,Off,Off,On,On,Off,Off,Off,Off,Off,Off,Off,Off,Off,Off,Off,Off,On,On,Off,Off,Off,Off,Off,Off,Off,Off,Off,Off,On,On,On,On,Yes,No,No,No,Yes,No,Yes,No,Never,Never,Sometimes,Never,Often,Often,Never,Sometimes,Rarely,Rarely,Often,Often,Often,Never,,Supportive,Agree,Disagree,Agree,Somewhat agree,Somewhat agree,Somewhat agree,Strongly agree,Somewhat agree,Agree,Somewhat disagree,3.89,6.2,3.83,6.2,8.73,No,35 - 44,Male,,33812,Polk,,"$50,001 - $75,000",100,"Moderate
(2 - 4 ft.)","Medium
(less than 1 acre)","Moderate
(10 - 20 ft.)","Complex
(lots of holes, edges, and hiding spots)",Often,Never,Often,Never
7/7/2026 23:05,7/7/2026 23:14,IP Address,100,526,TRUE,7/7/2026 23:14,R_5FDRiqWQABFZS2R,email,General,EN,1,,I agree,A few times,20 years or more,Fishing for your own food,,"A boat, kayak, or canoe",Excellent,Off,Off,Off,Off,Off,Off,Off,Off,Off,Off,Off,Off,Off,Off,Off,Off,Off,Off,Off,Off,Off,Off,Off,Off,Off,Off,Off,Off,Off,Off,Off,Off,Off,Off,Off,Off,Off,Off,Off,Off,Off,Off,Off,Off,Off,Off,Off,Off,On,On,On,Off,Off,Off,On,On,On,Off,On,On,On,On,Off,On,On,On,On,On,On,On,Off,Off,Off,Off,Off,Off,Yes,Yes,Yes,Yes,Yes,No,Yes,Yes,Sometimes,Often,Often,Often,Often,Often,Sometimes,Sometimes,Sometimes,Sometimes,Rarely,Often,Often,Rarely,,Supportive,Strongly agree,Disagree,Agree,Disagree,Agree,Agree,Disagree,Somewhat agree,Somewhat agree,Disagree,9.88,9.29,9.41,2.04,2.15,No,65 or older,Male,,33547,Hillsborough,,"$100,000 or more",1200,Not sure,"Medium
(less than 1 acre)","Deep
(20 ft. or more)","Moderate
(some nooks and crannies)",Sometimes,Sometimes,Sometimes,Not sure
7/7/2026 23:02,7/7/2026 23:22,IP Address,100,1200,TRUE,7/7/2026 23:22,R_1lfxTA1fsa38s0s,email,General,EN,1,,I agree,A few times,5 - 9 years,"Fishing for fun, sport, or relaxation",,"A boat, kayak, or canoe",Good,Off,Off,Off,Off,Off,Off,Off,Off,Off,Off,Off,Off,Off,Off,Off,Off,Off,Off,Off,Off,Off,On,On,Off,Off,Off,Off,Off,On,On,Off,Off,Off,Off,On,Off,Off,Off,On,On,Off,On,Off,Off,On,Off,On,On,On,Off,On,Off,Off,On,On,On,On,On,On,On,On,On,Off,On,On,On,On,On,On,On,On,On,Off,On,On,Off,Yes,Yes,Yes,Yes,Yes,No,No,No,Sometimes,Sometimes,Often,Sometimes,Sometimes,Sometimes,Often,Sometimes,Sometimes,Always,Often,Often,Rarely,Never,,Supportive,Strongly agree,Strongly disagree,Strongly agree,Disagree,Strongly agree,Agree,Somewhat agree,Agree,Somewhat disagree,Strongly agree,1.26,8,1.35,4.8,2.84,No,65 or older,Male,,33707,Pinellas,,"$100,000 or more",1200,"Moderate
(2 - 4 ft.)",Not sure,Not sure,"Simple
(mostly flat or smooth)",Sometimes,Not sure,Sometimes,Not sure
8/7/2026 0:50,8/7/2026 0:59,IP Address,100,548,TRUE,8/7/2026 0:59,R_53mxmQ9KCl4aFq4,email,General,EN,1,,I agree,A few times,1 - 4 years,"Fishing for fun, sport, or relaxation",,A fishing pier or boardwalk,Good,Off,Off,Off,Off,Off,Off,Off,Off,Off,Off,Off,Off,Off,Off,Off,Off,On,On,Off,Off,Off,Off,Off,Off,Off,Off,Off,Off,Off,Off,Off,Off,Off,Off,Off,Off,Off,Off,Off,Off,Off,Off,Off,Off,Off,Off,Off,On,On,Off,Off,Off,Off,Off,On,On,Off,Off,Off,Off,On,On,Off,Off,Off,Off,Off,Off,Off,Off,Off,Off,Off,Off,Off,Off,No,No,No,No,No,No,Yes,Yes,Sometimes,Never,Sometimes,Never,Sometimes,Often,Sometimes,Rarely,Rarely,Rarely,Sometimes,Often,Never,Never,,Supportive,Agree,Somewhat agree,Somewhat agree,Somewhat agree,Somewhat agree,Somewhat disagree,Somewhat disagree,Somewhat disagree,Somewhat disagree,Somewhat disagree,5.72,5.88,5.31,10,9.16,Yes,35 - 44,Male,,33844,Other county:,Haines city,"$75,001 - $100,000",130,"High
(5 ft. or more)","Small
(several square yards)","Shallow
(10 ft. or less)","Simple
(mostly flat or smooth)",Not sure,Not sure,Sometimes,Never
8/7/2026 5:46,8/7/2026 5:54,IP Address,100,452,TRUE,8/7/2026 5:54,R_5XbKpqiofykJpBP,email,General,EN,1,,I agree,About once a week,20 years or more,"Fishing for fun, sport, or relaxation",,"A boat, kayak, or canoe",Excellent,On,On,Off,On,Off,On,Off,On,Off,Off,Off,Off,Off,Off,Off,Off,Off,Off,Off,Off,Off,Off,Off,Off,Off,Off,Off,Off,Off,Off,Off,Off,Off,Off,Off,Off,Off,Off,Off,Off,Off,Off,Off,Off,Off,Off,Off,Off,Off,Off,Off,Off,Off,Off,Off,Off,Off,Off,Off,Off,Off,On,Off,Off,Off,On,On,Off,Off,Off,Off,Off,Off,Off,Off,Off,No,Yes,No,Yes,Yes,No,No,No,Always,Often,Always,Rarely,Never,Sometimes,Always,Sometimes,Always,Rarely,Never,Never,Never,Never,,Neutral,Agree,Somewhat agree,Strongly agree,Disagree,Somewhat agree,Somewhat agree,Somewhat agree,Somewhat agree,Somewhat agree,Somewhat agree,4.58,4.63,4.49,4.56,4.49,No,55 - 64,Male,,33782,Pinellas,,"$75,001 - $100,000",20,,,,,,,,
8/7/2026 6:14,8/7/2026 6:22,IP Address,100,534,TRUE,8/7/2026 6:22,R_6fHodjyUI7vlXNL,email,General,EN,1,,I agree,About once a week,1 - 4 years,"Fishing for fun, sport, or relaxation,Fishing for your own food",,"The shoreline or bank of a water body,A fishing pier or boardwalk",Excellent,On,On,On,On,Off,Off,Off,On,On,Off,Off,Off,Off,Off,Off,On,Off,Off,Off,Off,Off,On,On,Off,Off,Off,Off,Off,On,On,Off,Off,Off,Off,On,On,Off,Off,Off,On,On,On,Off,Off,Off,Off,On,Off,Off,Off,Off,Off,Off,On,On,Off,Off,Off,Off,Off,Off,Off,Off,Off,Off,Off,Off,Off,Off,Off,Off,Off,On,On,On,On,Yes,Yes,No,Yes,Yes,Yes,Yes,Yes,Sometimes,Always,Always,Sometimes,Rarely,Often,Often,Always,Always,Rarely,Sometimes,Sometimes,Sometimes,Never,Puffer,Supportive,Agree,Disagree,Agree,Disagree,Strongly agree,Somewhat agree,Somewhat disagree,Somewhat agree,Somewhat agree,Somewhat agree,5.07,8.97,9.97,9.19,5.15,No,45 - 54,Male,,34684,Pinellas,,"$75,001 - $100,000",50,"Moderate
(2 - 4 ft.)","Small
(several square yards)","Moderate
(10 - 20 ft.)","Moderate
(some nooks and crannies)",Often,Often,Not sure,Not sure
8/7/2026 6:15,8/7/2026 6:23,IP Address,100,517,TRUE,8/7/2026 6:23,R_3HOnFBJJM8e6Zmp,email,General,EN,1,,I agree,A few times,20 years or more,"Fishing for fun, sport, or relaxation",,"A boat, kayak, or canoe",Good,Off,Off,Off,Off,Off,On,On,On,On,On,On,On,Off,Off,Off,On,On,On,Off,Off,Off,Off,On,On,Off,Off,Off,Off,Off,On,Off,Off,Off,Off,On,Off,Off,Off,Off,Off,Off,On,Off,On,On,On,Off,On,On,On,On,On,On,Off,On,On,On,On,Off,On,On,Off,On,Off,On,On,On,On,On,On,On,On,Off,Off,Off,Off,No,No,Yes,Yes,Yes,No,Yes,Yes,Sometimes,Often,Often,Often,Sometimes,Sometimes,Often,Sometimes,Often,Sometimes,Sometimes,Often,Sometimes,Never,,Supportive,Strongly agree,Somewhat disagree,Somewhat agree,Somewhat disagree,Somewhat agree,Somewhat agree,Somewhat agree,Somewhat disagree,Somewhat agree,Somewhat agree,3.15,8.18,0.22,8.11,8.04,No,45 - 54,Male,,33810,Polk,,"$100,000 or more",600,"Moderate
(2 - 4 ft.)","Medium
(less than 1 acre)","Moderate
(10 - 20 ft.)","Moderate
(some nooks and crannies)",Sometimes,Sometimes,Often,Not sure
8/7/2026 6:39,8/7/2026 6:58,IP Address,100,1117,TRUE,8/7/2026 6:58,R_6nezx2x9stRUYSt,email,General,EN,1,,I agree,About once a week,20 years or more,"Fishing for fun, sport, or relaxation,Fishing for your own food",,"The shoreline or bank of a water body,A boat, kayak, or canoe",Excellent,Off,Off,Off,Off,Off,Off,Off,Off,Off,Off,Off,Off,Off,Off,Off,Off,Off,Off,Off,Off,Off,Off,On,Off,Off,Off,Off,Off,Off,Off,Off,Off,Off,On,Off,Off,Off,On,On,Off,Off,Off,Off,Off,On,Off,Off,Off,Off,On,On,Off,Off,Off,Off,On,On,On,Off,Off,Off,On,Off,Off,Off,Off,On,Off,Off,Off,Off,Off,Off,Off,Off,Off,No,No,No,No,No,Yes,No,No,Sometimes,Often,Often,Sometimes,Often,Often,Sometimes,Often,Often,Rarely,Often,Often,Rarely,Sometimes,"Cobia, triple tail and mackerel ",Supportive,Agree,Disagree,Somewhat agree,Somewhat disagree,Agree,Disagree,Somewhat agree,Somewhat disagree,Somewhat agree,Somewhat disagree,5.14,8.02,1.63,3.18,3.03,No,55 - 64,Male,,33547,Hillsborough,,"$100,000 or more",80,"Moderate
(2 - 4 ft.)","Medium
(less than 1 acre)","Moderate
(10 - 20 ft.)","Complex
(lots of holes, edges, and hiding spots)",Often,Sometimes,Often,Never
8/7/2026 6:59,8/7/2026 7:11,IP Address,100,732,TRUE,8/7/2026 7:11,R_72hRBVhy5XNVsZs,email,General,EN,1,,I agree,A few times,20 years or more,"Fishing for fun, sport, or relaxation",,"A boat, kayak, or canoe",Excellent,Off,Off,Off,Off,Off,Off,Off,Off,Off,Off,Off,Off,Off,Off,Off,Off,Off,Off,Off,Off,Off,Off,Off,Off,Off,Off,Off,Off,Off,Off,Off,Off,Off,Off,Off,Off,Off,Off,Off,Off,Off,Off,Off,Off,Off,Off,Off,Off,Off,Off,On,Off,Off,Off,Off,Off,On,On,On,On,On,On,Off,On,On,On,On,On,On,On,Off,Off,Off,Off,Off,Off,No,No,No,No,Yes,Yes,Yes,Yes,Sometimes,Always,Often,Often,Sometimes,Sometimes,Often,Often,Often,Often,Sometimes,Often,Often,Sometimes,Flounder,Supportive,Agree,Disagree,Agree,Somewhat disagree,Somewhat agree,Disagree,Somewhat agree,Disagree,Agree,Disagree,4.22,4.27,4.5,7.64,4.27,No,35 - 44,Male,,33812,Polk,,"$100,000 or more",225,"High
(5 ft. or more)","Medium
(less than 1 acre)","Deep
(20 ft. or more)","Moderate
(some nooks and crannies)",Sometimes,Rarely,Sometimes,Never
8/7/2026 7:01,8/7/2026 7:11,IP Address,100,598,TRUE,8/7/2026 7:11,R_7hLI8sWvplTk8qR,email,General,EN,1,,I agree,A few times,20 years or more,"Fishing for fun, sport, or relaxation,Fishing for your own food",,"A boat, kayak, or canoe",Excellent,Off,Off,Off,Off,Off,Off,Off,Off,Off,Off,Off,Off,Off,Off,Off,Off,Off,Off,Off,Off,Off,Off,Off,Off,Off,Off,Off,Off,Off,Off,Off,Off,Off,Off,Off,Off,Off,Off,Off,Off,Off,Off,Off,Off,Off,On,Off,Off,Off,Off,Off,Off,Off,Off,Off,Off,Off,Off,Off,Off,Off,Off,Off,Off,Off,Off,Off,Off,Off,Off,Off,Off,Off,Off,Off,Off,No,No,No,No,No,Yes,No,No,Often,Sometimes,Sometimes,Always,Sometimes,Often,Often,Rarely,Sometimes,Never,Often,Often,Often,Often,,Supportive,Strongly agree,Strongly disagree,Strongly agree,Disagree,Agree,Strongly disagree,Strongly agree,Strongly disagree,Somewhat agree,Somewhat disagree,0,0.07,0,0.23,9.97,No,55 - 64,Male,,33847,Polk,,"$100,000 or more",300,Not sure,Not sure,Not sure,Not sure,Not sure,Not sure,Always,Not sure
8/7/2026 7:05,8/7/2026 7:13,IP Address,100,499,TRUE,8/7/2026 7:14,R_3jrGIBRaeBXHPTX,email,General,EN,1,,I agree,About once a month,20 years or more,"Fishing for fun, sport, or relaxation",,"A boat, kayak, or canoe",Excellent,Off,Off,Off,Off,Off,Off,Off,Off,Off,Off,Off,Off,Off,Off,Off,Off,Off,Off,Off,Off,Off,Off,Off,Off,Off,Off,Off,Off,Off,Off,Off,Off,Off,Off,Off,Off,Off,Off,Off,Off,Off,Off,Off,Off,Off,Off,Off,Off,Off,Off,Off,Off,Off,Off,Off,Off,Off,Off,On,On,On,On,On,On,On,On,On,On,On,On,On,On,Off,Off,Off,Off,No,Yes,No,Yes,Yes,Yes,No,No,Sometimes,Always,Always,Always,Sometimes,Always,Always,Always,Always,Sometimes,Sometimes,Sometimes,Sometimes,Never,,Supportive,Somewhat agree,Disagree,Somewhat disagree,Disagree,Agree,Disagree,Agree,Disagree,Agree,Disagree,1.36,10,10,10,10,No,45 - 54,Male,,34275,Sarasota,,"$100,000 or more",200,Not sure,Not sure,"Deep
(20 ft. or more)","Moderate
(some nooks and crannies)",Not sure,Not sure,Not sure,Not sure
8/7/2026 7:20,8/7/2026 7:25,IP Address,100,323,TRUE,8/7/2026 7:25,R_3j20Vq5VRSplkKl,email,General,EN,1,,I agree,A few times,20 years or more,"Fishing for fun, sport, or relaxation",,"A boat, kayak, or canoe",Excellent,Off,Off,Off,Off,Off,Off,Off,Off,Off,Off,Off,Off,Off,Off,Off,Off,Off,Off,Off,Off,Off,Off,Off,Off,Off,Off,Off,Off,Off,Off,On,On,Off,Off,Off,Off,Off,Off,Off,Off,Off,Off,Off,On,Off,Off,Off,Off,Off,Off,Off,Off,Off,Off,Off,Off,Off,Off,Off,Off,Off,Off,Off,Off,Off,Off,Off,Off,Off,Off,Off,Off,Off,Off,Off,Off,Yes,No,No,No,Yes,Yes,No,No,Rarely,Sometimes,Sometimes,Often,Often,Sometimes,Never,Rarely,Rarely,Never,Sometimes,Sometimes,Never,Never,,Supportive,Strongly agree,Strongly agree,Strongly agree,Strongly agree,Strongly agree,Strongly disagree,Strongly disagree,Strongly disagree,Strongly disagree,Strongly disagree,10,10,0.74,7.26,6.6,No,65 or older,Male,,33594,Hillsborough,,"$100,000 or more",100,"High
(5 ft. or more)",Not sure,"Moderate
(10 - 20 ft.)","Complex
(lots of holes, edges, and hiding spots)",Often,Never,Sometimes,Never
8/7/2026 7:19,8/7/2026 7:26,IP Address,100,454,TRUE,8/7/2026 7:26,R_6ltVT33TcCjRexB,email,General,EN,1,,I agree,About once a week,20 years or more,"Fishing for fun, sport, or relaxation",,"A boat, kayak, or canoe",Good,On,On,On,On,On,On,On,On,On,On,Off,On,On,On,On,On,Off,Off,Off,Off,On,On,Off,Off,Off,Off,On,Off,On,Off,Off,Off,Off,On,On,Off,Off,Off,On,Off,On,On,Off,Off,Off,On,Off,Off,Off,Off,Off,On,On,Off,Off,Off,Off,On,Off,Off,Off,Off,On,On,Off,Off,Off,On,On,On,On,On,Off,Off,Off,Off,No,Yes,Yes,Yes,Yes,No,No,No,Often,Often,Often,Often,Never,Often,Often,Often,Often,Sometimes,Often,Sometimes,Rarely,Never,,Supportive,Strongly agree,Disagree,Strongly agree,Disagree,Strongly agree,Somewhat agree,Strongly disagree,Somewhat agree,Agree,Strongly disagree,1.03,6.94,9.41,5.21,9.52,No,55 - 64,Male,,33570,Hillsborough,,"$100,000 or more",10000,,,,,,,,
8/7/2026 7:21,8/7/2026 7:29,IP Address,100,494,TRUE,8/7/2026 7:29,R_6QoHnsLT1dcRMxg,email,General,EN,1,,I agree,A few times,5 - 9 years,"Fishing for fun, sport, or relaxation",,A fishing pier or boardwalk,Fair,Off,Off,Off,Off,Off,Off,Off,Off,Off,Off,Off,Off,Off,Off,Off,Off,Off,On,Off,Off,Off,Off,Off,On,On,Off,Off,Off,Off,Off,Off,Off,Off,Off,Off,Off,Off,Off,Off,On,Off,Off,Off,Off,Off,Off,Off,Off,Off,Off,Off,Off,Off,Off,Off,Off,Off,Off,Off,Off,Off,Off,Off,Off,Off,Off,Off,Off,Off,Off,Off,Off,Off,On,On,On,No,No,No,No,No,Yes,Yes,Yes,Rarely,Rarely,Sometimes,Never,Sometimes,Sometimes,Sometimes,Never,Sometimes,Never,Rarely,Sometimes,Sometimes,Never,,Supportive,Agree,Disagree,Agree,Somewhat agree,Agree,Disagree,Agree,Somewhat agree,Agree,Disagree,5.2,7.71,0.6,8.07,7.99,No,35 - 44,Male,,33556,Pasco,,"$100,000 or more",,"Low
(1 ft. or less)","Small
(several square yards)","Shallow
(10 ft. or less)","Simple
(mostly flat or smooth)",Not sure,Rarely,Sometimes,Never
8/7/2026 7:25,8/7/2026 7:33,IP Address,100,479,TRUE,8/7/2026 7:33,R_5LM4o5B5A79AFFG,email,General,EN,0.6000000238418579,,I agree,About once a week,10 - 19 years,"Fishing for fun, sport, or relaxation",,"A boat, kayak, or canoe",Good,Off,Off,Off,Off,Off,Off,Off,Off,Off,Off,Off,Off,Off,Off,Off,Off,Off,Off,Off,Off,Off,Off,Off,Off,Off,Off,Off,Off,Off,Off,Off,Off,Off,Off,Off,Off,Off,Off,Off,On,On,On,Off,Off,Off,Off,On,On,On,Off,Off,Off,Off,On,On,On,On,Off,On,On,On,On,Off,On,On,On,On,On,On,On,On,On,Off,On,On,On,Yes,Yes,Yes,Yes,Yes,Yes,Yes,Yes,Often,Often,Often,Often,Often,Often,Always,Always,Always,Rarely,Always,Always,Sometimes,Always,,Supportive,Agree,Disagree,Agree,Disagree,Agree,Disagree,Agree,Disagree,Disagree,Disagree,8.08,4.93,5,1,0.87,No,55 - 64,Male,,34221,Manatee,,"$100,000 or more",300,Not sure,"Medium
(less than 1 acre)","Deep
(20 ft. or more)","Complex
(lots of holes, edges, and hiding spots)",Often,Often,Often,Not sure
8/7/2026 7:29,8/7/2026 7:37,IP Address,100,447,TRUE,8/7/2026 7:37,R_39t3bRvpSdB7PbN,email,General,EN,0.8999999761581421,,I agree,A few times,10 - 19 years,"Fishing for fun, sport, or relaxation,Fishing for your own food",,"A boat, kayak, or canoe",Excellent,Off,Off,Off,Off,Off,Off,Off,Off,Off,Off,Off,Off,Off,Off,Off,Off,Off,Off,Off,Off,Off,Off,Off,Off,Off,Off,Off,Off,Off,Off,Off,Off,Off,Off,Off,Off,Off,Off,Off,Off,Off,Off,Off,Off,Off,Off,Off,Off,Off,Off,Off,Off,Off,Off,Off,Off,Off,Off,On,Off,Off,Off,Off,On,On,Off,Off,On,Off,Off,Off,Off,Off,Off,Off,Off,Yes,Yes,Yes,Yes,Yes,Yes,Yes,Yes,Sometimes,Often,Often,Often,Rarely,Often,Sometimes,Sometimes,Sometimes,Sometimes,Rarely,Always,Always,Often,Permit,Supportive,Strongly agree,Strongly disagree,Agree,Disagree,Agree,Somewhat agree,Agree,Somewhat disagree,Somewhat disagree,Somewhat disagree,1.96,0.94,1.45,1.66,10,No,55 - 64,Male,,34223,Sarasota,,"$25,001 - $50,000",300,Not sure,Not sure,"Deep
(20 ft. or more)",Not sure,Sometimes,Sometimes,Often,Rarely
8/7/2026 7:42,8/7/2026 7:50,IP Address,100,458,TRUE,8/7/2026 7:50,R_7fDAxLfgdBc9g3d,email,General,EN,1,,I agree,About once a month,20 years or more,"Fishing for fun, sport, or relaxation",,"The shoreline or bank of a water body,A fishing pier or boardwalk",Good,Off,Off,Off,Off,Off,Off,Off,Off,Off,On,Off,On,On,On,Off,On,Off,On,Off,Off,Off,Off,Off,Off,Off,Off,Off,Off,Off,Off,Off,Off,Off,Off,Off,Off,Off,Off,On,Off,On,Off,Off,Off,On,On,Off,Off,Off,Off,Off,Off,On,Off,Off,Off,Off,Off,Off,Off,Off,On,Off,Off,Off,Off,Off,Off,Off,On,Off,Off,Off,Off,Off,Off,Yes,Yes,Yes,Yes,No,Yes,No,No,Sometimes,Never,Sometimes,Sometimes,Never,Often,Sometimes,Sometimes,Sometimes,Never,Sometimes,Sometimes,Rarely,Never,,Supportive,Somewhat agree,Somewhat disagree,Agree,Disagree,Strongly agree,Somewhat agree,Somewhat agree,Agree,Somewhat agree,Somewhat agree,7.17,10,4.64,4.71,2.99,No,45 - 54,Female,,33512,Hillsborough,,"$100,000 or more",40,,,,,,,,
8/7/2026 7:50,8/7/2026 8:00,IP Address,100,652,TRUE,8/7/2026 8:00,R_1pNLGQeUk75ETPH,email,General,EN,0.8999999761581421,,I agree,About once a month,1 - 4 years,"Fishing for fun, sport, or relaxation,Fishing for your own food",,"A boat, kayak, or canoe",Good,Off,Off,Off,Off,Off,Off,Off,Off,Off,Off,Off,Off,Off,Off,Off,Off,Off,Off,Off,Off,Off,Off,Off,Off,Off,Off,Off,Off,Off,Off,Off,Off,Off,Off,Off,Off,Off,On,On,Off,Off,Off,Off,Off,On,Off,Off,On,On,Off,On,Off,Off,Off,On,On,On,Off,Off,Off,Off,Off,Off,Off,Off,Off,Off,Off,Off,Off,Off,Off,Off,Off,Off,Off,No,No,No,Yes,Yes,Yes,Yes,Yes,Rarely,Often,Sometimes,Sometimes,Never,Sometimes,Always,Always,Always,Never,Often,Sometimes,Rarely,Never,,Supportive,Agree,Disagree,Agree,Somewhat disagree,Somewhat agree,Somewhat disagree,Somewhat agree,Somewhat agree,Somewhat disagree,Somewhat disagree,5,5.06,4.99,5.24,5.17,No,55 - 64,Male,,33572,Hillsborough,,"$100,000 or more",99,,,,,,,,
8/7/2026 7:53,8/7/2026 8:01,IP Address,100,472,TRUE,8/7/2026 8:01,R_1KcKUoh8r4Idw4v,email,General,EN,0.8999999761581421,,I agree,About once a month,20 years or more,"Fishing for fun, sport, or relaxation",,"The shoreline or bank of a water body,A fishing pier or boardwalk,A boat, kayak, or canoe",Excellent,Off,On,Off,Off,Off,On,On,Off,Off,Off,Off,Off,Off,Off,Off,Off,On,On,Off,Off,Off,On,On,On,On,On,Off,Off,Off,On,Off,Off,Off,Off,Off,Off,Off,Off,Off,Off,Off,Off,Off,Off,Off,Off,Off,Off,Off,Off,Off,Off,Off,Off,Off,Off,On,Off,Off,Off,On,On,Off,Off,Off,On,Off,Off,Off,Off,Off,Off,Off,Off,Off,Off,No,No,No,Yes,No,Yes,No,No,Often,Often,Often,Sometimes,Rarely,Sometimes,Always,Always,Always,Sometimes,Sometimes,Always,Sometimes,Never,,Supportive,Agree,Disagree,Agree,Disagree,Agree,Somewhat agree,Somewhat agree,Somewhat agree,Somewhat agree,Somewhat agree,5,7.14,5.04,2.08,1,No,55 - 64,Other description:,0,33556,Pasco,,"$50,001 - $75,000",75,Not sure,Not sure,"Moderate
(10 - 20 ft.)",Not sure,Sometimes,Sometimes,Often,Never
8/7/2026 8:24,8/7/2026 8:34,IP Address,100,591,TRUE,8/7/2026 8:34,R_1qwN4UCI7yZIcwu,email,General,EN,1,,I agree,A few times,1 - 4 years,"Fishing for fun, sport, or relaxation",,"A boat, kayak, or canoe",Excellent,Off,Off,Off,On,On,Off,Off,Off,On,On,On,Off,Off,Off,Off,Off,On,Off,Off,Off,Off,Off,On,Off,Off,On,Off,Off,Off,On,On,On,On,Off,Off,On,On,On,On,On,Off,Off,On,On,On,Off,On,On,On,On,On,Off,Off,On,On,On,On,Off,On,On,On,On,Off,On,On,On,On,On,Off,Off,Off,Off,On,On,On,Off,Yes,Yes,Yes,Yes,Yes,Yes,No,Yes,Sometimes,Often,Often,Often,Often,Often,Often,Often,Sometimes,Rarely,Rarely,Often,Often,Sometimes,,Supportive,Somewhat agree,Somewhat disagree,Strongly agree,Disagree,Agree,Somewhat agree,Strongly agree,Somewhat agree,Agree,Strongly disagree,5.15,5.6,4.5,4.72,10,Yes,55 - 64,Male,,33755,Pinellas,,"$75,001 - $100,000",100,"Moderate
(2 - 4 ft.)","Medium
(less than 1 acre)","Deep
(20 ft. or more)",Not sure,Often,Not sure,Sometimes,Never
8/7/2026 8:46,8/7/2026 8:52,IP Address,100,346,TRUE,8/7/2026 8:52,R_59oWAwgl5iva9WW,email,General,EN,0.8999999761581421,,I agree,About once a week,20 years or more,"Fishing for fun, sport, or relaxation",,"A boat, kayak, or canoe",Excellent,Off,Off,Off,Off,Off,Off,Off,Off,Off,Off,Off,Off,Off,Off,Off,Off,Off,Off,Off,Off,Off,Off,Off,Off,Off,Off,Off,Off,Off,Off,Off,Off,On,On,Off,Off,Off,On,On,Off,Off,Off,Off,On,On,Off,Off,On,Off,Off,Off,Off,Off,Off,On,On,Off,Off,Off,Off,On,Off,Off,Off,Off,Off,Off,Off,Off,Off,Off,Off,Off,Off,Off,Off,Yes,Yes,Yes,Yes,Yes,No,No,No,Rarely,Always,Always,Always,Always,Always,Always,Always,Always,Always,Sometimes,Always,Always,Sometimes,,Neutral,Somewhat agree,Somewhat disagree,Somewhat agree,Somewhat disagree,Somewhat agree,Somewhat disagree,Somewhat disagree,Somewhat disagree,Somewhat disagree,Somewhat disagree,5.11,5.04,5.04,5.11,5.18,No,35 - 44,Male,,33579,Hillsborough,,"$100,000 or more",200,"Moderate
(2 - 4 ft.)","Medium
(less than 1 acre)","Deep
(20 ft. or more)","Moderate
(some nooks and crannies)",Sometimes,Sometimes,Sometimes,Sometimes
8/7/2026 8:42,8/7/2026 8:53,IP Address,100,647,TRUE,8/7/2026 8:53,R_719G0YJOaGbj58R,email,General,EN,1,,I agree,A few times,20 years or more,"Fishing for fun, sport, or relaxation,Fishing for your own food",,"A boat, kayak, or canoe",Excellent,Off,Off,Off,Off,Off,Off,Off,Off,Off,Off,Off,Off,Off,Off,Off,Off,Off,Off,Off,Off,Off,Off,Off,Off,Off,Off,Off,Off,Off,Off,Off,Off,Off,On,Off,Off,Off,On,On,Off,Off,Off,Off,On,On,Off,Off,Off,Off,On,On,Off,Off,Off,Off,On,On,Off,Off,Off,On,Off,Off,Off,Off,Off,Off,Off,Off,Off,Off,Off,Off,Off,Off,Off,No,No,No,No,Yes,No,Yes,Yes,Sometimes,Sometimes,Often,Often,Sometimes,Often,Often,Often,Often,Never,Often,Often,Often,Rarely,Black Drum,Supportive,Strongly agree,Strongly disagree,Agree,Strongly disagree,Agree,Strongly agree,Disagree,Somewhat agree,Disagree,Agree,0.86,10,6.3,0.97,0,No,45 - 54,Male,,33881,Polk,,"$75,001 - $100,000",200,"Moderate
(2 - 4 ft.)","Medium
(less than 1 acre)","Moderate
(10 - 20 ft.)","Moderate
(some nooks and crannies)",Often,Rarely,Often,Not sure
8/7/2026 8:51,8/7/2026 8:54,IP Address,100,217,TRUE,8/7/2026 8:54,R_5CwDPCgwzl0zhDm,email,General,EN,1,,I agree,About once a month,Less than a year,"Fishing for fun, sport, or relaxation",,The shoreline or bank of a water body,Excellent,Off,Off,Off,Off,Off,Off,Off,Off,Off,Off,Off,On,Off,Off,Off,Off,Off,On,Off,Off,Off,Off,Off,On,Off,Off,Off,Off,Off,Off,On,On,Off,Off,Off,Off,Off,Off,Off,Off,Off,Off,Off,Off,Off,Off,Off,Off,Off,Off,Off,Off,Off,Off,Off,Off,Off,Off,Off,Off,Off,Off,Off,Off,Off,Off,Off,Off,Off,Off,Off,Off,Off,Off,Off,Off,No,No,No,No,Yes,Yes,Yes,No,Sometimes,Sometimes,Often,Often,Sometimes,Often,Always,Often,Sometimes,Rarely,Always,Often,Sometimes,Sometimes,,Supportive,Somewhat agree,Somewhat agree,Somewhat agree,Somewhat agree,Somewhat agree,Somewhat agree,Somewhat agree,Somewhat agree,Somewhat agree,Somewhat agree,7.95,7.48,7.78,4.82,4.83,No,25 - 34,Male,,33616,Hillsborough,,"$50,001 - $75,000",,"Moderate
(2 - 4 ft.)","Medium
(less than 1 acre)","Moderate
(10 - 20 ft.)","Moderate
(some nooks and crannies)",Sometimes,Sometimes,Sometimes,Sometimes
8/7/2026 8:54,8/7/2026 9:02,IP Address,100,456,TRUE,8/7/2026 9:02,R_6SntJflBREYGNrj,email,General,EN,1,,I agree,About once a week,20 years or more,"Fishing for fun, sport, or relaxation,Fishing for your own food",,"The shoreline or bank of a water body,A boat, kayak, or canoe",Excellent,Off,Off,Off,Off,Off,Off,Off,Off,Off,Off,Off,Off,Off,Off,Off,Off,Off,Off,Off,Off,Off,Off,Off,Off,Off,Off,Off,Off,Off,On,Off,Off,Off,Off,On,Off,Off,Off,On,On,On,On,Off,On,On,On,On,On,On,Off,On,On,On,On,On,On,Off,On,On,On,On,On,Off,On,On,On,Off,On,Off,Off,Off,Off,On,On,On,On,Yes,Yes,Yes,Yes,Yes,Yes,Yes,Yes,Sometimes,Often,Often,Often,Sometimes,Often,Sometimes,Sometimes,Sometimes,Sometimes,Sometimes,Sometimes,Sometimes,Sometimes,,Supportive,Somewhat agree,Somewhat disagree,Somewhat disagree,Somewhat disagree,Somewhat agree,Somewhat agree,Somewhat agree,Somewhat agree,Somewhat agree,Somewhat disagree,7.42,8.14,7.56,5.25,5.55,No,55 - 64,Male,,33710,Pinellas,,"$75,001 - $100,000",75,"Moderate
(2 - 4 ft.)","Large
(1 acre or more)","Moderate
(10 - 20 ft.)","Complex
(lots of holes, edges, and hiding spots)",Sometimes,Sometimes,Sometimes,Sometimes
8/7/2026 8:54,8/7/2026 9:03,IP Address,100,520,TRUE,8/7/2026 9:03,R_62Wur9jboRIvs65,email,General,EN,1,,I agree,Many times a week,1 - 4 years,"Fishing for fun, sport, or relaxation",,"The shoreline or bank of a water body,A boat, kayak, or canoe",Fair,Off,Off,Off,Off,Off,Off,Off,Off,Off,Off,Off,Off,Off,Off,Off,Off,Off,Off,Off,Off,Off,Off,Off,Off,Off,Off,Off,Off,Off,Off,Off,Off,Off,Off,Off,Off,Off,Off,Off,On,On,Off,Off,Off,Off,Off,Off,Off,Off,Off,Off,Off,Off,Off,Off,Off,Off,Off,Off,Off,Off,Off,Off,Off,Off,Off,Off,Off,Off,Off,Off,Off,Off,Off,On,On,No,No,No,No,No,No,No,No,Sometimes,Sometimes,Often,Sometimes,Rarely,Often,Sometimes,Sometimes,Sometimes,Sometimes,Sometimes,Sometimes,Sometimes,Sometimes,,Neutral,Somewhat disagree,Somewhat disagree,Somewhat disagree,Somewhat disagree,Somewhat disagree,Somewhat agree,Agree,Somewhat agree,Somewhat agree,Somewhat disagree,4.89,6.92,5.06,5.1,5.06,No,55 - 64,Male,,33782,Pinellas,,"$75,001 - $100,000",135,Not sure,Not sure,Not sure,Not sure,Not sure,Not sure,Not sure,Not sure
8/7/2026 9:25,8/7/2026 9:46,IP Address,100,1234,TRUE,8/7/2026 9:46,R_3bzxMaqmC8kWMoh,email,General,EN,1,,I agree,About once a month,20 years or more,"Fishing for fun, sport, or relaxation",,"A boat, kayak, or canoe",Excellent,Off,Off,Off,On,Off,Off,On,On,On,Off,Off,Off,Off,Off,Off,Off,Off,Off,Off,Off,Off,Off,Off,Off,Off,Off,Off,Off,Off,Off,Off,Off,Off,Off,Off,Off,Off,Off,Off,On,Off,Off,Off,Off,Off,Off,On,Off,Off,Off,Off,Off,Off,On,Off,Off,Off,Off,Off,Off,Off,Off,Off,Off,Off,On,On,On,On,On,On,On,Off,Off,Off,Off,Yes,Yes,Yes,Yes,Yes,Yes,No,No,Sometimes,Often,Often,Rarely,Rarely,Rarely,Often,Always,Often,Rarely,Sometimes,Rarely,Rarely,Never,,Supportive,Strongly agree,Disagree,Agree,Disagree,Agree,Somewhat agree,Somewhat agree,Somewhat agree,Somewhat agree,Somewhat agree,9.41,9.87,5.01,5.74,9.03,No,55 - 64,Male,,33603,Hillsborough,,"$50,001 - $75,000",50,"Low
(1 ft. or less)","Medium
(less than 1 acre)","Shallow
(10 ft. or less)","Moderate
(some nooks and crannies)",Rarely,Rarely,Rarely,Never
8/7/2026 9:54,8/7/2026 10:00,IP Address,100,371,TRUE,8/7/2026 10:00,R_72lE2SIZuUGQW9G,email,General,EN,1,,I agree,About once a month,10 - 19 years,"Fishing for fun, sport, or relaxation",,"A boat, kayak, or canoe",Good,Off,Off,Off,Off,Off,Off,Off,Off,Off,Off,Off,Off,Off,Off,Off,Off,Off,Off,Off,Off,Off,Off,Off,Off,Off,Off,Off,Off,Off,Off,Off,Off,Off,Off,Off,Off,Off,Off,Off,On,Off,Off,Off,Off,Off,Off,On,On,Off,Off,Off,Off,Off,Off,On,On,Off,Off,Off,Off,On,On,Off,On,On,On,On,On,Off,Off,Off,Off,Off,Off,Off,Off,No,No,No,No,No,No,No,No,Rarely,Often,Often,Often,Often,Often,Often,Often,Sometimes,Often,Rarely,Often,Often,Never,,Supportive,Agree,Somewhat disagree,Agree,Somewhat disagree,Somewhat agree,Agree,Somewhat agree,Somewhat agree,Somewhat agree,Somewhat disagree,5.22,5.56,6.08,5.76,2.66,No,55 - 64,Male,,33549,Hillsborough,,"$100,000 or more",300,Not sure,Not sure,Not sure,Not sure,Not sure,Not sure,Not sure,Not sure
8/7/2026 10:01,8/7/2026 10:09,IP Address,100,443,TRUE,8/7/2026 10:09,R_5g6DUHH8QRSFebf,email,General,EN,1,,I agree,About once a month,20 years or more,"Fishing for fun, sport, or relaxation,Fishing for your own food",,"A boat, kayak, or canoe",Good,Off,Off,Off,Off,Off,Off,Off,Off,Off,Off,Off,Off,Off,Off,On,Off,Off,Off,Off,Off,Off,Off,On,On,On,On,On,Off,Off,On,On,On,On,Off,Off,Off,On,On,On,On,On,On,On,On,On,Off,On,On,On,On,On,Off,Off,On,On,On,On,Off,On,Off,On,On,Off,On,Off,Off,Off,Off,Off,Off,Off,Off,On,On,On,On,Yes,Yes,Yes,No,Yes,Yes,No,Yes,Often,Sometimes,Often,Often,Often,Often,Sometimes,Often,Often,Rarely,Often,Often,Often,Sometimes,Mackerel ,Supportive,Strongly agree,Strongly disagree,Strongly agree,Strongly disagree,Strongly agree,Strongly agree,Strongly agree,Somewhat agree,Strongly agree,Somewhat agree,1.09,10,10,10,10,No,55 - 64,Male,,33510,Hillsborough,,"$100,000 or more",400,"Moderate
(2 - 4 ft.)","Medium
(less than 1 acre)","Moderate
(10 - 20 ft.)","Moderate
(some nooks and crannies)",Often,Often,Often,Never
8/7/2026 10:09,8/7/2026 10:18,IP Address,100,532,TRUE,8/7/2026 10:18,R_325Udd0n3Dra5Yu,email,General,EN,1,,I agree,About once a month,1 - 4 years,"Fishing for fun, sport, or relaxation",,"A boat, kayak, or canoe",Fair,On,Off,Off,On,Off,On,Off,Off,Off,Off,Off,Off,Off,Off,Off,Off,Off,On,Off,Off,Off,Off,On,Off,Off,Off,Off,Off,Off,Off,Off,Off,Off,Off,Off,Off,Off,Off,Off,Off,Off,Off,Off,Off,Off,Off,Off,Off,Off,Off,Off,Off,Off,Off,Off,Off,Off,Off,Off,Off,Off,Off,Off,Off,Off,Off,Off,Off,Off,Off,Off,Off,Off,Off,Off,Off,No,No,No,No,No,Yes,No,No,Rarely,Often,Often,Rarely,Rarely,Sometimes,Sometimes,Often,Sometimes,Never,Rarely,Sometimes,Sometimes,Never,,Supportive,Somewhat agree,Somewhat disagree,Agree,Disagree,Somewhat agree,Somewhat agree,Somewhat disagree,Somewhat disagree,Somewhat disagree,Somewhat agree,5.41,8.42,6.55,3.65,5.46,No,65 or older,Male,,33707,Pinellas,,"$100,000 or more",50,"Moderate
(2 - 4 ft.)","Medium
(less than 1 acre)","Shallow
(10 ft. or less)","Moderate
(some nooks and crannies)",Not sure,Not sure,Rarely,Not sure
8/7/2026 10:21,8/7/2026 10:29,IP Address,100,480,TRUE,8/7/2026 10:29,R_7VqHY3hj9W5eHvd,email,General,EN,1,,I agree,About once a month,20 years or more,"Fishing for fun, sport, or relaxation",,"A boat, kayak, or canoe",Excellent,Off,Off,Off,Off,Off,Off,Off,Off,Off,Off,Off,Off,Off,Off,Off,Off,Off,Off,Off,Off,Off,Off,On,Off,Off,Off,Off,Off,Off,Off,Off,Off,Off,Off,Off,Off,Off,Off,Off,Off,Off,Off,Off,Off,Off,Off,On,On,Off,Off,Off,Off,Off,On,Off,Off,Off,Off,Off,Off,Off,Off,Off,Off,Off,Off,Off,Off,Off,Off,Off,Off,Off,Off,Off,Off,Yes,No,No,No,No,No,No,No,Sometimes,Always,Often,Sometimes,Rarely,Sometimes,Always,Always,Always,Rarely,Sometimes,Sometimes,Rarely,Never,,Supportive,Strongly agree,Disagree,Agree,Somewhat disagree,Strongly agree,Somewhat disagree,Somewhat agree,Agree,Somewhat agree,Disagree,0.32,0.7,0.27,10,10,No,55 - 64,Male,,33778,Pinellas,,"$100,000 or more",100,Not sure,Not sure,Not sure,Not sure,Not sure,Not sure,Not sure,Not sure
8/7/2026 10:21,8/7/2026 10:32,IP Address,100,663,TRUE,8/7/2026 10:32,R_3cMFknfXZqbYFUd,email,General,EN,1,,I agree,Many times a week,20 years or more,"Fishing for fun, sport, or relaxation",,The shoreline or bank of a water body,Excellent,Off,Off,Off,Off,Off,Off,Off,Off,Off,Off,Off,Off,Off,Off,Off,On,On,Off,Off,Off,Off,Off,On,Off,Off,Off,Off,Off,Off,Off,Off,Off,Off,Off,On,Off,Off,Off,Off,On,On,On,Off,Off,Off,Off,On,On,Off,Off,Off,Off,Off,On,Off,Off,Off,Off,Off,Off,Off,On,Off,On,Off,On,Off,Off,Off,Off,Off,Off,On,On,On,On,Yes,No,No,No,No,Yes,Yes,Yes,Rarely,Often,Often,Rarely,Never,Sometimes,Often,Often,Often,Never,Often,Never,Never,Never,,Supportive,Agree,Disagree,Disagree,Disagree,Somewhat agree,Disagree,Agree,Disagree,Agree,Disagree,4.85,4.85,4.61,4.53,5.69,No,45 - 54,Male,,33714,Pinellas,,"$75,001 - $100,000",50,,,,,,,,
8/7/2026 10:34,8/7/2026 10:44,IP Address,100,598,TRUE,8/7/2026 10:44,R_1Tk9mCaoGu9Eh0Z,email,General,EN,1,,I agree,About once a month,5 - 9 years,"Fishing for fun, sport, or relaxation,Fishing for your own food",,"The shoreline or bank of a water body,A fishing pier or boardwalk,A boat, kayak, or canoe",Excellent,Off,Off,Off,Off,Off,Off,Off,Off,Off,Off,Off,Off,Off,Off,Off,Off,Off,Off,Off,Off,Off,Off,Off,Off,Off,Off,Off,Off,Off,Off,Off,Off,Off,Off,Off,Off,Off,Off,Off,Off,Off,Off,Off,Off,Off,Off,Off,Off,Off,Off,Off,Off,Off,Off,Off,Off,Off,Off,Off,Off,On,On,Off,On,Off,On,On,On,On,On,On,Off,Off,Off,Off,Off,Yes,Yes,Yes,Yes,Yes,Yes,No,No,Sometimes,Always,Always,Often,Often,Often,Often,Sometimes,Often,Often,Rarely,Sometimes,Sometimes,Often,Pompano,Neutral,Somewhat agree,Somewhat agree,Somewhat agree,Somewhat agree,Somewhat agree,Somewhat agree,Somewhat agree,Somewhat agree,Somewhat agree,Somewhat agree,5.05,4.56,4.97,4.88,4.83,No,18 - 24,Male,,34234,Sarasota,,"$25,001 - $50,000",55,"Moderate
(2 - 4 ft.)","Small
(several square yards)","Moderate
(10 - 20 ft.)","Simple
(mostly flat or smooth)",Not sure,Not sure,Not sure,Not sure
8/7/2026 10:45,8/7/2026 10:59,IP Address,100,826,TRUE,8/7/2026 10:59,R_38z1thqEit7rxaF,email,General,EN,1,,I agree,About once a month,20 years or more,"Fishing for fun, sport, or relaxation",,"A boat, kayak, or canoe",Good,Off,Off,Off,Off,Off,Off,Off,Off,Off,Off,Off,Off,On,Off,Off,Off,Off,Off,On,On,On,Off,Off,Off,Off,On,On,Off,Off,Off,Off,Off,On,On,Off,Off,On,On,On,Off,Off,Off,Off,On,On,Off,Off,Off,Off,On,On,Off,Off,Off,Off,On,On,On,Off,Off,Off,Off,Off,Off,Off,Off,Off,Off,Off,Off,Off,Off,Off,Off,Off,Off,No,No,No,Yes,Yes,Yes,No,No,Sometimes,Often,Often,Sometimes,Often,Often,Rarely,Sometimes,Often,Never,Sometimes,Often,Often,Often,mullet,Supportive,Strongly agree,Strongly disagree,Strongly agree,Strongly disagree,Strongly agree,Agree,Strongly disagree,Agree,Strongly disagree,Strongly agree,10,10,1.9,0.87,0.86,No,55 - 64,Male,,33572,Hillsborough,,"$75,001 - $100,000",150,"Moderate
(2 - 4 ft.)","Large
(1 acre or more)","Deep
(20 ft. or more)","Complex
(lots of holes, edges, and hiding spots)",Often,Not sure,Often,Not sure
8/7/2026 10:55,8/7/2026 11:05,IP Address,100,585,TRUE,8/7/2026 11:05,R_7qdHWDuh1forUDj,email,General,EN,1,,I agree,A few times,20 years or more,"Fishing for fun, sport, or relaxation,Fishing for your own food",,"The shoreline or bank of a water body,A fishing pier or boardwalk,A boat, kayak, or canoe",Good,Off,Off,Off,Off,Off,Off,Off,Off,Off,Off,Off,Off,Off,Off,Off,Off,Off,Off,Off,Off,Off,Off,On,Off,Off,Off,Off,Off,Off,On,Off,Off,Off,Off,On,On,Off,Off,Off,On,On,On,On,Off,Off,Off,On,On,On,On,Off,Off,Off,On,On,On,On,Off,On,On,On,Off,Off,Off,Off,Off,Off,Off,Off,Off,Off,Off,Off,Off,Off,Off,No,No,Yes,Yes,No,No,No,Yes,Rarely,Often,Often,Often,Sometimes,Sometimes,Often,Often,Often,Sometimes,Rarely,Often,Sometimes,Never,,Supportive,Strongly agree,Disagree,Somewhat agree,Disagree,Agree,Somewhat disagree,Somewhat disagree,Somewhat agree,Agree,Strongly disagree,0.96,8.11,10,0.94,0.99,No,45 - 54,Male,,33625,Hillsborough,,"$100,000 or more",325,"Moderate
(2 - 4 ft.)",Not sure,"Moderate
(10 - 20 ft.)","Complex
(lots of holes, edges, and hiding spots)",Often,Sometimes,Often,Never
8/7/2026 10:57,8/7/2026 11:07,IP Address,100,624,TRUE,8/7/2026 11:07,R_70VAZM1f0VaiQ5Z,email,General,EN,1,,I agree,Many times a week,Less than a year,"Fishing for fun, sport, or relaxation",,"The shoreline or bank of a water body,A fishing pier or boardwalk,A boat, kayak, or canoe",Good,On,On,On,Off,Off,On,On,Off,Off,Off,Off,On,Off,Off,Off,On,On,Off,Off,Off,Off,On,Off,Off,Off,Off,Off,Off,Off,Off,Off,Off,Off,Off,Off,Off,Off,Off,Off,Off,Off,Off,Off,Off,Off,Off,Off,On,Off,Off,On,Off,Off,Off,On,On,On,Off,Off,Off,On,On,Off,On,Off,Off,On,On,On,Off,Off,Off,On,On,On,Off,No,No,No,No,Yes,No,Yes,Yes,Sometimes,Often,Often,Often,Rarely,Often,Sometimes,Sometimes,Sometimes,Sometimes,Often,Often,Often,Often,Coastal Species,Supportive,Agree,Somewhat disagree,Agree,Somewhat disagree,Agree,Somewhat disagree,Somewhat agree,Somewhat agree,Somewhat agree,Somewhat disagree,1.5,6.63,0.78,0.58,0,No,35 - 44,Female,,33609,Hillsborough,,"$25,001 - $50,000",1000,Not sure,"Medium
(less than 1 acre)","Deep
(20 ft. or more)","Complex
(lots of holes, edges, and hiding spots)",Often,Sometimes,Often,Rarely
8/7/2026 11:14,8/7/2026 11:22,IP Address,100,478,TRUE,8/7/2026 11:22,R_7MDw8K5vlDUMAl4,email,General,EN,1,,I agree,About once a month,10 - 19 years,"Fishing for fun, sport, or relaxation,Fishing for your own food",,"The shoreline or bank of a water body,A fishing pier or boardwalk",Good,On,On,On,On,On,On,On,Off,Off,Off,Off,Off,Off,Off,Off,On,On,On,Off,Off,Off,Off,Off,On,On,Off,Off,Off,Off,Off,Off,Off,Off,Off,Off,Off,Off,Off,Off,On,On,Off,Off,Off,Off,Off,On,On,Off,Off,Off,Off,Off,On,On,Off,Off,Off,Off,Off,On,On,Off,Off,Off,Off,Off,Off,Off,Off,Off,Off,On,On,On,On,Yes,No,No,No,No,No,No,No,Sometimes,Often,Often,Sometimes,Sometimes,Always,Sometimes,Sometimes,Sometimes,Never,Sometimes,Often,Never,Never,,Supportive,Somewhat agree,Somewhat agree,Agree,Somewhat disagree,Agree,Somewhat agree,Somewhat agree,Agree,Somewhat disagree,Agree,5.97,6.49,5.47,5.52,5.14,No,18 - 24,Male,,33559,Hillsborough,,"$25,000 or less",100,Not sure,Not sure,Not sure,Not sure,Not sure,Not sure,Often,Not sure
8/7/2026 11:12,8/7/2026 11:24,IP Address,100,690,TRUE,8/7/2026 11:24,R_3eofxQjvX1CqRFv,email,General,EN,1,,I agree,A few times,Less than a year,"Fishing for fun, sport, or relaxation",,"A boat, kayak, or canoe",Fair,Off,Off,Off,Off,Off,Off,Off,Off,Off,Off,On,On,Off,Off,Off,Off,On,On,Off,Off,Off,Off,On,On,Off,Off,Off,Off,Off,Off,Off,Off,Off,Off,Off,Off,Off,Off,Off,Off,Off,Off,Off,Off,Off,Off,Off,Off,Off,Off,Off,Off,Off,Off,Off,Off,Off,Off,Off,Off,Off,Off,Off,Off,Off,Off,Off,Off,Off,Off,Off,Off,Off,Off,Off,Off,No,No,No,No,No,No,No,No,Rarely,Often,Often,Often,Often,Often,Rarely,Sometimes,Sometimes,Rarely,Often,Often,Often,Never,,Supportive,Somewhat agree,Somewhat agree,Somewhat agree,Somewhat disagree,Somewhat agree,Disagree,Strongly agree,Disagree,Strongly agree,Strongly disagree,0,0,0,0,10,No,45 - 54,Male,,33770,Pinellas,,"$100,000 or more",100,"Moderate
(2 - 4 ft.)","Small
(several square yards)","Shallow
(10 ft. or less)",Not sure,Often,Often,Never,Never
8/7/2026 11:19,8/7/2026 11:24,IP Address,100,302,TRUE,8/7/2026 11:24,R_3nfp4oV0A9IkWrg,email,General,EN,1,,I agree,A few times,20 years or more,"Fishing for fun, sport, or relaxation",,"A boat, kayak, or canoe",Excellent,Off,Off,Off,Off,Off,Off,Off,Off,Off,Off,Off,Off,Off,Off,Off,Off,Off,Off,Off,Off,Off,Off,On,Off,Off,Off,Off,Off,On,On,Off,Off,On,On,Off,Off,Off,On,On,On,Off,Off,Off,Off,On,On,On,Off,Off,Off,On,On,On,On,Off,Off,Off,Off,Off,Off,Off,Off,Off,Off,Off,On,On,On,On,Off,Off,Off,Off,Off,Off,Off,Yes,No,Yes,Yes,Yes,No,Yes,No,Sometimes,Often,Often,Sometimes,Sometimes,Sometimes,Always,Always,Always,Sometimes,Never,Never,Never,Never,,Supportive,Somewhat agree,Somewhat disagree,Somewhat agree,Somewhat disagree,Somewhat agree,Somewhat agree,Somewhat disagree,Somewhat agree,Somewhat disagree,Somewhat agree,5,5.99,3.44,1.56,0.2,No,35 - 44,Male,,33830,Polk,,"$100,000 or more",500,Not sure,Not sure,Not sure,Not sure,Sometimes,Sometimes,Sometimes,Sometimes
8/7/2026 11:16,8/7/2026 11:30,IP Address,100,805,TRUE,8/7/2026 11:30,R_69XUhYsHvmw0sDL,email,General,EN,1,,I agree,About once a month,20 years or more,"Fishing for fun, sport, or relaxation",,"A boat, kayak, or canoe",Good,Off,Off,Off,Off,Off,Off,Off,Off,Off,Off,Off,Off,On,Off,Off,Off,Off,Off,On,On,On,Off,Off,Off,Off,On,On,Off,Off,Off,Off,On,On,Off,Off,Off,Off,Off,On,Off,Off,Off,Off,Off,Off,Off,Off,On,On,Off,Off,Off,Off,On,On,On,On,Off,On,On,On,On,Off,On,Off,Off,Off,Off,Off,Off,Off,Off,Off,Off,Off,Off,No,Yes,Yes,Yes,No,No,No,Yes,Often,Often,Often,Often,Sometimes,Often,Sometimes,Sometimes,Sometimes,Rarely,Often,Often,Often,Often,"Cobia, triple tail ",Neutral,Agree,Somewhat disagree,Somewhat agree,Disagree,Agree,Agree,Disagree,Disagree,Disagree,Agree,0.47,5.02,0.27,0.57,0.59,No,45 - 54,Male,,33527,Hillsborough,,"$75,001 - $100,000",100,"Moderate
(2 - 4 ft.)","Small
(several square yards)","Moderate
(10 - 20 ft.)",Not sure,Not sure,Not sure,Not sure,Not sure
8/7/2026 11:20,8/7/2026 11:30,IP Address,100,621,TRUE,8/7/2026 11:30,R_3kvKzeRBTdw0vxl,email,General,EN,1,,I agree,About once a week,1 - 4 years,"Fishing for fun, sport, or relaxation",,"A boat, kayak, or canoe",Good,Off,Off,Off,Off,Off,Off,Off,Off,Off,Off,Off,Off,Off,Off,Off,Off,Off,Off,Off,Off,Off,Off,Off,Off,Off,Off,Off,Off,Off,Off,Off,Off,Off,Off,Off,Off,Off,On,On,Off,Off,Off,Off,On,On,Off,Off,Off,Off,Off,On,Off,Off,Off,Off,Off,On,On,Off,Off,Off,Off,Off,Off,Off,Off,Off,Off,Off,Off,Off,Off,Off,Off,Off,Off,Yes,Yes,No,No,No,No,No,No,Rarely,Often,Often,Rarely,Rarely,Rarely,Rarely,Often,Sometimes,Rarely,Rarely,Rarely,Rarely,Never,,Supportive,Agree,Somewhat disagree,Agree,Somewhat disagree,Agree,Somewhat agree,Somewhat agree,Somewhat agree,Somewhat agree,Somewhat agree,0.98,1.08,0.74,0.55,0.52,No,55 - 64,Male,,33579,Hillsborough,,"$100,000 or more",100,Not sure,Not sure,Not sure,Not sure,Not sure,Not sure,Not sure,Not sure
8/7/2026 11:23,8/7/2026 11:34,IP Address,100,629,TRUE,8/7/2026 11:34,R_7CPCpRj6ZNcuWlV,email,General,EN,1,,I agree,A few times,20 years or more,"Fishing for fun, sport, or relaxation,Fishing for your own food",,"A boat, kayak, or canoe",Excellent,Off,Off,Off,Off,Off,Off,Off,Off,Off,Off,Off,Off,Off,Off,Off,Off,Off,Off,Off,Off,Off,On,On,Off,Off,Off,Off,Off,On,On,Off,Off,Off,Off,On,On,Off,Off,Off,On,On,On,On,Off,Off,Off,On,On,On,On,Off,Off,Off,On,On,On,Off,Off,Off,Off,On,Off,Off,Off,Off,Off,Off,Off,Off,Off,Off,Off,On,On,On,On,No,No,No,No,No,No,No,No,Rarely,Often,Sometimes,Sometimes,Sometimes,Sometimes,Rarely,Often,Often,Rarely,Sometimes,Sometimes,Sometimes,Sometimes,Flounder,Supportive,Agree,Disagree,Agree,Disagree,Agree,Agree,Strongly agree,Agree,Agree,Strongly disagree,0.94,6.97,1.79,6.94,10,No,55 - 64,Male,,33782,Pinellas,,"$100,000 or more",350,Not sure,Not sure,Not sure,Not sure,Often,Rarely,Sometimes,Never
8/7/2026 11:39,8/7/2026 11:47,IP Address,100,500,TRUE,8/7/2026 11:47,R_5J8GfFnfj4tiXE7,email,General,EN,1,,I agree,Many times a week,20 years or more,"Fishing for fun, sport, or relaxation",,"A boat, kayak, or canoe",Excellent,Off,Off,Off,Off,Off,Off,On,Off,Off,Off,Off,Off,Off,Off,Off,On,Off,Off,Off,Off,Off,Off,On,On,Off,Off,Off,Off,Off,Off,Off,Off,Off,Off,On,Off,Off,Off,Off,On,On,On,Off,Off,Off,Off,On,Off,Off,Off,Off,Off,Off,On,Off,Off,Off,Off,Off,Off,Off,Off,Off,Off,Off,Off,Off,Off,Off,Off,Off,Off,Off,Off,Off,Off,No,Yes,No,Yes,Yes,No,No,No,Sometimes,Always,Often,Often,Often,Often,Always,Sometimes,Always,Often,Sometimes,Sometimes,Sometimes,Sometimes,Cobia,Supportive,Somewhat agree,Disagree,Agree,Disagree,Somewhat disagree,Disagree,Agree,Somewhat disagree,Agree,Disagree,9.77,3.51,6.86,7.9,0.93,No,35 - 44,Male,,33702,Pinellas,,"$100,000 or more",200,"Moderate
(2 - 4 ft.)","Medium
(less than 1 acre)","Deep
(20 ft. or more)","Complex
(lots of holes, edges, and hiding spots)",Sometimes,Rarely,Often,Never
8/7/2026 12:05,8/7/2026 12:15,IP Address,100,576,TRUE,8/7/2026 12:15,R_7mlvXytUhI0lvD0,email,General,EN,1,,I agree,A few times,20 years or more,"Fishing for fun, sport, or relaxation,Fishing for your own food",,"The shoreline or bank of a water body,A fishing pier or boardwalk,A boat, kayak, or canoe",Excellent,Off,On,Off,Off,Off,On,On,On,On,Off,Off,On,On,On,On,Off,Off,On,On,On,On,Off,Off,On,Off,On,On,Off,Off,Off,On,On,On,On,Off,Off,Off,Off,Off,Off,Off,Off,Off,Off,Off,Off,Off,Off,Off,Off,Off,Off,Off,Off,Off,Off,Off,Off,Off,Off,Off,Off,Off,Off,Off,Off,Off,Off,Off,Off,Off,Off,Off,Off,Off,Off,No,Yes,No,Yes,No,Yes,Yes,Yes,Often,Often,Always,Rarely,Sometimes,Often,Rarely,Rarely,Sometimes,Sometimes,Often,Often,Often,Never,N/A,Supportive,Somewhat agree,Somewhat disagree,Disagree,Agree,Somewhat disagree,Strongly disagree,Strongly agree,Disagree,Strongly agree,Strongly disagree,6.17,6.61,9.45,10,10,No,35 - 44,Male,,33615,Hillsborough,,"$25,001 - $50,000",200,Not sure,Not sure,Not sure,Not sure,Not sure,Not sure,Rarely,Never
8/7/2026 12:19,8/7/2026 12:27,IP Address,100,488,TRUE,8/7/2026 12:27,R_5dy9XEMQdMPpXke,email,General,EN,1,,I agree,A few times,5 - 9 years,"Fishing for fun, sport, or relaxation",,"The shoreline or bank of a water body,A boat, kayak, or canoe",Good,Off,Off,Off,Off,Off,Off,Off,Off,Off,Off,Off,Off,Off,Off,Off,Off,Off,Off,Off,Off,Off,Off,Off,Off,Off,Off,Off,Off,Off,Off,Off,Off,Off,Off,Off,Off,On,On,Off,Off,Off,Off,Off,On,On,On,Off,Off,Off,On,On,Off,On,Off,Off,Off,Off,Off,Off,Off,Off,Off,Off,Off,Off,Off,Off,Off,Off,Off,Off,Off,Off,Off,Off,Off,No,No,No,No,No,No,No,No,Never,Sometimes,Sometimes,Rarely,Rarely,Sometimes,Never,Never,Never,Never,Rarely,Never,Never,Often,Catfish,Neutral,Somewhat agree,Somewhat disagree,Somewhat disagree,Somewhat disagree,Somewhat disagree,Somewhat disagree,Somewhat disagree,Somewhat disagree,Somewhat disagree,Somewhat disagree,0,0,0,0,0,No,55 - 64,Female,,33572,Hillsborough,,"$25,000 or less",100,Not sure,Not sure,Not sure,Not sure,Sometimes,Rarely,Rarely,Never
8/7/2026 14:31,8/7/2026 14:40,IP Address,100,495,TRUE,8/7/2026 14:40,R_3VndhXocnxXugRr,email,General,EN,1,,I agree,About once a week,20 years or more,"Fishing for fun, sport, or relaxation,Fishing for your own food",,"The shoreline or bank of a water body,A boat, kayak, or canoe",Excellent,Off,Off,Off,Off,Off,Off,Off,Off,Off,Off,Off,Off,Off,Off,Off,Off,Off,Off,Off,Off,Off,On,On,Off,Off,Off,Off,Off,On,On,Off,Off,Off,Off,On,On,Off,Off,Off,On,On,On,Off,Off,Off,Off,Off,Off,Off,Off,Off,Off,Off,Off,Off,Off,Off,Off,Off,Off,Off,Off,Off,Off,Off,Off,Off,Off,Off,Off,Off,Off,On,On,On,On,Yes,Yes,Yes,Yes,No,Yes,No,Yes,Often,Always,Always,Often,Often,Always,Sometimes,Often,Often,Rarely,Sometimes,Often,Often,Often,,Supportive,Agree,Somewhat agree,Somewhat agree,Somewhat disagree,Somewhat agree,Somewhat disagree,Somewhat agree,Somewhat agree,Somewhat agree,Somewhat agree,5,5.53,2.49,6.05,2.09,No,55 - 64,Male,,33709,Pinellas,,"$50,001 - $75,000",100,"High
(5 ft. or more)","Medium
(less than 1 acre)","Shallow
(10 ft. or less)","Complex
(lots of holes, edges, and hiding spots)",Sometimes,Sometimes,Often,Never
8/7/2026 14:33,8/7/2026 14:55,IP Address,100,1324,TRUE,8/7/2026 14:55,R_7EAxeyjm5j7PD0K,email,General,EN,1,,I agree,About once a month,20 years or more,"Fishing for fun, sport, or relaxation",,"A boat, kayak, or canoe",Excellent,Off,Off,Off,Off,Off,Off,Off,Off,Off,Off,Off,Off,Off,Off,Off,Off,Off,On,Off,Off,On,Off,Off,On,Off,Off,On,On,Off,Off,Off,Off,Off,Off,Off,Off,Off,Off,Off,Off,Off,Off,Off,Off,On,On,On,Off,Off,On,On,On,On,On,Off,Off,On,On,Off,Off,Off,On,On,Off,On,On,On,On,On,Off,Off,Off,Off,Off,Off,Off,No,Yes,Yes,Yes,Yes,No,No,No,Sometimes,Often,Often,Rarely,Rarely,Sometimes,Always,Always,Always,Sometimes,Sometimes,Sometimes,Rarely,Rarely,,Supportive,Somewhat agree,Disagree,Agree,Somewhat disagree,Agree,Somewhat disagree,Agree,Somewhat agree,Somewhat agree,Somewhat disagree,3.79,6.45,6.39,10,3.21,No,55 - 64,Male,,33578,Hillsborough,,"$100,000 or more",75,Not sure,Not sure,"Deep
(20 ft. or more)",Not sure,Sometimes,Sometimes,Often,Never
8/7/2026 14:51,8/7/2026 15:02,IP Address,100,680,TRUE,8/7/2026 15:02,R_5znXPkoASru1QJT,email,General,EN,1,,I agree,About once a week,20 years or more,"Fishing for fun, sport, or relaxation,Fishing for your own food",,"A boat, kayak, or canoe",Excellent,Off,Off,Off,Off,Off,Off,Off,Off,Off,Off,Off,Off,Off,Off,Off,Off,Off,Off,Off,Off,Off,Off,Off,Off,Off,Off,Off,Off,Off,Off,Off,Off,Off,Off,Off,Off,Off,Off,On,On,On,Off,Off,Off,On,On,On,Off,Off,Off,On,Off,Off,On,Off,Off,On,On,Off,Off,Off,On,Off,Off,Off,On,On,Off,On,On,Off,Off,Off,Off,Off,Off,No,Yes,Yes,Yes,Yes,Yes,Yes,Yes,Often,Often,Often,Sometimes,Rarely,Often,Always,Always,Always,Rarely,Sometimes,Sometimes,Rarely,Rarely,,Supportive,Agree,Somewhat disagree,Agree,Disagree,Agree,Somewhat agree,Agree,Somewhat agree,Agree,Somewhat disagree,0.53,0.73,4.62,9.51,10,No,55 - 64,Male,,33569,Hillsborough,,"$100,000 or more",200,"Moderate
(2 - 4 ft.)","Medium
(less than 1 acre)","Moderate
(10 - 20 ft.)","Moderate
(some nooks and crannies)",Often,Never,Often,Never
8/7/2026 15:34,8/7/2026 15:40,IP Address,100,315,TRUE,8/7/2026 15:40,R_1gdrdqt5ddbXAPA,email,General,EN,1,,I agree,About once a month,5 - 9 years,"Fishing for fun, sport, or relaxation,Fishing for your own food",,"The shoreline or bank of a water body,A fishing pier or boardwalk,A boat, kayak, or canoe",Excellent,Off,Off,Off,Off,Off,Off,Off,Off,Off,Off,Off,Off,Off,Off,Off,Off,On,On,Off,Off,Off,On,On,Off,Off,Off,Off,Off,Off,On,On,On,On,Off,Off,On,On,On,Off,On,On,On,On,On,Off,Off,On,On,On,On,On,Off,Off,On,On,On,On,Off,On,On,On,On,Off,On,On,On,Off,Off,Off,Off,Off,Off,Off,On,On,On,No,No,No,No,Yes,No,Yes,Yes,Rarely,Often,Often,Often,Often,Often,Often,Often,Often,Rarely,Sometimes,Often,Often,Sometimes,Mackerel ,Neutral,Agree,Somewhat disagree,Somewhat agree,Agree,Agree,Disagree,Disagree,Disagree,Disagree,Disagree,0.06,0.05,0,9.82,9.84,No,18 - 24,Male,,33810,Polk,,"$50,001 - $75,000",200,"Moderate
(2 - 4 ft.)","Large
(1 acre or more)","Moderate
(10 - 20 ft.)","Complex
(lots of holes, edges, and hiding spots)",Sometimes,Sometimes,Often,Rarely
8/7/2026 16:08,8/7/2026 16:18,IP Address,100,650,TRUE,8/7/2026 16:18,R_1popCtXNngaMZ1G,email,General,EN,1,,I agree,About once a month,20 years or more,"Fishing for fun, sport, or relaxation,Fishing for your own food",,"The shoreline or bank of a water body,A boat, kayak, or canoe",Excellent,On,On,Off,Off,Off,On,Off,Off,Off,Off,Off,Off,Off,Off,Off,Off,Off,Off,Off,Off,Off,Off,Off,Off,Off,Off,Off,Off,Off,Off,Off,Off,Off,Off,Off,Off,Off,Off,Off,On,Off,Off,Off,Off,Off,Off,Off,Off,Off,Off,Off,Off,Off,Off,Off,Off,Off,Off,Off,Off,Off,Off,Off,Off,Off,Off,Off,Off,Off,Off,Off,Off,Off,Off,Off,Off,No,Yes,No,Yes,No,No,Yes,No,Sometimes,Sometimes,Often,Never,Rarely,Sometimes,Always,Always,Always,Rarely,Often,Rarely,Rarely,Never,,Supportive,Agree,Disagree,Somewhat agree,Disagree,Agree,Somewhat agree,Somewhat agree,Somewhat disagree,Somewhat agree,Somewhat agree,2.21,5.35,0.26,6.96,5.35,Yes,45 - 54,Male,,33625,Hillsborough,,"$75,001 - $100,000",30,Not sure,Not sure,Not sure,Not sure,Not sure,Not sure,Not sure,Not sure
8/7/2026 16:10,8/7/2026 16:24,IP Address,100,841,TRUE,8/7/2026 16:24,R_35FJPNuRT1xekz7,email,General,EN,1,,I agree,About once a month,10 - 19 years,Fishing for your own food,,"A boat, kayak, or canoe",Good,Off,Off,Off,Off,Off,Off,Off,Off,Off,Off,Off,Off,Off,Off,Off,Off,Off,Off,Off,Off,Off,Off,Off,Off,Off,Off,Off,Off,Off,Off,On,On,On,Off,On,On,On,On,On,On,On,On,On,On,On,Off,On,On,On,On,On,Off,Off,On,On,On,On,Off,On,On,On,On,Off,Off,Off,Off,Off,Off,Off,Off,Off,Off,Off,Off,On,On,No,Yes,Yes,Yes,No,No,No,Yes,Never,Sometimes,Sometimes,Often,Often,Often,Never,Sometimes,Sometimes,Never,Never,Sometimes,Often,Sometimes,Flounder,Supportive,Agree,Disagree,Agree,Somewhat disagree,Agree,Strongly disagree,Strongly agree,Strongly disagree,Strongly agree,Strongly disagree,0.11,0.11,0.11,10,10,No,45 - 54,Male,,33511,Hillsborough,,"$50,001 - $75,000",250,"High
(5 ft. or more)","Medium
(less than 1 acre)","Deep
(20 ft. or more)","Complex
(lots of holes, edges, and hiding spots)",Sometimes,Sometimes,Sometimes,Never
8/7/2026 16:25,8/7/2026 16:33,IP Address,100,453,TRUE,8/7/2026 16:33,R_3LYD7MRpAHRKjkI,email,General,EN,1,,I agree,A few times,10 - 19 years,"Fishing for fun, sport, or relaxation,Fishing for your own food",,"A boat, kayak, or canoe",Excellent,Off,Off,Off,Off,Off,Off,Off,Off,Off,Off,Off,Off,Off,Off,Off,Off,Off,Off,Off,Off,Off,Off,Off,Off,Off,Off,Off,Off,Off,Off,Off,Off,Off,Off,Off,Off,Off,Off,Off,Off,Off,Off,Off,On,On,Off,Off,Off,Off,Off,On,Off,Off,Off,Off,Off,Off,Off,Off,Off,Off,Off,Off,Off,Off,Off,Off,Off,Off,Off,Off,Off,Off,Off,Off,Off,No,Yes,No,No,Yes,No,No,No,Sometimes,Always,Often,Sometimes,Sometimes,Sometimes,Always,Always,Always,Never,Always,Always,Always,Never,,Supportive,Strongly agree,Strongly disagree,Strongly agree,Strongly disagree,Strongly agree,Agree,Strongly disagree,Agree,Agree,Agree,8.24,7.59,6.88,0.58,0.62,No,55 - 64,Female,,33898,Polk,,"$100,000 or more",350,Not sure,Not sure,Not sure,Not sure,Often,Not sure,Often,Not sure
8/7/2026 18:34,8/7/2026 18:40,IP Address,100,375,TRUE,8/7/2026 18:40,R_6gyeKikJjV0fWBb,email,General,EN,0.8999999761581421,,I agree,About once a month,20 years or more,"Fishing for fun, sport, or relaxation,Fishing for your own food",,"The shoreline or bank of a water body,A fishing pier or boardwalk",Good,Off,Off,Off,Off,Off,Off,Off,Off,Off,Off,Off,Off,Off,Off,Off,Off,Off,Off,Off,Off,Off,Off,Off,Off,Off,Off,Off,Off,Off,Off,Off,Off,Off,Off,Off,Off,Off,Off,Off,On,Off,Off,Off,Off,Off,Off,On,Off,Off,Off,Off,Off,Off,Off,Off,Off,Off,Off,Off,Off,Off,Off,Off,Off,Off,Off,Off,Off,Off,Off,Off,Off,Off,Off,Off,Off,No,No,No,No,No,No,No,No,Rarely,Often,Sometimes,Rarely,Rarely,Often,Sometimes,Often,Sometimes,Never,Sometimes,Sometimes,Sometimes,Never,,Supportive,Agree,Somewhat agree,Somewhat agree,Somewhat agree,Somewhat agree,Somewhat disagree,Somewhat agree,Somewhat agree,Agree,Disagree,4.65,9.06,6.4,9.51,7.43,No,35 - 44,Male,,33771,Pinellas,,"$25,001 - $50,000",50,"Low
(1 ft. or less)","Medium
(less than 1 acre)","Shallow
(10 ft. or less)","Moderate
(some nooks and crannies)",Sometimes,Rarely,Sometimes,Rarely
8/7/2026 18:39,8/7/2026 18:50,IP Address,100,627,TRUE,8/7/2026 18:50,R_1jBA5Q5brWppwHq,email,General,EN,1,,I agree,About once a month,5 - 9 years,"Fishing for fun, sport, or relaxation",,"A boat, kayak, or canoe",Excellent,Off,Off,Off,Off,Off,Off,Off,Off,Off,Off,Off,Off,Off,Off,Off,Off,Off,Off,Off,Off,Off,Off,Off,Off,Off,Off,Off,Off,Off,Off,Off,Off,Off,Off,Off,Off,Off,On,On,Off,Off,Off,Off,On,On,Off,Off,Off,Off,Off,On,On,Off,Off,Off,Off,Off,Off,Off,Off,Off,Off,Off,Off,Off,Off,Off,Off,Off,Off,Off,Off,Off,Off,Off,Off,No,No,No,No,No,No,No,No,Rarely,Often,Often,Sometimes,Sometimes,Sometimes,Sometimes,Sometimes,Rarely,Rarely,Rarely,Often,Never,Never,,Supportive,Strongly disagree,Disagree,Agree,Somewhat disagree,Agree,Disagree,Agree,Disagree,Agree,Somewhat agree,0,10,0,10,10,No,55 - 64,Female,,33617-7631,Hillsborough,,"$75,001 - $100,000",50,Not sure,"Large
(1 acre or more)","Shallow
(10 ft. or less)","Moderate
(some nooks and crannies)",Sometimes,Not sure,Sometimes,Never
8/7/2026 19:10,8/7/2026 19:17,IP Address,100,375,TRUE,8/7/2026 19:17,R_5tmmNXziTUwlalY,email,General,EN,0.8999999761581421,,I agree,A few times,Less than a year,"Fishing for fun, sport, or relaxation,Fishing for your own food",,"The shoreline or bank of a water body,A fishing pier or boardwalk",Fair,Off,Off,Off,Off,Off,Off,Off,Off,Off,Off,Off,Off,Off,Off,Off,Off,Off,Off,Off,Off,Off,Off,Off,Off,Off,Off,Off,Off,Off,Off,Off,Off,Off,Off,Off,Off,Off,Off,Off,On,Off,Off,Off,Off,Off,Off,On,Off,Off,Off,Off,Off,Off,On,Off,Off,Off,Off,Off,Off,Off,Off,Off,Off,Off,Off,Off,Off,Off,Off,Off,Off,On,On,Off,Off,No,No,No,Yes,No,No,No,No,Never,Never,Often,Never,Never,Often,Never,Never,Rarely,Never,Rarely,Rarely,Rarely,Never,,Supportive,Somewhat agree,Somewhat agree,Somewhat agree,Somewhat agree,Somewhat agree,Somewhat disagree,Agree,Somewhat disagree,Somewhat agree,Somewhat agree,3.46,6.5,2.65,7.27,5.31,No,25 - 34,Female,,33760,Pinellas,,"$75,001 - $100,000",30,,,,,,,,
9/7/2026 4:29,9/7/2026 4:36,IP Address,100,390,TRUE,9/7/2026 4:36,R_7CGUgl80SkqaGQb,email,General,EN,1,,I agree,About once a week,5 - 9 years,"Fishing for fun, sport, or relaxation",,"A boat, kayak, or canoe",Good,Off,Off,Off,Off,Off,Off,Off,Off,Off,Off,Off,Off,Off,Off,Off,Off,Off,Off,Off,Off,Off,Off,Off,Off,Off,Off,Off,Off,Off,Off,Off,Off,Off,Off,Off,Off,Off,Off,Off,Off,Off,Off,Off,Off,Off,Off,Off,Off,Off,Off,Off,Off,Off,Off,Off,Off,Off,Off,Off,Off,Off,On,Off,Off,Off,On,On,Off,Off,Off,Off,Off,Off,Off,Off,Off,No,No,Yes,No,Yes,Yes,No,No,Rarely,Often,Always,Rarely,Never,Sometimes,Always,Always,Always,Rarely,Never,Rarely,Rarely,Never,,Supportive,Somewhat agree,Somewhat agree,Somewhat agree,Somewhat agree,Somewhat agree,Disagree,Somewhat agree,Somewhat agree,Somewhat agree,Somewhat disagree,4.97,4.72,4.5,4.39,6.22,No,45 - 54,Male,,33596,Hillsborough,,"$100,000 or more",30,,,,,,,,
9/7/2026 9:43,9/7/2026 9:56,IP Address,100,779,TRUE,9/7/2026 9:56,R_3Ftg0DHOCQi8Sr6,email,General,EN,1,,I agree,About once a week,20 years or more,"Fishing for fun, sport, or relaxation",,"A boat, kayak, or canoe",Excellent,On,On,Off,On,Off,On,On,Off,Off,Off,On,Off,Off,Off,Off,Off,Off,On,Off,Off,On,Off,On,On,Off,Off,On,Off,Off,On,Off,Off,Off,On,Off,Off,Off,Off,On,On,On,Off,Off,Off,On,Off,On,On,Off,Off,On,Off,On,Off,Off,Off,Off,Off,On,Off,Off,On,Off,Off,Off,On,On,On,Off,Off,On,Off,Off,Off,Off,Off,Yes,Yes,Yes,Yes,Yes,No,No,No,Often,Often,Often,Sometimes,Sometimes,Often,Always,Always,Always,Often,Sometimes,Sometimes,Sometimes,Sometimes,mackerel,Supportive,Agree,Disagree,Strongly agree,Disagree,Strongly agree,Somewhat agree,Somewhat agree,Somewhat agree,Somewhat agree,Somewhat disagree,1.14,7.46,2.15,8.01,1.93,No,55 - 64,Male,,33624,Hillsborough,,"$100,000 or more",200,"Moderate
(2 - 4 ft.)","Small
(several square yards)","Moderate
(10 - 20 ft.)","Moderate
(some nooks and crannies)",Often,Rarely,Often,Rarely
9/7/2026 9:58,9/7/2026 10:04,IP Address,100,362,TRUE,9/7/2026 10:04,R_3IaAepkEyo1ulhd,email,General,EN,1,,I agree,A few times,10 - 19 years,"Fishing for fun, sport, or relaxation,Fishing for your own food",,"The shoreline or bank of a water body,A fishing pier or boardwalk,A boat, kayak, or canoe",Excellent,Off,Off,Off,Off,Off,Off,Off,Off,Off,Off,Off,Off,Off,Off,Off,Off,On,Off,On,Off,Off,Off,On,Off,Off,Off,Off,Off,Off,Off,Off,Off,Off,Off,Off,Off,Off,Off,Off,On,On,Off,Off,Off,On,Off,On,On,Off,Off,On,Off,Off,On,On,Off,Off,Off,Off,Off,On,Off,Off,Off,Off,Off,Off,Off,Off,Off,Off,Off,Off,Off,Off,Off,Yes,No,Yes,No,No,Yes,No,No,Sometimes,Often,Sometimes,Rarely,Rarely,Often,Sometimes,Often,Often,Rarely,Often,Often,Sometimes,Sometimes,,Supportive,Somewhat agree,Disagree,Somewhat agree,Disagree,Somewhat agree,Disagree,Agree,Agree,Agree,Disagree,0,0,0.01,3.77,10,No,45 - 54,Male,,33558,Pasco,,"$100,000 or more",100,Not sure,Not sure,Not sure,Not sure,Not sure,Not sure,Not sure,Not sure
9/7/2026 10:48,9/7/2026 11:00,IP Address,100,717,TRUE,9/7/2026 11:00,R_17a3CU5PoBSyDhb,anonymous,General,EN,1,,I agree,About once a month,10 - 19 years,"Fishing for fun, sport, or relaxation",,"A boat, kayak, or canoe",Good,Off,Off,Off,Off,Off,Off,Off,Off,Off,Off,Off,Off,Off,Off,Off,Off,Off,Off,Off,Off,Off,Off,Off,Off,Off,Off,Off,Off,Off,Off,Off,Off,On,On,Off,Off,Off,Off,On,Off,Off,Off,Off,Off,On,Off,Off,Off,Off,Off,On,On,Off,Off,Off,Off,On,On,Off,Off,On,Off,Off,Off,Off,Off,Off,Off,Off,Off,Off,Off,Off,Off,Off,Off,No,No,No,Yes,Yes,No,No,No,Often,Often,Often,Sometimes,Sometimes,Rarely,Often,Often,Often,Rarely,Rarely,Sometimes,Sometimes,Rarely,,Supportive,Agree,Disagree,Somewhat agree,Disagree,Somewhat agree,Somewhat agree,Somewhat disagree,Disagree,Somewhat agree,Somewhat disagree,5.07,3.1,2.03,2.06,2.1,No,65 or older,Male,,33598,Hillsborough,,"$100,000 or more",100,"Moderate
(2 - 4 ft.)","Small
(several square yards)","Moderate
(10 - 20 ft.)",Not sure,Often,Never,Never,Never
9/7/2026 11:18,9/7/2026 11:33,IP Address,100,916,TRUE,9/7/2026 11:33,R_65viu596oMsyWNR,anonymous,General,EN,1,,I agree,About once a month,20 years or more,"Fishing for fun, sport, or relaxation",,"A boat, kayak, or canoe",Good,Off,Off,Off,Off,Off,Off,Off,Off,Off,Off,Off,Off,Off,Off,Off,Off,Off,Off,Off,Off,Off,Off,On,Off,Off,Off,Off,Off,Off,Off,Off,On,On,Off,On,On,Off,Off,On,On,On,On,On,Off,Off,On,On,Off,On,Off,On,Off,Off,On,On,On,Off,On,Off,Off,Off,On,On,Off,Off,On,On,Off,On,On,On,Off,Off,Off,Off,Off,Yes,No,Yes,Yes,Yes,No,No,No,Often,Often,Often,Sometimes,Sometimes,Sometimes,Often,Often,Often,Rarely,Rarely,Rarely,Rarely,Sometimes,Cobia,Supportive,Agree,Disagree,Somewhat agree,Disagree,Somewhat agree,Strongly disagree,Somewhat agree,Somewhat disagree,Somewhat agree,Disagree,2.92,6.95,7.36,7.51,5.43,No,65 or older,Male,,33598-4083,Hillsborough,,"$100,000 or more",300,"Moderate
(2 - 4 ft.)","Medium
(less than 1 acre)","Shallow
(10 ft. or less)","Moderate
(some nooks and crannies)",Sometimes,Not sure,Sometimes,Rarely
9/7/2026 12:15,9/7/2026 12:21,IP Address,100,331,TRUE,9/7/2026 12:21,R_1lohJoMJHvsaioT,email,General,EN,1,,I agree,About once a week,10 - 19 years,"Fishing for fun, sport, or relaxation",,"The shoreline or bank of a water body,A boat, kayak, or canoe",Excellent,Off,Off,On,Off,Off,Off,On,On,Off,Off,Off,Off,Off,Off,Off,Off,Off,Off,Off,Off,Off,Off,Off,On,Off,Off,Off,Off,Off,Off,Off,Off,Off,Off,Off,Off,Off,Off,On,On,On,Off,Off,Off,On,Off,On,On,Off,Off,On,Off,Off,Off,Off,Off,Off,Off,Off,Off,Off,Off,Off,Off,Off,Off,Off,Off,Off,Off,Off,Off,On,On,On,On,No,Yes,Yes,Yes,Yes,Yes,No,No,Rarely,Often,Often,Often,Often,Often,Always,Always,Always,Always,Rarely,Sometimes,Sometimes,Never,n/a,Supportive,Strongly agree,Disagree,Strongly agree,Strongly disagree,Strongly agree,Disagree,Disagree,Disagree,Disagree,Disagree,6.04,7.08,6.21,4.94,2.07,No,25 - 34,Male,,33607,Hillsborough,,"$25,001 - $50,000",20,Not sure,Not sure,Not sure,Not sure,Always,Not sure,Always,Not sure
9/7/2026 13:58,9/7/2026 14:07,IP Address,100,501,TRUE,9/7/2026 14:07,R_7LZMgsvtLjQ0bjM,email,General,EN,1,,I agree,A few times,20 years or more,"Fishing for fun, sport, or relaxation",,"A boat, kayak, or canoe",Good,Off,Off,Off,Off,Off,Off,Off,Off,Off,Off,Off,Off,Off,On,On,Off,Off,Off,Off,On,On,Off,Off,Off,Off,On,On,Off,Off,Off,Off,Off,On,On,Off,Off,Off,On,On,Off,Off,Off,Off,Off,On,On,Off,Off,Off,Off,On,On,Off,Off,Off,Off,On,On,Off,Off,Off,On,Off,Off,Off,Off,Off,Off,Off,Off,Off,Off,Off,Off,Off,Off,No,Yes,Yes,Yes,Yes,No,No,No,Often,Often,Often,Often,Sometimes,Often,Often,Often,Often,Sometimes,Rarely,Rarely,Rarely,Never,,Supportive,Strongly agree,Disagree,Agree,Disagree,Strongly agree,Agree,Somewhat disagree,Agree,Disagree,Agree,4.49,6.89,4.75,4.63,1.63,No,55 - 64,Male,,33578,Hillsborough,,"$25,000 or less",200,"Moderate
(2 - 4 ft.)","Medium
(less than 1 acre)","Moderate
(10 - 20 ft.)","Moderate
(some nooks and crannies)",Sometimes,Sometimes,Sometimes,Sometimes
9/7/2026 17:29,9/7/2026 17:47,IP Address,100,1054,TRUE,9/7/2026 17:47,R_6f1KaAFCiDw7Lcr,email,General,EN,0.8999999761581421,,I agree,Many times a week,1 - 4 years,"Fishing for fun, sport, or relaxation",,"A boat, kayak, or canoe",Excellent,Off,Off,Off,Off,Off,Off,Off,Off,Off,Off,Off,Off,Off,Off,Off,Off,Off,Off,Off,Off,Off,Off,Off,Off,Off,Off,Off,Off,Off,Off,Off,Off,Off,Off,Off,Off,Off,Off,Off,Off,Off,Off,Off,Off,On,Off,Off,Off,Off,Off,On,Off,Off,Off,Off,Off,Off,Off,Off,Off,Off,Off,Off,Off,Off,Off,Off,On,Off,Off,Off,On,Off,Off,Off,Off,No,No,No,No,Yes,Yes,No,No,Often,Often,Often,Often,Often,Often,Often,Often,Often,Sometimes,Often,Sometimes,Sometimes,Sometimes,,Supportive,Strongly agree,Disagree,Agree,Disagree,Strongly agree,Somewhat agree,Disagree,Disagree,Agree,Somewhat disagree,9.17,2.95,4.99,0.35,0.43,No,55 - 64,Male,,33844,Polk,,"$75,001 - $100,000",180,"Moderate
(2 - 4 ft.)","Medium
(less than 1 acre)","Shallow
(10 ft. or less)","Moderate
(some nooks and crannies)",Often,Sometimes,Often,Rarely
9/7/2026 18:45,9/7/2026 18:54,IP Address,100,567,TRUE,9/7/2026 18:54,R_1aQuBSwqBWQHQ4Z,anonymous,General,EN,0.8999999761581421,,I agree,About once a month,10 - 19 years,"Fishing for fun, sport, or relaxation",,"A boat, kayak, or canoe",Good,Off,Off,Off,Off,Off,Off,Off,Off,Off,Off,Off,Off,Off,Off,Off,Off,On,On,Off,Off,Off,Off,Off,Off,Off,Off,Off,Off,Off,Off,Off,Off,On,On,Off,Off,Off,Off,On,Off,On,On,Off,On,On,On,Off,On,Off,Off,On,On,On,Off,Off,Off,Off,Off,Off,Off,Off,On,Off,Off,Off,On,On,On,On,On,Off,Off,Off,Off,Off,Off,No,No,Yes,Yes,Yes,Yes,No,No,Sometimes,Often,Sometimes,Often,Often,Often,Often,Often,Often,Sometimes,Often,Sometimes,Rarely,Often,,Neutral,Agree,Disagree,Somewhat disagree,Agree,Agree,Disagree,Somewhat agree,Disagree,Strongly agree,Disagree,3.62,5.06,2.66,6.95,8.98,Yes,65 or older,Male,,33598,Hillsborough,,"$100,000 or more",150,Not sure,"Medium
(less than 1 acre)","Moderate
(10 - 20 ft.)","Complex
(lots of holes, edges, and hiding spots)",Often,Not sure,Sometimes,Not sure
9/7/2026 21:42,9/7/2026 21:54,IP Address,100,693,TRUE,9/7/2026 21:54,R_1PbpdGkvgb0UdBx,email,General,EN,1,,I agree,About once a week,1 - 4 years,"Fishing for fun, sport, or relaxation,Fishing for your own food",,"The shoreline or bank of a water body,A fishing pier or boardwalk",Good,Off,Off,Off,Off,On,Off,Off,Off,Off,Off,Off,Off,Off,Off,Off,Off,Off,Off,Off,Off,Off,Off,Off,Off,On,Off,Off,Off,Off,Off,Off,Off,Off,Off,Off,Off,Off,Off,Off,On,On,Off,Off,Off,Off,Off,Off,Off,Off,Off,Off,Off,Off,On,Off,Off,Off,Off,Off,Off,Off,Off,Off,Off,Off,Off,Off,Off,Off,Off,Off,Off,Off,On,Off,Off,No,No,No,No,Yes,No,No,No,Rarely,Often,Often,Sometimes,Rarely,Often,Sometimes,Often,Often,Rarely,Often,Always,Often,Sometimes,,Neutral,Agree,Disagree,Agree,Disagree,Agree,Disagree,Agree,Somewhat disagree,Agree,Disagree,2.65,8.08,8.93,9.79,10,No,45 - 54,Male,,33544,Pasco,,"$100,000 or more",50,Not sure,"Small
(several square yards)","Shallow
(10 ft. or less)","Simple
(mostly flat or smooth)",Sometimes,Rarely,Often,Never
10/7/2026 9:52,10/7/2026 10:09,IP Address,100,986,TRUE,10/7/2026 10:09,R_70SLd09TFTgCrLt,email,General,EN,1,,I agree,A few times,5 - 9 years,"Fishing for fun, sport, or relaxation,Fishing for your own food",,"A boat, kayak, or canoe",Good,On,On,Off,Off,Off,Off,Off,Off,Off,Off,Off,Off,Off,Off,Off,Off,Off,Off,Off,Off,Off,Off,On,Off,Off,Off,Off,Off,Off,On,Off,Off,Off,Off,Off,Off,Off,Off,Off,Off,Off,Off,Off,Off,Off,Off,Off,Off,Off,Off,Off,Off,Off,Off,Off,Off,Off,Off,Off,Off,Off,Off,Off,Off,Off,Off,Off,Off,Off,Off,Off,Off,Off,Off,Off,Off,No,No,No,No,No,No,No,No,Often,Always,Often,Sometimes,Rarely,Always,Always,Always,Always,Rarely,Sometimes,Sometimes,Never,Never,,Supportive,Agree,Disagree,Somewhat agree,Somewhat disagree,Strongly agree,Somewhat agree,Somewhat agree,Somewhat disagree,Somewhat agree,Somewhat disagree,5,3.05,3.11,7.92,9.11,No,45 - 54,Male,,34654,Pasco,,"$100,000 or more",250,Not sure,"Small
(several square yards)","Shallow
(10 ft. or less)",Not sure,Often,Never,Always,Never
10/7/2026 12:03,10/7/2026 12:13,IP Address,100,628,TRUE,10/7/2026 12:13,R_17xtCRJnIw8j4OE,email,General,EN,1,,I agree,About once a week,10 - 19 years,"Fishing for fun, sport, or relaxation,Fishing for your own food",,"The shoreline or bank of a water body,A fishing pier or boardwalk,A boat, kayak, or canoe",Excellent,Off,On,Off,Off,Off,On,Off,Off,Off,Off,Off,Off,Off,Off,Off,Off,Off,Off,Off,Off,On,Off,Off,Off,Off,Off,On,On,Off,Off,Off,Off,Off,On,Off,Off,Off,Off,On,On,On,Off,Off,Off,On,Off,On,Off,Off,On,On,Off,Off,On,Off,On,On,On,Off,On,Off,On,On,Off,Off,On,On,On,On,On,Off,Off,Off,Off,On,Off,No,Yes,Yes,No,Yes,Yes,Yes,Yes,Sometimes,Sometimes,Often,Often,Sometimes,Often,Often,Rarely,Often,Sometimes,Rarely,Sometimes,Often,Often,Pompano,Supportive,Agree,Disagree,Agree,Somewhat disagree,Agree,Disagree,Agree,Somewhat agree,Agree,Disagree,5.04,8.36,2.12,6.87,8.78,No,25 - 34,Male,,33547,Hillsborough,,"$50,001 - $75,000",100,"Moderate
(2 - 4 ft.)","Medium
(less than 1 acre)","Moderate
(10 - 20 ft.)","Moderate
(some nooks and crannies)",Often,Rarely,Often,Never
10/7/2026 19:14,10/7/2026 19:22,IP Address,100,507,TRUE,10/7/2026 19:22,R_3kHv195N9jaLxq9,anonymous,General,EN,1,,I agree,About once a month,1 - 4 years,"Fishing for fun, sport, or relaxation,Fishing for your own food",,"A fishing pier or boardwalk,A boat, kayak, or canoe",Good,Off,Off,Off,Off,Off,Off,Off,Off,Off,Off,Off,Off,Off,Off,Off,Off,Off,Off,Off,Off,Off,Off,Off,Off,Off,Off,Off,Off,Off,Off,Off,Off,On,Off,Off,Off,Off,On,Off,Off,Off,Off,Off,On,Off,Off,Off,On,Off,Off,Off,Off,Off,Off,On,Off,Off,Off,Off,Off,On,Off,Off,Off,Off,Off,Off,Off,Off,Off,Off,Off,Off,Off,Off,Off,No,No,No,No,Yes,No,Yes,No,Rarely,Often,Often,Often,Sometimes,Rarely,Never,Often,Often,Never,Often,Often,Often,Never,,Supportive,Somewhat agree,Disagree,Somewhat disagree,Disagree,Somewhat agree,Disagree,Agree,Disagree,Agree,Disagree,1.49,8.27,7.35,7.68,8,No,65 or older,Male,,33598,Hillsborough,,"$50,001 - $75,000",275,"Moderate
(2 - 4 ft.)","Medium
(less than 1 acre)","Moderate
(10 - 20 ft.)","Simple
(mostly flat or smooth)",Not sure,Not sure,Sometimes,Not sure
10/7/2026 19:27,10/7/2026 19:37,IP Address,100,550,TRUE,10/7/2026 19:37,R_6XgR4T9ExTsCqpR,anonymous,General,EN,1,,I agree,A few times,1 - 4 years,"Fishing for fun, sport, or relaxation",,"A boat, kayak, or canoe",Fair,Off,Off,Off,Off,Off,Off,Off,Off,Off,Off,Off,Off,Off,Off,Off,Off,Off,Off,Off,Off,Off,Off,Off,Off,On,On,Off,Off,Off,Off,Off,On,On,Off,Off,Off,On,On,Off,Off,Off,Off,On,On,Off,Off,Off,Off,On,On,Off,Off,Off,Off,Off,On,On,Off,Off,Off,Off,Off,Off,Off,Off,Off,Off,Off,Off,Off,Off,Off,Off,Off,Off,Off,No,Yes,No,Yes,No,Yes,No,No,Rarely,Rarely,Rarely,Rarely,Sometimes,Sometimes,Rarely,Rarely,Never,Never,Never,Rarely,Never,Never,,Supportive,Somewhat agree,Strongly disagree,Agree,Strongly disagree,Agree,Somewhat agree,Somewhat agree,Somewhat agree,Disagree,Somewhat agree,6.72,6.08,6.69,1.61,1.79,No,65 or older,Male,,33598,Hillsborough,,"$50,001 - $75,000",150,"Moderate
(2 - 4 ft.)","Medium
(less than 1 acre)","Shallow
(10 ft. or less)","Moderate
(some nooks and crannies)",Rarely,Rarely,Never,Not sure
10/7/2026 19:47,10/7/2026 19:57,IP Address,100,566,TRUE,10/7/2026 19:57,R_7eJj4ltnuYV4MbU,email,General,EN,1,,I agree,A few times,5 - 9 years,"Fishing for fun, sport, or relaxation,Fishing for your own food",,"A fishing pier or boardwalk,A boat, kayak, or canoe",Fair,Off,Off,Off,Off,Off,Off,Off,Off,Off,Off,Off,Off,Off,Off,Off,Off,Off,Off,Off,Off,Off,Off,Off,Off,Off,Off,Off,Off,Off,Off,Off,Off,Off,Off,Off,Off,Off,Off,Off,Off,Off,Off,Off,Off,Off,Off,Off,Off,On,On,Off,Off,Off,Off,Off,On,Off,Off,Off,Off,On,Off,Off,Off,Off,Off,Off,Off,Off,Off,Off,Off,Off,Off,Off,Off,No,No,Yes,No,No,No,No,No,Sometimes,Sometimes,Rarely,Often,Sometimes,Sometimes,Never,Never,Sometimes,Never,Sometimes,Sometimes,Sometimes,Never,,Supportive,Agree,Somewhat agree,Somewhat agree,Disagree,Somewhat agree,Disagree,Agree,Somewhat disagree,Agree,Disagree,5.45,10,4.4,5.17,10,No,55 - 64,Male,,34207,Manatee,,"$50,001 - $75,000",100,"High
(5 ft. or more)","Small
(several square yards)","Moderate
(10 - 20 ft.)","Moderate
(some nooks and crannies)",Sometimes,Sometimes,Sometimes,Not sure
11/7/2026 8:02,11/7/2026 8:13,IP Address,100,697,TRUE,11/7/2026 8:13,R_7bNzay9e0bwAGe5,anonymous,General,EN,1,,I agree,A few times,20 years or more,"Fishing for fun, sport, or relaxation",,"A boat, kayak, or canoe",Fair,Off,Off,Off,Off,Off,Off,Off,Off,Off,Off,Off,Off,Off,Off,Off,Off,Off,Off,Off,Off,Off,Off,Off,Off,Off,Off,Off,Off,Off,Off,Off,Off,Off,Off,Off,Off,Off,Off,On,On,Off,Off,Off,Off,On,Off,On,On,Off,Off,On,Off,Off,On,Off,Off,On,Off,Off,Off,Off,On,Off,Off,Off,Off,Off,Off,Off,Off,Off,Off,Off,Off,Off,Off,Yes,No,Yes,Yes,No,Yes,No,No,Sometimes,Often,Always,Sometimes,Often,Often,Often,Often,Never,Rarely,Never,Often,Often,Rarely,,Supportive,Agree,Somewhat disagree,Agree,Disagree,Agree,Somewhat disagree,Agree,Disagree,Somewhat disagree,Somewhat disagree,3.87,3.87,6.04,4.11,4.43,No,65 or older,Male,,33598,Hillsborough,,"$100,000 or more",200,Not sure,Not sure,Not sure,Not sure,Not sure,Not sure,Not sure,Not sure
11/7/2026 10:14,11/7/2026 10:20,IP Address,100,391,TRUE,11/7/2026 10:20,R_1ir3Xuhx4Id4tdM,email,General,EN,1,,I agree,About once a week,20 years or more,"Fishing for fun, sport, or relaxation",,"A boat, kayak, or canoe",Excellent,Off,Off,Off,Off,Off,Off,Off,Off,Off,Off,Off,Off,Off,Off,Off,Off,Off,Off,Off,Off,Off,Off,Off,Off,Off,Off,Off,Off,On,Off,Off,Off,Off,Off,On,Off,Off,Off,Off,On,On,On,Off,Off,Off,Off,On,On,Off,Off,Off,Off,Off,On,On,Off,Off,Off,Off,Off,On,Off,Off,Off,Off,Off,Off,Off,Off,Off,Off,Off,On,On,On,On,No,No,No,No,No,No,No,No,Sometimes,Often,Always,Rarely,Never,Sometimes,Always,Sometimes,Always,Often,Rarely,Often,Rarely,Never,,Supportive,Agree,Disagree,Disagree,Disagree,Somewhat disagree,Disagree,Agree,Disagree,Somewhat disagree,Strongly disagree,9.09,3.71,8.88,8.88,9.97,No,45 - 54,Male,,33708,Pinellas,,"$100,000 or more",100,,,,,,,,
11/7/2026 10:44,11/7/2026 10:56,IP Address,100,763,TRUE,11/7/2026 10:56,R_1KuZdUgHW7I7Xr1,anonymous,General,EN,1,,I agree,A few times,5 - 9 years,"Fishing for fun, sport, or relaxation,Fishing for your own food",,"A fishing pier or boardwalk,A boat, kayak, or canoe",Good,Off,Off,Off,Off,Off,Off,Off,Off,Off,Off,Off,Off,On,Off,Off,Off,Off,Off,On,Off,On,Off,Off,Off,Off,Off,On,Off,Off,Off,Off,On,Off,On,Off,Off,Off,On,On,On,Off,Off,Off,On,On,Off,On,Off,Off,Off,On,Off,Off,On,Off,Off,On,Off,Off,Off,Off,On,Off,Off,On,On,On,On,Off,Off,Off,Off,Off,Off,Off,Off,Yes,No,No,No,No,No,No,No,Sometimes,Often,Often,Sometimes,Sometimes,Sometimes,Sometimes,Sometimes,Rarely,Rarely,Often,Often,Often,Never,,Supportive,Agree,Disagree,Agree,Disagree,Agree,Somewhat agree,Somewhat disagree,Somewhat agree,Somewhat disagree,Somewhat agree,4.98,8.04,4.98,4.98,5.02,No,65 or older,Male,,33598,Hillsborough,,,175,Not sure,Not sure,Not sure,Not sure,Sometimes,Rarely,Sometimes,Sometimes
11/7/2026 17:53,11/7/2026 18:02,IP Address,100,528,TRUE,11/7/2026 18:02,R_1UcuzwOILeJAc7p,email,General,EN,1,,I agree,About once a week,1 - 4 years,"Fishing for fun, sport, or relaxation",,"A boat, kayak, or canoe",Good,Off,Off,Off,Off,Off,Off,Off,Off,Off,Off,Off,Off,Off,Off,Off,Off,Off,Off,Off,Off,Off,Off,Off,Off,Off,Off,Off,Off,Off,Off,Off,Off,Off,Off,Off,Off,Off,Off,Off,Off,Off,Off,Off,Off,On,On,Off,Off,Off,Off,On,Off,Off,Off,Off,Off,Off,On,Off,Off,Off,On,On,On,On,On,On,On,On,On,On,On,Off,Off,Off,Off,Yes,Yes,Yes,Yes,Yes,Yes,Yes,No,Always,Often,Often,Rarely,Sometimes,Often,Often,Often,Often,Sometimes,Rarely,Rarely,Rarely,Sometimes,,Neutral,Somewhat agree,Somewhat agree,Somewhat disagree,Somewhat disagree,Somewhat agree,Somewhat agree,Somewhat agree,Agree,Somewhat agree,Somewhat agree,1.95,5.44,5.64,1.06,1.18,No,55 - 64,Male,,34209,Manatee,,"$100,000 or more",5000,Not sure,Not sure,Not sure,Not sure,Often,Sometimes,Sometimes,Never
12/7/2026 14:43,12/7/2026 14:54,IP Address,100,650,TRUE,12/7/2026 14:54,R_7ZSujnfrHnoTQHL,anonymous,General,EN,1,,I agree,About once a week,5 - 9 years,"Fishing for fun, sport, or relaxation",,"A boat, kayak, or canoe",Good,Off,Off,Off,Off,Off,Off,Off,Off,Off,Off,Off,Off,Off,Off,Off,Off,Off,Off,Off,Off,Off,Off,Off,Off,Off,Off,On,Off,Off,Off,Off,Off,On,On,Off,Off,Off,Off,On,Off,Off,Off,Off,Off,Off,Off,Off,Off,Off,Off,Off,Off,Off,Off,Off,Off,Off,Off,Off,Off,Off,On,Off,Off,On,On,On,On,On,On,On,On,Off,Off,Off,Off,Yes,Yes,No,No,No,No,No,No,Often,Often,Often,Often,Often,Often,Often,Often,Often,Never,Often,Often,Never,Never,,Supportive,Agree,Strongly disagree,Agree,Strongly disagree,Strongly agree,Strongly disagree,Strongly disagree,Strongly disagree,Somewhat agree,Strongly disagree,0.1,0.1,0.1,9.87,9.56,No,65 or older,Male,,33598,Hillsborough,,"$100,000 or more",50,Not sure,Not sure,"Moderate
(10 - 20 ft.)",Not sure,Not sure,Not sure,Not sure,Not sure
14/7/2026 16:10,14/7/2026 16:31,IP Address,100,1265,TRUE,14/7/2026 16:31,R_7GoIUsTrY4rqqmU,email,General,EN,1,,I agree,About once a month,1 - 4 years,"Fishing for fun, sport, or relaxation",,A fishing pier or boardwalk,Fair,Off,Off,Off,On,On,On,Off,Off,Off,Off,Off,Off,Off,Off,Off,Off,Off,Off,Off,Off,Off,Off,Off,Off,On,Off,Off,Off,Off,Off,Off,Off,Off,Off,On,Off,Off,On,On,Off,On,Off,Off,Off,Off,Off,Off,On,Off,Off,Off,Off,Off,Off,Off,Off,Off,Off,Off,Off,Off,On,Off,Off,Off,Off,Off,Off,Off,Off,Off,Off,Off,On,Off,On,Yes,Yes,Yes,Yes,No,Yes,Yes,No,Rarely,Rarely,Often,Never,Rarely,Often,Rarely,Rarely,Rarely,Never,Rarely,Sometimes,Rarely,Rarely,Waiting waiting,Supportive,Agree,Somewhat disagree,Agree,Somewhat disagree,Agree,Somewhat disagree,Somewhat agree,Somewhat disagree,Somewhat agree,Somewhat agree,8.1,5.95,4.85,3.23,2.44,No,55 - 64,Male,,,Pinellas,,"$25,001 - $50,000",400,Not sure,Not sure,Not sure,Not sure,Not sure,Not sure,Rarely,Not sure
15/7/2026 5:19,15/7/2026 5:25,IP Address,100,368,TRUE,15/7/2026 5:25,R_3E3qtm7udknwRHz,email,General,EN,1,,I agree,About once a month,5 - 9 years,"Fishing for fun, sport, or relaxation,Fishing for your own food",,"A fishing pier or boardwalk,A boat, kayak, or canoe",Excellent,Off,Off,Off,Off,Off,Off,Off,Off,Off,Off,Off,Off,Off,Off,Off,Off,On,On,Off,Off,Off,Off,Off,Off,Off,Off,Off,Off,Off,Off,Off,Off,Off,Off,Off,Off,Off,Off,Off,Off,Off,Off,Off,Off,Off,Off,Off,Off,Off,Off,Off,Off,Off,On,Off,Off,Off,Off,Off,Off,Off,Off,Off,Off,Off,Off,Off,Off,Off,Off,Off,Off,Off,Off,Off,Off,No,No,No,No,No,No,No,No,Rarely,Sometimes,Sometimes,Often,Often,Always,Never,Sometimes,Rarely,Never,Sometimes,Often,Sometimes,Often,Spanish mackerel ,Supportive,Strongly agree,Strongly disagree,Somewhat agree,Strongly disagree,Strongly agree,Agree,Somewhat agree,Somewhat agree,Agree,Strongly disagree,0.71,4.74,10,7.25,4.2,Yes,55 - 64,Male,,33629,Hillsborough,,"$100,000 or more",25,"Moderate
(2 - 4 ft.)","Medium
(less than 1 acre)","Moderate
(10 - 20 ft.)","Moderate
(some nooks and crannies)",Not sure,Not sure,Not sure,Not sure
15/7/2026 18:08,15/7/2026 18:19,IP Address,100,636,TRUE,15/7/2026 18:19,R_6kUj7h5vWc0ptTj,email,General,EN,0.8999999761581421,,I agree,A few times,20 years or more,"Fishing for fun, sport, or relaxation",,"The shoreline or bank of a water body,A fishing pier or boardwalk,A boat, kayak, or canoe",Good,Off,Off,Off,Off,Off,Off,Off,Off,On,On,Off,Off,Off,Off,Off,On,Off,Off,Off,Off,Off,Off,Off,Off,Off,Off,Off,Off,Off,Off,Off,Off,Off,Off,Off,Off,Off,Off,Off,On,On,Off,Off,Off,Off,Off,On,Off,Off,Off,Off,Off,Off,On,Off,Off,Off,Off,Off,Off,Off,Off,Off,Off,Off,Off,Off,Off,Off,Off,Off,Off,On,On,Off,Off,No,No,No,Yes,No,Yes,No,No,Rarely,Often,Often,Sometimes,Rarely,Sometimes,Sometimes,Often,Often,Never,Sometimes,Rarely,Rarely,Sometimes,,Supportive,Somewhat agree,Somewhat disagree,Somewhat disagree,Somewhat disagree,Somewhat agree,Strongly disagree,Strongly agree,Disagree,Agree,Disagree,1.86,3.79,5.94,10,8.14,No,55 - 64,Male,,33772,Pinellas,,"$50,001 - $75,000",20,"Moderate
(2 - 4 ft.)","Small
(several square yards)","Moderate
(10 - 20 ft.)","Moderate
(some nooks and crannies)",Often,Rarely,Often,Not sure
16/7/2026 6:37,16/7/2026 6:41,IP Address,100,263,TRUE,16/7/2026 6:41,R_3OuC8sFhgbCIv6E,email,General,EN,1,,I agree,About once a week,1 - 4 years,"Fishing for fun, sport, or relaxation",,A fishing pier or boardwalk,Good,Off,Off,Off,Off,Off,Off,Off,Off,Off,Off,Off,Off,Off,Off,Off,Off,Off,Off,Off,Off,Off,Off,Off,Off,Off,Off,Off,Off,Off,Off,Off,Off,Off,Off,Off,Off,Off,Off,Off,Off,Off,Off,Off,Off,Off,Off,Off,Off,Off,Off,Off,Off,Off,Off,Off,Off,Off,Off,Off,Off,Off,Off,Off,Off,Off,Off,Off,Off,Off,Off,Off,Off,Off,Off,On,Off,Yes,No,No,No,No,Yes,Yes,No,Never,Often,Often,Often,Never,Always,Always,Always,Always,Never,Always,Never,Never,Always,red fish,Supportive,Strongly agree,Strongly disagree,Strongly agree,Strongly disagree,Strongly agree,Agree,Agree,Agree,Somewhat disagree,Somewhat agree,4.3,10,10,7.39,5.44,No,45 - 54,Male,,33609,Hillsborough,,"$100,000 or more",100,,,,,,,,
21/7/2026 14:51,21/7/2026 14:56,IP Address,100,330,TRUE,21/7/2026 14:56,R_6qtmLtlTc1xGQDL,email,General,EN,1,,I agree,A few times,1 - 4 years,"Fishing for fun, sport, or relaxation",,"A boat, kayak, or canoe",Good,Off,Off,Off,Off,Off,Off,Off,Off,Off,Off,Off,Off,Off,Off,Off,Off,Off,Off,Off,Off,Off,Off,Off,Off,Off,Off,Off,Off,Off,Off,Off,Off,Off,Off,Off,Off,Off,Off,Off,On,Off,Off,Off,Off,Off,Off,Off,Off,Off,Off,Off,Off,Off,Off,Off,Off,Off,Off,Off,Off,Off,Off,Off,Off,Off,Off,Off,Off,Off,Off,Off,Off,Off,Off,Off,Off,Yes,No,Yes,Yes,No,No,No,No,Rarely,Sometimes,Sometimes,Rarely,Rarely,Sometimes,Often,Often,Sometimes,Sometimes,Rarely,Rarely,Sometimes,Rarely,,Supportive,Somewhat agree,Somewhat disagree,Somewhat agree,Somewhat disagree,Somewhat agree,Somewhat agree,Somewhat agree,Somewhat disagree,Somewhat agree,Disagree,4.21,9.11,9.35,8.32,5.54,No,45 - 54,Male,,33549,Hillsborough,,"$100,000 or more",200,"Moderate
(2 - 4 ft.)",Not sure,Not sure,Not sure,Sometimes,Not sure,Sometimes,Not sure