StartDate,EndDate,Status,Progress,Duration (in seconds),Finished,RecordedDate,ResponseId,DistributionChannel,TYPE,UserLanguage,Q_RecaptchaScore,Q_DuplicateRespondent,CONSENT,FREQUENCY,DURATION,REASONS,REASONS_5_TEXT,LOCATION,SKILL,MAP_1,MAP_2,MAP_3,MAP_4,MAP_5,MAP_6,MAP_7,MAP_8,MAP_9,MAP_10,MAP_11,MAP_12,MAP_13,MAP_14,MAP_15,MAP_16,MAP_17,MAP_18,MAP_19,MAP_20,MAP_21,MAP_22,MAP_23,MAP_24,MAP_25,MAP_26,MAP_27,MAP_28,MAP_29,MAP_30,MAP_31,MAP_32,MAP_33,MAP_34,MAP_35,MAP_36,MAP_37,MAP_38,MAP_39,MAP_40,MAP_41,MAP_42,MAP_43,MAP_44,MAP_45,MAP_46,MAP_47,MAP_48,MAP_49,MAP_50,MAP_51,MAP_52,MAP_53,MAP_54,MAP_55,MAP_56,MAP_57,MAP_58,MAP_59,MAP_60,MAP_61,MAP_62,MAP_63,MAP_64,MAP_65,MAP_66,MAP_67,MAP_68,MAP_69,MAP_70,MAP_71,MAP_72,MAP_73,MAP_74,MAP_75,MAP_76,PRESSURES_1,PRESSURES_2,PRESSURES_3,PRESSURES_4,PRESSURES_5,PRESSURES_6,PRESSURES_7,PRESSURES_8,HABITATS_1,HABITATS_2,HABITATS_3,HABITATS_4,HABITATS_5,HABITATS_6,SPECIES_1,SPECIES_2,SPECIES_3,SPECIES_4,SPECIES_5,SPECIES_6,SPECIES_7,SPECIES_8,SPECIES_8_TEXT,FUNDING,CONCRETE_1,CONCRETE_2,CONCRETE_3,CONCRETE_4,CONCRETE_5,TIRES_1,TIRES_2,TIRES_3,TIRES_4,TIRES_5,ACTION_1,ACTION_2,ACTION_3,ACTION_4,ACTION_5,AWARE,AGE,GENDER,GENDER_3_TEXT,ZIPCODE,COUNTY,COUNTY_7_TEXT,INCOME,COSTS,AR_RELIEF,AR_SIZE,AR_DEPTH,AR_COMPLEX,AR_MATERIAL_1,AR_MATERIAL_2,AR_MATERIAL_3,AR_MATERIAL_4
7/7/2026 19:09,7/7/2026 19:15,IP Address,100,381,TRUE,7/7/2026 19:15,R_6ONZfYmyyDYGQ2l,email,Saltwater,EN,1,,I agree,A few times,10 - 19 years,"Fishing for fun, sport, or relaxation",,"A boat, kayak, or canoe",Good,On,On,On,On,On,On,On,Off,Off,Off,Off,On,Off,Off,Off,Off,Off,On,Off,Off,Off,Off,Off,On,Off,Off,Off,Off,Off,Off,Off,Off,Off,Off,Off,Off,Off,Off,Off,Off,Off,Off,Off,Off,Off,Off,Off,Off,Off,Off,Off,Off,Off,Off,Off,Off,Off,Off,Off,Off,Off,Off,Off,Off,Off,Off,Off,Off,Off,Off,Off,Off,Off,Off,Off,Off,Yes,Yes,Yes,Yes,No,Yes,Yes,No,Never,Often,Often,Sometimes,Sometimes,Sometimes,Sometimes,Always,Sometimes,Never,Rarely,Rarely,Never,Never,,Supportive,Agree,Somewhat disagree,Somewhat agree,Somewhat agree,Agree,Strongly disagree,Agree,Disagree,Strongly agree,Disagree,0.66,3.22,0.43,7.1,9.96,No,35 - 44,Male,,33624,Hillsborough,,"$100,000 or more",150,"Moderate
(2 - 4 ft.)","Medium
(less than 1 acre)","Moderate
(10 - 20 ft.)",Not sure,Sometimes,Rarely,Often,Never
7/7/2026 19:08,7/7/2026 19:17,IP Address,100,584,TRUE,7/7/2026 19:17,R_5k4yE5D4hM6a50K,email,Saltwater,EN,1,,I agree,About once a month,20 years or more,"Fishing for fun, sport, or relaxation",,"A boat, kayak, or canoe",Excellent,Off,Off,Off,Off,Off,Off,Off,Off,Off,Off,Off,Off,Off,Off,Off,Off,Off,Off,Off,Off,Off,Off,Off,Off,Off,Off,Off,Off,Off,Off,Off,Off,Off,Off,Off,Off,Off,Off,Off,On,On,On,On,On,On,On,On,On,On,On,On,On,On,On,On,On,On,On,On,On,On,On,On,On,On,On,On,On,On,On,On,On,On,On,On,On,Yes,No,No,Yes,Yes,Yes,No,No,Sometimes,Often,Often,Often,Sometimes,Sometimes,Often,Often,Often,Often,Rarely,Often,Sometimes,Sometimes,Cobia,Supportive,Agree,Disagree,Agree,Disagree,Agree,Somewhat agree,Agree,Somewhat disagree,Somewhat agree,Disagree,0.68,0.7,0.77,1.01,10,No,45 - 54,Male,,34209,Manatee,,"$100,000 or more",250,"Moderate
(2 - 4 ft.)","Small
(several square yards)","Moderate
(10 - 20 ft.)","Moderate
(some nooks and crannies)",Sometimes,Sometimes,Often,Rarely
7/7/2026 19:11,7/7/2026 19:25,IP Address,100,864,TRUE,7/7/2026 19:25,R_1K3lVICE8jINq2F,email,Saltwater,EN,1,,I agree,About once a week,10 - 19 years,"Fishing for fun, sport, or relaxation,Fishing for your own food",,"The shoreline or bank of a water body,A fishing pier or boardwalk,A boat, kayak, or canoe",Fair,Off,Off,Off,On,On,On,Off,Off,Off,Off,Off,Off,Off,Off,Off,Off,Off,Off,Off,Off,On,Off,Off,Off,Off,Off,On,Off,Off,Off,Off,Off,On,On,Off,Off,Off,On,On,Off,Off,Off,Off,Off,On,On,Off,Off,Off,Off,Off,Off,On,Off,Off,Off,Off,Off,Off,Off,Off,On,Off,Off,Off,Off,On,Off,Off,On,Off,Off,Off,Off,Off,Off,No,No,No,Yes,Yes,No,Yes,Yes,Sometimes,Sometimes,Sometimes,Sometimes,Sometimes,Sometimes,Sometimes,Often,Often,Never,Often,Often,Rarely,Never,Na,Supportive,Somewhat agree,Disagree,Agree,Somewhat agree,Agree,Strongly disagree,Agree,Disagree,Agree,Disagree,3.02,10,9.19,7.35,7.1,No,45 - 54,Male,,33598,Hillsborough,,"$50,001 - $75,000",75,"Moderate
(2 - 4 ft.)","Medium
(less than 1 acre)","Moderate
(10 - 20 ft.)",Not sure,Not sure,Not sure,Sometimes,Not sure
7/7/2026 19:14,7/7/2026 19:27,IP Address,100,761,TRUE,7/7/2026 19:27,R_7DexmAbZacHqv2V,email,Saltwater,EN,1,,I agree,A few times,20 years or more,"Fishing for fun, sport, or relaxation",,"A fishing pier or boardwalk,A boat, kayak, or canoe",Good,Off,Off,Off,Off,Off,Off,Off,Off,Off,Off,Off,Off,Off,Off,Off,Off,Off,Off,Off,Off,Off,Off,Off,Off,Off,Off,Off,Off,Off,Off,Off,Off,Off,Off,Off,Off,Off,Off,Off,Off,Off,Off,Off,Off,Off,Off,Off,On,Off,Off,Off,Off,Off,On,On,Off,Off,Off,On,On,On,On,Off,On,On,On,On,On,On,On,Off,On,Off,Off,Off,Off,Yes,Yes,Yes,Yes,Yes,Yes,Yes,No,Often,Sometimes,Often,Sometimes,Often,Often,Sometimes,Often,Sometimes,Never,Sometimes,Often,Often,Often,"Mackerel, Jack, Pompano",Supportive,Agree,Disagree,Somewhat disagree,Somewhat agree,Agree,Somewhat agree,Somewhat disagree,Disagree,Agree,Disagree,0.87,10,10,10,10,No,45 - 54,Male,,34203,Manatee,,"$100,000 or more",500,Not sure,"Small
(several square yards)","Moderate
(10 - 20 ft.)","Moderate
(some nooks and crannies)",Often,Not sure,Often,Never
7/7/2026 19:11,7/7/2026 19:27,IP Address,100,973,TRUE,7/7/2026 19:27,R_1I9yFep3Uk26M9w,email,Saltwater,EN,1,,I agree,Many times a week,1 - 4 years,"Fishing for fun, sport, or relaxation",,"The shoreline or bank of a water body,A boat, kayak, or canoe",Good,Off,Off,Off,Off,Off,Off,Off,Off,Off,On,On,On,Off,Off,Off,On,On,On,Off,Off,Off,On,On,On,Off,Off,Off,Off,Off,Off,Off,Off,Off,Off,Off,Off,Off,Off,On,On,On,Off,Off,On,On,Off,On,On,Off,Off,On,Off,Off,On,On,Off,Off,Off,On,Off,On,Off,Off,On,Off,Off,Off,Off,Off,Off,Off,Off,Off,Off,Off,Off,No,No,No,No,Yes,Yes,Yes,Yes,Never,Often,Sometimes,Often,Often,Often,Sometimes,Often,Sometimes,Never,Often,Often,Always,Often,,Supportive,Agree,Disagree,Agree,Disagree,Agree,Strongly disagree,Somewhat agree,Strongly disagree,Agree,Disagree,10,10,10,10,10,Yes,65 or older,Male,,33611,Hillsborough,,"$75,001 - $100,000",50,"High
(5 ft. or more)","Large
(1 acre or more)","Deep
(20 ft. or more)","Complex
(lots of holes, edges, and hiding spots)",Often,Sometimes,Sometimes,Not sure
7/7/2026 19:23,7/7/2026 19:27,IP Address,100,244,TRUE,7/7/2026 19:27,R_6cZdMaWznpG9nCe,email,Saltwater,EN,1,,I agree,Many times a week,1 - 4 years,"Fishing for fun, sport, or relaxation",,"The shoreline or bank of a water body,A fishing pier or boardwalk,A boat, kayak, or canoe",Excellent,Off,Off,Off,Off,Off,Off,Off,Off,Off,Off,Off,Off,Off,Off,Off,Off,Off,Off,Off,Off,Off,Off,Off,Off,Off,Off,Off,Off,Off,Off,Off,Off,Off,On,Off,Off,Off,Off,On,Off,Off,Off,Off,Off,On,On,Off,On,Off,Off,On,On,On,On,On,Off,On,On,Off,Off,On,On,On,On,On,On,On,On,Off,Off,On,On,Off,Off,Off,Off,Yes,No,Yes,Yes,Yes,Yes,No,No,Always,Often,Always,Often,Often,Always,Often,Often,Often,Rarely,Often,Often,Often,Rarely,None,Supportive,Strongly agree,Somewhat disagree,Somewhat disagree,Somewhat disagree,Strongly agree,Somewhat agree,Somewhat agree,Somewhat agree,Somewhat agree,Strongly agree,10,10,1.57,7.39,1.73,No,25 - 34,Male,,34219,Manatee,,"$100,000 or more",,"High
(5 ft. or more)",Not sure,Not sure,Not sure,Often,Sometimes,Always,Not sure
7/7/2026 19:28,7/7/2026 19:35,IP Address,100,374,TRUE,7/7/2026 19:35,R_7kUFM4tAYA48uw4,email,Saltwater,EN,1,,I agree,About once a month,1 - 4 years,"Fishing for fun, sport, or relaxation",,"A boat, kayak, or canoe",Good,Off,Off,Off,Off,Off,Off,Off,Off,Off,Off,Off,Off,Off,Off,Off,Off,Off,Off,Off,Off,Off,Off,Off,Off,Off,Off,Off,Off,Off,Off,Off,Off,On,On,Off,Off,Off,Off,On,Off,Off,Off,Off,Off,Off,Off,Off,On,Off,Off,Off,Off,Off,Off,On,On,Off,Off,Off,Off,On,Off,Off,Off,Off,Off,Off,Off,Off,Off,Off,Off,Off,Off,Off,Off,No,No,No,No,No,Yes,Yes,Yes,Never,Sometimes,Sometimes,Sometimes,Sometimes,Sometimes,Sometimes,Sometimes,Sometimes,Rarely,Sometimes,Sometimes,Sometimes,Never,,Supportive,Agree,Disagree,Agree,Disagree,Agree,Agree,Somewhat agree,Agree,Somewhat agree,Somewhat disagree,3.02,8.03,8.45,10,7.47,No,35 - 44,Male,,33572,Hillsborough,,"$100,000 or more",750,Not sure,Not sure,"Moderate
(10 - 20 ft.)",Not sure,Sometimes,Not sure,Sometimes,Not sure
7/7/2026 19:20,7/7/2026 19:37,IP Address,100,1048,TRUE,7/7/2026 19:37,R_5zvzjP72Yws3u7r,email,Saltwater,EN,1,,I agree,About once a month,1 - 4 years,"Fishing for fun, sport, or relaxation,Fishing for your own food",,"The shoreline or bank of a water body,A fishing pier or boardwalk",Good,Off,Off,Off,On,Off,On,Off,Off,Off,Off,Off,Off,On,On,Off,Off,Off,Off,Off,Off,On,Off,Off,Off,Off,Off,On,Off,Off,Off,Off,Off,Off,On,Off,Off,Off,Off,Off,Off,Off,Off,Off,Off,Off,Off,Off,Off,Off,Off,Off,Off,Off,Off,Off,Off,Off,Off,Off,Off,Off,Off,Off,Off,Off,Off,Off,Off,Off,Off,Off,Off,Off,Off,Off,Off,No,No,No,Yes,Yes,No,Yes,No,Sometimes,Sometimes,Often,Sometimes,Rarely,Often,Sometimes,Sometimes,Sometimes,Never,Sometimes,Often,Never,Sometimes,"Redfish,Mangrove",Supportive,Agree,Somewhat disagree,Agree,Disagree,Agree,Somewhat disagree,Somewhat disagree,Somewhat disagree,Somewhat disagree,Somewhat disagree,4.02,6.68,6.62,4.42,2.61,No,55 - 64,Male,,33566,Hillsborough,,"$25,001 - $50,000",200,Not sure,Not sure,"Moderate
(10 - 20 ft.)","Moderate
(some nooks and crannies)",Not sure,Not sure,Often,Not sure
7/7/2026 19:38,7/7/2026 19:42,IP Address,100,273,TRUE,7/7/2026 19:42,R_3CCt0UNovOG1PxI,email,Saltwater,EN,1,,I agree,About once a month,1 - 4 years,"Fishing for fun, sport, or relaxation,Fishing for your own food",,"The shoreline or bank of a water body,A fishing pier or boardwalk",Fair,Off,Off,Off,Off,Off,Off,Off,Off,Off,Off,Off,On,On,Off,Off,Off,Off,On,On,Off,Off,Off,Off,On,Off,Off,Off,Off,Off,Off,Off,Off,Off,Off,On,Off,Off,Off,Off,Off,Off,Off,Off,Off,Off,Off,Off,Off,Off,Off,Off,Off,Off,Off,Off,Off,Off,Off,Off,Off,Off,Off,Off,Off,Off,Off,Off,Off,Off,On,Off,Off,On,On,On,Off,No,No,No,Yes,Yes,No,Yes,No,Rarely,Sometimes,Often,Often,Sometimes,Often,Sometimes,Sometimes,Sometimes,Rarely,Sometimes,Often,Sometimes,Never,Shark ,Supportive,Somewhat agree,Agree,Agree,Strongly disagree,Somewhat agree,Somewhat disagree,Somewhat agree,Somewhat agree,Somewhat agree,Somewhat agree,4.99,5.46,5.74,2.83,1.93,Yes,25 - 34,Male,,33884,Polk,,"$25,001 - $50,000",,Not sure,Not sure,Not sure,Not sure,Not sure,Not sure,Not sure,Not sure
7/7/2026 19:36,7/7/2026 19:43,IP Address,100,416,TRUE,7/7/2026 19:43,R_1kHxegw1E4ZjHdB,email,Saltwater,EN,1,,I agree,Many times a week,10 - 19 years,"Fishing for fun, sport, or relaxation",,"A boat, kayak, or canoe",Excellent,On,On,Off,On,Off,Off,Off,Off,Off,Off,Off,Off,Off,Off,Off,Off,Off,Off,Off,Off,Off,Off,Off,Off,Off,Off,On,Off,Off,Off,Off,Off,Off,Off,Off,Off,Off,Off,On,Off,Off,Off,Off,Off,On,Off,On,Off,Off,Off,Off,Off,Off,On,Off,Off,Off,Off,Off,Off,Off,Off,Off,Off,Off,Off,Off,Off,Off,Off,Off,Off,Off,Off,Off,Off,Yes,No,Yes,Yes,No,No,No,No,Rarely,Often,Always,Never,Never,Often,Often,Often,Often,Sometimes,Often,Often,Sometimes,Sometimes,,Neutral,Somewhat agree,Somewhat agree,Somewhat agree,Somewhat agree,Somewhat agree,Somewhat agree,Somewhat agree,Somewhat agree,Somewhat agree,Somewhat agree,5.13,0.27,0.46,0.59,1.04,No,35 - 44,Female,,34677,Pinellas,,"$50,001 - $75,000",150,,,,,,,,
7/7/2026 19:38,7/7/2026 19:44,IP Address,100,390,TRUE,7/7/2026 19:44,R_3V3Esx4QiVnb409,email,Saltwater,EN,0.8999999761581421,,I agree,A few times,10 - 19 years,"Fishing for fun, sport, or relaxation",,"A boat, kayak, or canoe",Good,Off,Off,Off,Off,Off,Off,Off,Off,Off,Off,Off,Off,Off,Off,Off,Off,Off,Off,Off,On,Off,Off,Off,Off,On,On,Off,Off,Off,Off,Off,On,Off,Off,Off,Off,Off,On,On,Off,Off,Off,Off,Off,Off,Off,Off,Off,Off,Off,Off,Off,Off,Off,Off,Off,Off,Off,Off,Off,Off,Off,Off,Off,Off,Off,Off,Off,Off,Off,Off,Off,Off,Off,Off,Off,Yes,Yes,Yes,Yes,Yes,No,No,No,Rarely,Never,Often,Often,Sometimes,Often,Often,Often,Often,Never,Often,Often,Often,Never,Na,Supportive,Agree,Disagree,Agree,Somewhat agree,Somewhat agree,Disagree,Agree,Disagree,Agree,Disagree,1.06,3.84,1.77,5.93,4.65,No,35 - 44,Female,,33572,Hillsborough,,"$75,001 - $100,000",100,"High
(5 ft. or more)","Small
(several square yards)",Not sure,Not sure,Rarely,Rarely,Often,Never
7/7/2026 19:36,7/7/2026 19:45,IP Address,100,518,TRUE,7/7/2026 19:45,R_3EcHAiSlsFJq7qt,email,Saltwater,EN,1,,I agree,A few times,1 - 4 years,"Fishing for fun, sport, or relaxation,Fishing for your own food",,"A boat, kayak, or canoe",Fair,Off,Off,Off,Off,Off,Off,Off,Off,Off,Off,Off,Off,Off,Off,Off,Off,Off,On,Off,Off,Off,Off,On,On,Off,Off,Off,Off,Off,Off,Off,Off,Off,On,Off,Off,Off,Off,On,On,Off,Off,Off,Off,On,On,On,Off,Off,Off,On,On,Off,On,Off,Off,Off,On,Off,Off,Off,On,On,Off,Off,On,On,On,Off,Off,Off,Off,Off,On,Off,On,Yes,No,No,Yes,Yes,No,Yes,Yes,Rarely,Often,Often,Sometimes,Sometimes,Often,Sometimes,Often,Often,Never,Often,Often,Rarely,Rarely,,Supportive,Somewhat agree,Somewhat disagree,Somewhat agree,Somewhat disagree,Somewhat agree,Somewhat disagree,Strongly agree,Somewhat disagree,Agree,Disagree,2.96,0.96,0.98,7.05,5.77,No,25 - 34,Female,,33647,Hillsborough,,"$25,001 - $50,000",120,Not sure,Not sure,Not sure,"Moderate
(some nooks and crannies)",Not sure,Not sure,Often,Not sure
7/7/2026 19:38,7/7/2026 19:45,IP Address,100,386,TRUE,7/7/2026 19:45,R_7Q3zUVqyqX6pQVX,email,Saltwater,EN,1,,I agree,A few times,20 years or more,"Fishing for fun, sport, or relaxation",,"A boat, kayak, or canoe",Fair,Off,Off,Off,Off,Off,Off,Off,Off,Off,Off,Off,Off,Off,Off,Off,Off,Off,Off,Off,Off,Off,Off,Off,Off,Off,Off,Off,Off,Off,Off,Off,Off,Off,Off,Off,Off,Off,Off,Off,Off,Off,Off,Off,Off,Off,Off,Off,Off,Off,Off,Off,Off,Off,Off,Off,Off,Off,Off,Off,Off,Off,Off,Off,Off,Off,On,Off,On,On,On,On,Off,Off,Off,Off,Off,No,No,No,No,No,Yes,No,No,Sometimes,Often,Often,Rarely,Rarely,Sometimes,Often,Rarely,Sometimes,Never,Never,Never,Never,Never,,Neutral,Somewhat disagree,Disagree,Somewhat agree,Somewhat disagree,Somewhat agree,Strongly disagree,Strongly agree,Disagree,Disagree,Disagree,4.78,5.09,10,10,10,No,35 - 44,Male,,34207,Manatee,,"$75,001 - $100,000",,Not sure,Not sure,Not sure,Not sure,Sometimes,Never,Sometimes,Never
7/7/2026 19:38,7/7/2026 19:47,IP Address,100,511,TRUE,7/7/2026 19:47,R_7H7vmItMcZz7nl2,email,Saltwater,EN,1,,I agree,A few times,5 - 9 years,"Fishing for fun, sport, or relaxation",,"A boat, kayak, or canoe",Good,Off,Off,Off,Off,Off,Off,Off,Off,Off,Off,Off,Off,Off,Off,Off,Off,Off,Off,Off,Off,Off,Off,Off,Off,Off,Off,Off,Off,Off,Off,Off,Off,Off,Off,Off,Off,Off,Off,Off,On,Off,Off,Off,Off,Off,Off,On,On,Off,Off,Off,Off,Off,Off,On,Off,Off,Off,Off,Off,On,Off,Off,Off,Off,Off,Off,Off,Off,Off,Off,Off,Off,Off,Off,Off,Yes,No,No,No,No,No,No,Yes,Never,Never,Rarely,Often,Often,Often,Never,Sometimes,Sometimes,Never,Sometimes,Often,Often,Rarely,Flounder,Supportive,Agree,Strongly disagree,Somewhat agree,Disagree,Agree,Somewhat disagree,Strongly agree,Agree,Agree,Somewhat agree,0.07,0.75,6.76,5.39,10,Yes,55 - 64,Female,,33706,Pinellas,,"$100,000 or more",350,Not sure,"Medium
(less than 1 acre)","Deep
(20 ft. or more)","Complex
(lots of holes, edges, and hiding spots)",Rarely,Never,Often,Never
7/7/2026 19:43,7/7/2026 19:51,IP Address,100,432,TRUE,7/7/2026 19:51,R_1nNtiZlgUEkM0fL,email,Saltwater,EN,0.800000012,,I agree,About once a week,20 years or more,"Fishing for fun, sport, or relaxation",,"The shoreline or bank of a water body,A fishing pier or boardwalk",Excellent,Off,Off,Off,Off,Off,Off,Off,Off,Off,Off,Off,Off,Off,Off,Off,Off,Off,Off,Off,Off,Off,Off,Off,Off,Off,Off,Off,Off,Off,Off,Off,Off,Off,Off,Off,Off,Off,Off,Off,Off,Off,Off,Off,Off,Off,Off,Off,Off,Off,Off,Off,Off,Off,Off,Off,Off,Off,Off,Off,Off,Off,Off,Off,On,Off,On,On,On,On,On,Off,Off,Off,Off,Off,Off,No,No,No,Yes,Yes,No,No,No,Sometimes,Sometimes,Often,Rarely,Rarely,Often,Rarely,Sometimes,Often,Often,Rarely,Sometimes,Sometimes,Often,"Mackerel,pompano,ladyfish,shark",Supportive,Agree,Disagree,Agree,Disagree,Agree,Somewhat agree,Somewhat disagree,Agree,Somewhat disagree,Somewhat agree,5.06,6.01,7.47,6.16,5.55,No,55 - 64,Male,,34211,Manatee,,,30,"Low
(1 ft. or less)","Small
(several square yards)","Shallow
(10 ft. or less)",Not sure,Rarely,Never,Sometimes,Never
7/7/2026 19:41,7/7/2026 19:55,IP Address,100,822,TRUE,7/7/2026 19:55,R_3b3YPglKeJCmUtr,email,Saltwater,EN,1,,I agree,A few times,5 - 9 years,"Fishing for fun, sport, or relaxation",,"The shoreline or bank of a water body,A fishing pier or boardwalk",Excellent,Off,Off,Off,Off,Off,Off,Off,Off,Off,Off,Off,Off,Off,Off,Off,Off,Off,Off,Off,Off,Off,Off,Off,Off,Off,Off,Off,Off,Off,Off,Off,Off,Off,Off,Off,Off,Off,Off,Off,Off,Off,Off,Off,Off,Off,Off,Off,Off,Off,Off,Off,Off,Off,Off,Off,Off,Off,Off,Off,Off,Off,On,Off,Off,Off,Off,On,Off,Off,On,Off,Off,Off,Off,Off,Off,Yes,Yes,Yes,Yes,No,No,No,No,Often,Rarely,Rarely,Rarely,Rarely,Often,Never,Never,Rarely,Never,Sometimes,Often,Sometimes,Never,,Neutral,Somewhat agree,Somewhat disagree,Agree,Somewhat disagree,Agree,Somewhat disagree,Somewhat disagree,Somewhat disagree,Somewhat disagree,Somewhat disagree,5.2,5.32,5.27,5.24,5.27,No,55 - 64,Female,,34203,Manatee,,,,Not sure,Not sure,Not sure,Not sure,Often,Never,Rarely,Never
7/7/2026 19:51,7/7/2026 19:58,IP Address,100,406,TRUE,7/7/2026 19:58,R_1PN8aX4dmes90aI,email,Saltwater,EN,1,,I agree,About once a month,1 - 4 years,"Fishing for fun, sport, or relaxation",,"A boat, kayak, or canoe",Excellent,Off,Off,Off,Off,Off,Off,Off,Off,Off,Off,Off,Off,Off,Off,Off,Off,Off,Off,Off,Off,Off,Off,Off,Off,Off,Off,Off,Off,Off,Off,Off,Off,Off,Off,Off,Off,Off,Off,Off,On,On,Off,Off,Off,Off,Off,On,On,Off,Off,Off,Off,Off,Off,Off,Off,Off,Off,Off,Off,On,On,Off,On,Off,On,On,On,On,On,Off,Off,Off,Off,Off,Off,No,Yes,Yes,Yes,No,No,No,No,Sometimes,Often,Often,Sometimes,Sometimes,Sometimes,Often,Often,Often,Rarely,Sometimes,Sometimes,Sometimes,Never,,Supportive,Strongly agree,Disagree,Strongly agree,Disagree,Strongly agree,Disagree,Agree,Strongly disagree,Strongly agree,Strongly disagree,5.33,10,9.54,10,7.93,No,55 - 64,Male,,34208,Manatee,,"$100,000 or more",50,Not sure,Not sure,"Moderate
(10 - 20 ft.)","Moderate
(some nooks and crannies)",Often,Not sure,Rarely,Never
7/7/2026 19:56,7/7/2026 20:04,IP Address,100,436,TRUE,7/7/2026 20:04,R_5OJG2U36laqXdx4,email,Saltwater,EN,1,,I agree,About once a month,10 - 19 years,"Fishing for fun, sport, or relaxation,Fishing for your own food",,"The shoreline or bank of a water body,A boat, kayak, or canoe",Excellent,Off,Off,Off,Off,Off,Off,Off,Off,Off,Off,Off,Off,Off,Off,Off,Off,Off,Off,Off,Off,Off,Off,Off,Off,Off,Off,Off,Off,Off,Off,Off,Off,Off,Off,Off,Off,Off,Off,Off,Off,On,Off,Off,On,On,On,Off,On,Off,Off,On,On,On,Off,On,On,Off,On,Off,On,On,On,On,Off,Off,Off,Off,Off,Off,Off,Off,Off,Off,Off,Off,Off,Yes,Yes,Yes,Yes,Yes,Yes,Yes,Yes,Sometimes,Often,Sometimes,Rarely,Rarely,Sometimes,Sometimes,Sometimes,Often,Rarely,Sometimes,Sometimes,Rarely,Never,,Supportive,Agree,Somewhat disagree,Agree,Somewhat disagree,Agree,Somewhat disagree,Agree,Somewhat agree,Somewhat agree,Somewhat disagree,3.16,6.29,8.36,3.34,1.24,No,35 - 44,Male,,34231,Sarasota,,"$100,000 or more",200,"Low
(1 ft. or less)","Small
(several square yards)","Moderate
(10 - 20 ft.)","Moderate
(some nooks and crannies)",Sometimes,Not sure,Not sure,Not sure
7/7/2026 19:53,7/7/2026 20:04,IP Address,100,666,TRUE,7/7/2026 20:04,R_5QASYbf7Os3QZwx,email,Saltwater,EN,1,,I agree,About once a month,20 years or more,"Fishing for fun, sport, or relaxation",,"A boat, kayak, or canoe",Good,Off,Off,Off,Off,Off,Off,Off,Off,Off,Off,Off,Off,Off,Off,Off,Off,Off,Off,Off,Off,Off,Off,Off,Off,Off,Off,Off,Off,Off,Off,On,On,On,Off,Off,Off,On,On,Off,Off,Off,Off,On,On,Off,Off,Off,On,On,On,Off,Off,Off,On,On,On,Off,Off,On,On,On,Off,Off,Off,Off,Off,Off,Off,Off,Off,Off,Off,Off,Off,Off,Off,No,No,No,Yes,Yes,No,Yes,Yes,Rarely,Rarely,Never,Often,Sometimes,Sometimes,Rarely,Never,Rarely,Sometimes,Never,Sometimes,Sometimes,Often,Kingfish,Supportive,Agree,Disagree,Agree,Disagree,Agree,Agree,Disagree,Agree,Somewhat disagree,Somewhat agree,1.06,6.22,6.22,4.65,1.12,No,55 - 64,Male,,33772,Pinellas,,"$100,000 or more",750,"Moderate
(2 - 4 ft.)","Medium
(less than 1 acre)","Deep
(20 ft. or more)","Moderate
(some nooks and crannies)",Sometimes,Rarely,Sometimes,Never
7/7/2026 19:55,7/7/2026 20:06,IP Address,100,711,TRUE,7/7/2026 20:07,R_1i7Z5LwgIw4w8Dr,email,Saltwater,EN,1,,I agree,About once a month,5 - 9 years,Fishing for your own food,,"A boat, kayak, or canoe",Excellent,Off,Off,Off,Off,Off,Off,Off,Off,Off,Off,Off,Off,Off,Off,Off,Off,Off,Off,Off,Off,Off,Off,Off,Off,Off,Off,Off,Off,Off,Off,Off,Off,Off,On,Off,Off,Off,Off,On,Off,Off,Off,Off,Off,On,Off,Off,Off,Off,Off,Off,Off,Off,Off,Off,Off,Off,Off,Off,Off,On,Off,Off,Off,Off,Off,Off,Off,Off,Off,Off,Off,Off,Off,Off,Off,No,No,No,No,No,No,No,No,Sometimes,Often,Often,Often,Rarely,Sometimes,Often,Often,Always,Never,Rarely,Always,Often,Rarely,,Supportive,Agree,Somewhat agree,Somewhat agree,Somewhat agree,Agree,Somewhat agree,Agree,Somewhat agree,Agree,Somewhat agree,8.37,8.61,5.25,7.36,4.27,No,55 - 64,Female,,33830,Polk,,"$100,000 or more",120,"Moderate
(2 - 4 ft.)","Small
(several square yards)","Moderate
(10 - 20 ft.)","Moderate
(some nooks and crannies)",Sometimes,Rarely,Often,Never
7/7/2026 19:59,7/7/2026 20:07,IP Address,100,501,TRUE,7/7/2026 20:07,R_117LXCxv0tOwQgR,email,Saltwater,EN,1,,I agree,A few times,5 - 9 years,"Fishing for fun, sport, or relaxation",,"A boat, kayak, or canoe",Good,Off,Off,Off,Off,Off,Off,Off,Off,Off,Off,Off,Off,Off,Off,Off,Off,Off,Off,Off,Off,Off,Off,Off,Off,Off,Off,Off,Off,Off,Off,Off,Off,Off,Off,Off,Off,Off,Off,Off,Off,Off,Off,Off,On,On,Off,On,On,Off,Off,On,Off,Off,On,On,Off,Off,Off,On,On,On,On,Off,On,On,On,On,Off,Off,Off,Off,Off,Off,Off,Off,Off,Yes,Yes,Yes,Yes,Yes,Yes,No,No,Sometimes,Sometimes,Often,Sometimes,Sometimes,Sometimes,Often,Often,Often,Sometimes,Sometimes,Sometimes,Rarely,Sometimes,,Neutral,Agree,Somewhat disagree,Agree,Somewhat disagree,Agree,Somewhat agree,Somewhat agree,Agree,Somewhat agree,Somewhat agree,10,3.48,3.37,4.37,3.75,No,65 or older,Male,,34228,Manatee,,"$100,000 or more",200,"Moderate
(2 - 4 ft.)","Small
(several square yards)","Moderate
(10 - 20 ft.)","Moderate
(some nooks and crannies)",Not sure,Not sure,Sometimes,Not sure
7/7/2026 20:06,7/7/2026 20:11,IP Address,100,327,TRUE,7/7/2026 20:11,R_6exFjsS3suxhv08,email,Saltwater,EN,1,,I agree,About once a week,Less than a year,"Fishing for fun, sport, or relaxation,Fishing for your own food",,"The shoreline or bank of a water body,A fishing pier or boardwalk,A boat, kayak, or canoe",Fair,Off,Off,Off,Off,Off,Off,Off,Off,Off,Off,Off,Off,Off,Off,Off,Off,Off,Off,Off,Off,Off,Off,Off,Off,Off,On,On,On,Off,Off,Off,Off,On,On,Off,Off,Off,On,On,Off,Off,Off,Off,On,On,On,Off,Off,Off,Off,On,On,On,Off,Off,Off,On,On,Off,Off,On,On,On,Off,Off,Off,On,Off,Off,Off,Off,Off,Off,Off,Off,Off,Yes,No,No,No,Yes,No,No,No,Sometimes,Often,Often,Sometimes,Sometimes,Often,Sometimes,Often,Often,Rarely,Rarely,Often,Rarely,Never,,Supportive,Agree,Disagree,Agree,Disagree,Agree,Disagree,Agree,Disagree,Agree,Disagree,0,10,10,10,10,No,25 - 34,Male,,33547,Hillsborough,,"$100,000 or more",20,"High
(5 ft. or more)","Small
(several square yards)","Deep
(20 ft. or more)","Complex
(lots of holes, edges, and hiding spots)",Sometimes,Sometimes,Sometimes,Never
7/7/2026 20:03,7/7/2026 20:14,IP Address,100,625,TRUE,7/7/2026 20:14,R_7Wxh61PYEHWzJQt,email,Saltwater,EN,1,,I agree,A few times,5 - 9 years,"Fishing for fun, sport, or relaxation,Fishing for your own food",,"A boat, kayak, or canoe",Good,Off,Off,Off,Off,Off,Off,Off,Off,Off,Off,Off,Off,Off,Off,Off,Off,Off,Off,Off,Off,Off,Off,Off,Off,Off,Off,Off,Off,Off,Off,Off,Off,Off,Off,Off,Off,Off,Off,Off,Off,Off,Off,Off,Off,Off,Off,Off,Off,Off,Off,Off,Off,Off,Off,Off,Off,Off,Off,On,Off,Off,Off,Off,On,Off,Off,Off,Off,Off,Off,Off,Off,Off,Off,Off,Off,Yes,No,No,No,No,No,No,Yes,Rarely,Sometimes,Often,Often,Often,Sometimes,Often,Often,Often,Rarely,Rarely,Rarely,Sometimes,Sometimes,,Neutral,Somewhat agree,Disagree,Somewhat agree,Disagree,Agree,Disagree,Agree,Disagree,Agree,Disagree,9.27,6.64,1.74,10,10,No,55 - 64,Male,,34228,Sarasota,,"$100,000 or more",1000,Not sure,Not sure,"Moderate
(10 - 20 ft.)",Not sure,Not sure,Not sure,Not sure,Not sure
7/7/2026 20:05,7/7/2026 20:15,IP Address,100,625,TRUE,7/7/2026 20:15,R_5zkGmsoxkNpGNlN,email,Saltwater,EN,1,,I agree,Many times a week,20 years or more,"Fishing for fun, sport, or relaxation,Fishing for your own food",,"The shoreline or bank of a water body,A fishing pier or boardwalk,A boat, kayak, or canoe",Good,Off,Off,Off,Off,Off,Off,Off,Off,Off,Off,Off,Off,Off,Off,Off,On,On,Off,Off,Off,Off,On,On,Off,Off,Off,Off,Off,Off,Off,Off,Off,Off,Off,Off,Off,Off,Off,Off,On,On,Off,Off,Off,Off,Off,On,On,Off,Off,Off,Off,Off,On,On,Off,Off,Off,Off,Off,On,Off,Off,Off,Off,Off,Off,Off,Off,Off,Off,Off,On,On,On,Off,Yes,Yes,Yes,Yes,No,Yes,No,No,Rarely,Sometimes,Often,Rarely,Rarely,Often,Rarely,Often,Sometimes,Rarely,Sometimes,Sometimes,Rarely,Often,Pompano,Supportive,Somewhat agree,Somewhat disagree,Agree,Somewhat disagree,Somewhat agree,Somewhat agree,Somewhat agree,Somewhat agree,Somewhat disagree,Somewhat agree,5.1,6.3,6.46,4.76,1.63,No,55 - 64,Male,,33702,Pinellas,,"$75,001 - $100,000",15,"Low
(1 ft. or less)","Small
(several square yards)","Moderate
(10 - 20 ft.)","Moderate
(some nooks and crannies)",Not sure,Not sure,Sometimes,Not sure
7/7/2026 20:04,7/7/2026 20:16,IP Address,100,694,TRUE,7/7/2026 20:16,R_6NlXfTBTJMW9pkZ,email,Saltwater,EN,1,,I agree,About once a month,20 years or more,"Fishing for fun, sport, or relaxation",,The shoreline or bank of a water body,Good,Off,Off,Off,Off,Off,Off,Off,Off,Off,Off,Off,Off,Off,Off,Off,Off,Off,Off,Off,Off,Off,Off,Off,Off,Off,Off,Off,Off,Off,Off,Off,Off,Off,Off,Off,Off,Off,Off,Off,On,Off,Off,Off,Off,Off,Off,On,Off,Off,Off,Off,Off,Off,On,Off,Off,Off,Off,Off,Off,Off,Off,Off,Off,Off,Off,Off,Off,Off,Off,Off,Off,Off,Off,Off,Off,No,No,No,No,No,No,No,No,Never,Sometimes,Often,Rarely,Rarely,Sometimes,Sometimes,Often,Often,Rarely,Sometimes,Sometimes,Often,Never,None,Supportive,Somewhat agree,Somewhat agree,Somewhat agree,Somewhat agree,Somewhat disagree,Somewhat disagree,Agree,Somewhat disagree,Agree,Disagree,1.29,4.95,0.88,7.22,7.67,No,55 - 64,Male,,33781,Pinellas,,"$50,001 - $75,000",50,"High
(5 ft. or more)","Medium
(less than 1 acre)","Moderate
(10 - 20 ft.)","Moderate
(some nooks and crannies)",Not sure,Not sure,Never,Never
7/7/2026 20:11,7/7/2026 20:18,IP Address,100,424,TRUE,7/7/2026 20:18,R_7xLTBBbAd5Ejz36,email,Saltwater,EN,1,,I agree,About once a month,20 years or more,"Fishing for fun, sport, or relaxation",,"A boat, kayak, or canoe",Excellent,On,Off,Off,On,Off,Off,Off,Off,On,Off,Off,Off,Off,Off,Off,Off,Off,Off,Off,Off,Off,Off,Off,Off,Off,Off,Off,Off,Off,Off,Off,Off,Off,Off,Off,Off,Off,Off,Off,On,Off,Off,Off,Off,Off,Off,Off,Off,Off,Off,Off,Off,Off,On,Off,Off,Off,Off,Off,Off,Off,Off,Off,Off,Off,Off,Off,Off,Off,Off,Off,Off,On,On,Off,Off,Yes,Yes,Yes,No,Yes,Yes,Yes,Yes,Always,Always,Always,Rarely,Never,Often,Always,Always,Always,Always,Sometimes,Sometimes,Sometimes,Sometimes,flounder,Supportive,Agree,Disagree,Agree,Disagree,Agree,Agree,Disagree,Agree,Somewhat disagree,Agree,8.07,8.69,6.04,2.96,0.3,No,45 - 54,Male,,34689,Pinellas,,"$25,001 - $50,000",50,,,,,,,,
7/7/2026 20:07,7/7/2026 20:19,IP Address,100,721,TRUE,7/7/2026 20:19,R_51YEZP66sh4U094,email,Saltwater,EN,1,,I agree,A few times,5 - 9 years,"Fishing for fun, sport, or relaxation",,The shoreline or bank of a water body,Excellent,Off,Off,Off,Off,Off,Off,Off,Off,Off,Off,Off,Off,Off,Off,Off,Off,Off,Off,Off,Off,Off,Off,Off,Off,Off,Off,Off,Off,Off,Off,Off,Off,Off,Off,Off,Off,Off,Off,Off,On,Off,Off,Off,Off,Off,Off,On,Off,Off,Off,Off,Off,Off,On,Off,Off,Off,Off,Off,Off,Off,Off,Off,Off,Off,Off,Off,Off,Off,Off,Off,Off,Off,Off,Off,Off,No,No,No,No,Yes,Yes,No,Yes,Never,Sometimes,Often,Always,Rarely,Often,Always,Always,Always,Rarely,Sometimes,Always,Always,Sometimes,Spanish mackerel and kings ,Supportive,Strongly agree,Strongly disagree,Strongly agree,Strongly disagree,Strongly agree,Somewhat agree,Somewhat agree,Agree,Somewhat agree,Somewhat agree,1.73,4.84,10,10,10,No,45 - 54,Male,,34684,Pinellas,,"$100,000 or more",600,"Moderate
(2 - 4 ft.)","Small
(several square yards)","Deep
(20 ft. or more)","Moderate
(some nooks and crannies)",Sometimes,Not sure,Often,Never
7/7/2026 20:07,7/7/2026 20:19,IP Address,100,750,TRUE,7/7/2026 20:19,R_7labJRTG6Ni2YRH,email,Saltwater,EN,0.8999999761581421,,I agree,A few times,1 - 4 years,"Fishing for fun, sport, or relaxation",,"The shoreline or bank of a water body,A fishing pier or boardwalk",Good,On,Off,Off,On,On,On,Off,Off,Off,Off,Off,Off,Off,Off,Off,Off,Off,Off,Off,Off,Off,Off,Off,Off,Off,Off,Off,Off,Off,Off,Off,Off,Off,Off,Off,Off,Off,Off,Off,Off,Off,Off,Off,Off,Off,Off,Off,Off,Off,Off,Off,Off,Off,Off,Off,Off,Off,Off,Off,Off,Off,Off,Off,Off,Off,Off,Off,Off,Off,Off,Off,Off,Off,Off,Off,Off,Yes,Yes,No,No,No,No,No,No,Sometimes,Often,Often,Sometimes,Sometimes,Often,Sometimes,Often,Sometimes,Rarely,Sometimes,Rarely,Rarely,Never,,Supportive,Agree,Disagree,Strongly agree,Disagree,Agree,Somewhat disagree,Somewhat agree,Somewhat agree,Somewhat agree,Somewhat disagree,0.93,0.94,0.92,10,10,No,55 - 64,Male,,33761,Pinellas,,"$50,001 - $75,000",1000,"Low
(1 ft. or less)","Small
(several square yards)","Shallow
(10 ft. or less)","Moderate
(some nooks and crannies)",Often,Often,Sometimes,Rarely
7/7/2026 20:08,7/7/2026 20:20,IP Address,100,688,TRUE,7/7/2026 20:20,R_5zbGG5K22lGFdat,email,Saltwater,EN,1,,I agree,Many times a week,1 - 4 years,"Fishing for fun, sport, or relaxation",,The shoreline or bank of a water body,Excellent,Off,Off,Off,Off,Off,Off,Off,Off,Off,Off,Off,Off,Off,Off,Off,Off,Off,Off,Off,Off,Off,On,On,Off,Off,Off,Off,Off,On,On,Off,Off,Off,Off,On,Off,Off,Off,Off,Off,Off,Off,Off,Off,Off,Off,Off,On,Off,Off,Off,Off,Off,Off,Off,Off,Off,Off,Off,Off,Off,On,Off,Off,Off,Off,Off,Off,Off,Off,Off,Off,Off,Off,Off,Off,No,No,No,No,No,Yes,No,No,Rarely,Often,Often,Rarely,Rarely,Often,Often,Often,Often,Never,Often,Often,Rarely,Sometimes,Black drum ,Supportive,Agree,Disagree,Agree,Somewhat disagree,Agree,Somewhat agree,Somewhat disagree,Somewhat agree,Somewhat disagree,Somewhat agree,2.64,7.79,4.81,7.63,3.01,No,45 - 54,Male,,33702,Pinellas,,"$100,000 or more",30,"Moderate
(2 - 4 ft.)","Small
(several square yards)","Moderate
(10 - 20 ft.)","Simple
(mostly flat or smooth)",Often,Sometimes,Sometimes,Not sure
7/7/2026 20:13,7/7/2026 20:20,IP Address,100,428,TRUE,7/7/2026 20:20,R_67HWqssEHgfczMT,email,Saltwater,EN,1,,I agree,About once a month,10 - 19 years,"Fishing for fun, sport, or relaxation",,"A boat, kayak, or canoe",Excellent,Off,Off,Off,Off,Off,Off,Off,Off,Off,Off,Off,Off,Off,Off,Off,Off,Off,Off,Off,Off,Off,Off,Off,Off,Off,Off,Off,Off,Off,Off,Off,Off,Off,Off,Off,Off,Off,Off,Off,On,On,Off,Off,Off,Off,Off,On,On,Off,Off,Off,Off,Off,On,On,Off,Off,Off,Off,Off,Off,Off,Off,Off,Off,Off,Off,Off,Off,Off,Off,Off,Off,Off,On,On,No,No,No,No,Yes,No,No,No,Never,Sometimes,Rarely,Sometimes,Sometimes,Often,Rarely,Rarely,Rarely,Rarely,Often,Rarely,Rarely,Sometimes,,Supportive,Strongly agree,Strongly disagree,Agree,Disagree,Strongly agree,Somewhat disagree,Somewhat agree,Somewhat disagree,Somewhat disagree,Disagree,10,5.16,5.53,0.78,0.86,No,45 - 54,Male,,33606,Hillsborough,,"$100,000 or more",50,"Low
(1 ft. or less)","Medium
(less than 1 acre)","Deep
(20 ft. or more)","Moderate
(some nooks and crannies)",Not sure,Not sure,Sometimes,Never
7/7/2026 20:13,7/7/2026 20:21,IP Address,100,482,TRUE,7/7/2026 20:21,R_6W3dYv7FHlrhPRD,email,Saltwater,EN,1,,I agree,A few times,10 - 19 years,"Fishing for fun, sport, or relaxation",,"A fishing pier or boardwalk,A boat, kayak, or canoe",Good,Off,Off,Off,Off,Off,Off,Off,Off,Off,Off,Off,Off,Off,Off,Off,Off,Off,Off,Off,Off,Off,Off,Off,Off,Off,Off,Off,Off,Off,Off,Off,Off,Off,Off,Off,On,Off,Off,Off,Off,Off,Off,Off,Off,Off,Off,Off,On,On,On,Off,Off,Off,Off,Off,Off,Off,Off,Off,On,Off,Off,Off,Off,Off,Off,Off,Off,Off,Off,Off,Off,Off,Off,Off,Off,No,No,Yes,Yes,Yes,Yes,Yes,Yes,Rarely,Sometimes,Sometimes,Sometimes,Sometimes,Often,Sometimes,Rarely,Sometimes,Sometimes,Sometimes,Sometimes,Sometimes,Sometimes,What ever,Supportive,Agree,Disagree,Agree,Disagree,Agree,Agree,Disagree,Agree,Disagree,Agree,9.64,10,3.04,1.3,2.28,No,55 - 64,Male,,32763,Other county:,Volusia,"$75,001 - $100,000",1000,Not sure,Not sure,Not sure,Not sure,Not sure,Not sure,Sometimes,Not sure
7/7/2026 20:13,7/7/2026 20:21,IP Address,100,460,TRUE,7/7/2026 20:21,R_66QcdWLjVjf9i13,email,Saltwater,EN,1,,I agree,A few times,20 years or more,"Fishing for fun, sport, or relaxation,Fishing for your own food",,"The shoreline or bank of a water body,A fishing pier or boardwalk,A boat, kayak, or canoe",Good,Off,Off,Off,Off,Off,Off,Off,Off,Off,Off,Off,On,Off,Off,Off,Off,Off,Off,Off,Off,Off,Off,Off,Off,Off,Off,Off,Off,Off,Off,Off,Off,Off,Off,Off,Off,On,Off,On,Off,On,Off,Off,Off,On,Off,Off,On,Off,On,Off,Off,Off,On,Off,Off,Off,Off,Off,Off,Off,On,Off,Off,Off,Off,Off,Off,Off,Off,Off,Off,Off,Off,Off,Off,No,Yes,No,Yes,Yes,Yes,Yes,Yes,Rarely,Often,Often,Never,Often,Often,Never,Sometimes,Often,Never,Often,Sometimes,Rarely,Often,flounder,Neutral,Agree,Disagree,Agree,Disagree,Agree,Strongly disagree,Strongly agree,Strongly disagree,Strongly agree,Strongly disagree,0.11,8.07,0.08,3.1,10,No,55 - 64,Male,,34639,Pasco,,"$100,000 or more",55,"High
(5 ft. or more)","Large
(1 acre or more)","Shallow
(10 ft. or less)",Not sure,Always,Never,Rarely,Never
7/7/2026 20:17,7/7/2026 20:22,IP Address,100,325,TRUE,7/7/2026 20:22,R_1ENe3nCS7iR87Dh,email,Saltwater,EN,1,,I agree,A few times,10 - 19 years,"Fishing for fun, sport, or relaxation",,A fishing pier or boardwalk,Good,Off,Off,Off,Off,Off,Off,Off,Off,Off,Off,Off,Off,Off,Off,Off,Off,Off,Off,Off,Off,Off,Off,Off,Off,Off,Off,Off,Off,Off,Off,Off,Off,Off,Off,On,Off,Off,Off,Off,Off,Off,On,Off,Off,Off,Off,Off,Off,Off,Off,Off,Off,Off,On,Off,Off,Off,Off,Off,Off,Off,Off,Off,Off,Off,Off,Off,Off,Off,Off,Off,Off,Off,Off,Off,On,No,No,No,No,No,No,No,No,Rarely,Sometimes,Sometimes,Never,Never,Sometimes,Never,Rarely,Never,Never,Rarely,Sometimes,Rarely,Sometimes,,Neutral,Somewhat agree,Somewhat agree,Somewhat disagree,Somewhat disagree,Somewhat agree,Somewhat disagree,Somewhat disagree,Somewhat disagree,Somewhat disagree,Somewhat disagree,5.13,5.14,5.28,5.32,5.32,No,25 - 34,Male,,33710,Pinellas,,"$25,001 - $50,000",,,,,,,,,
7/7/2026 20:18,7/7/2026 20:31,IP Address,100,786,TRUE,7/7/2026 20:31,R_3D8fkUFCQby4ngG,email,Saltwater,EN,1,,I agree,About once a month,20 years or more,"Fishing for fun, sport, or relaxation",,"A boat, kayak, or canoe",Good,On,On,Off,On,On,On,On,Off,On,On,On,On,Off,Off,Off,On,On,On,Off,Off,Off,On,On,On,Off,Off,Off,Off,Off,On,On,On,On,On,On,On,On,On,On,On,Off,On,On,On,On,On,On,On,On,On,On,On,On,On,On,On,On,On,On,On,On,On,On,On,On,On,On,On,On,On,On,Off,Off,Off,Off,Off,No,Yes,Yes,Yes,Yes,Yes,No,No,Sometimes,Often,Often,Sometimes,Sometimes,Often,Often,Often,Often,Sometimes,Sometimes,Sometimes,Sometimes,Sometimes,,Supportive,Agree,Disagree,Somewhat agree,Disagree,Strongly agree,Somewhat agree,Strongly agree,Strongly disagree,Strongly agree,Strongly disagree,0,0,0,10,10,No,55 - 64,Male,,33625,Hillsborough,,"$50,001 - $75,000",100,"High
(5 ft. or more)","Small
(several square yards)","Moderate
(10 - 20 ft.)","Simple
(mostly flat or smooth)",Sometimes,Never,Sometimes,Never
7/7/2026 20:22,7/7/2026 20:31,IP Address,100,575,TRUE,7/7/2026 20:32,R_5VC4ly8JWSSoLOk,email,Saltwater,EN,0.8999999761581421,,I agree,Many times a week,Less than a year,"Fishing for fun, sport, or relaxation",,A fishing pier or boardwalk,Excellent,Off,Off,Off,Off,Off,Off,Off,Off,Off,Off,Off,Off,Off,Off,Off,Off,Off,Off,Off,Off,Off,Off,Off,Off,Off,Off,Off,Off,Off,Off,Off,Off,Off,Off,Off,Off,Off,Off,Off,Off,Off,Off,Off,Off,Off,Off,Off,Off,Off,Off,Off,Off,Off,Off,Off,Off,Off,Off,Off,Off,Off,Off,Off,Off,Off,Off,Off,Off,Off,On,On,Off,Off,Off,Off,Off,No,No,No,No,No,No,No,No,Often,Never,Often,Sometimes,Never,Often,Often,Rarely,Often,Often,Often,Often,Often,Never,,Supportive,Agree,Disagree,Agree,Somewhat agree,Agree,Somewhat agree,Somewhat agree,Agree,Agree,Somewhat agree,1.88,5.02,6.75,4.46,6.04,No,55 - 64,Male,,34221,Manatee,,"$100,000 or more",50,,,,,,,,
7/7/2026 20:28,7/7/2026 20:32,IP Address,100,253,TRUE,7/7/2026 20:32,R_6DceQjoCZQKy4Q8,email,Saltwater,EN,1,,I agree,About once a month,Less than a year,"Fishing for fun, sport, or relaxation",,"The shoreline or bank of a water body,A fishing pier or boardwalk",Excellent,Off,Off,Off,Off,Off,Off,Off,Off,Off,Off,Off,Off,Off,Off,Off,Off,Off,Off,Off,Off,Off,Off,Off,Off,Off,Off,Off,Off,Off,Off,Off,Off,Off,Off,Off,Off,Off,Off,Off,Off,Off,Off,Off,Off,Off,Off,Off,Off,Off,Off,On,Off,Off,Off,Off,Off,Off,Off,Off,Off,Off,On,Off,Off,Off,Off,On,On,On,On,On,On,Off,Off,Off,Off,No,No,No,No,No,No,No,No,Often,Rarely,Often,Often,Often,Often,Often,Often,Sometimes,Sometimes,Sometimes,Sometimes,Rarely,Never,,Supportive,Agree,Agree,Agree,Agree,Agree,Somewhat agree,Somewhat agree,Somewhat agree,Somewhat agree,Somewhat agree,8.65,5.14,4.85,4.54,4.75,No,65 or older,Male,,34212,Manatee,,"$100,000 or more",20,Not sure,Not sure,Not sure,Not sure,Not sure,Not sure,Sometimes,Not sure
7/7/2026 20:27,7/7/2026 20:35,IP Address,100,480,TRUE,7/7/2026 20:35,R_5DOSWl7OqgazTfJ,email,Saltwater,EN,0.699999988,,I agree,A few times,5 - 9 years,"Fishing for fun, sport, or relaxation",,"A boat, kayak, or canoe",Fair,Off,Off,Off,Off,Off,Off,Off,Off,Off,Off,Off,Off,Off,Off,Off,Off,Off,Off,Off,Off,Off,Off,Off,Off,Off,Off,Off,Off,Off,Off,Off,Off,Off,Off,Off,Off,Off,Off,Off,Off,Off,Off,Off,Off,Off,Off,Off,Off,Off,Off,Off,Off,Off,Off,Off,Off,Off,Off,Off,Off,Off,Off,Off,Off,Off,Off,On,Off,Off,On,On,Off,Off,Off,Off,Off,No,No,No,No,No,No,No,No,Often,Often,Sometimes,Rarely,Never,Sometimes,Rarely,Often,Never,Never,Never,Never,Never,Rarely,,Supportive,Somewhat agree,Somewhat disagree,Somewhat agree,Disagree,Somewhat agree,Somewhat disagree,Somewhat disagree,Somewhat agree,Somewhat agree,Somewhat disagree,6.56,6.13,5.59,5.06,6,No,65 or older,Male,,48105,Other county:,Washtenaw,"$100,000 or more",400,,,,,,,,
7/7/2026 20:28,7/7/2026 20:35,IP Address,100,434,TRUE,7/7/2026 20:35,R_1LwyySNXVgw5WEV,email,Saltwater,EN,1,,I agree,About once a month,20 years or more,"Fishing for fun, sport, or relaxation",,"A boat, kayak, or canoe",Excellent,Off,Off,Off,Off,Off,Off,Off,Off,Off,Off,Off,Off,Off,Off,Off,Off,Off,Off,Off,Off,Off,Off,Off,Off,Off,Off,Off,Off,Off,Off,Off,Off,Off,Off,Off,Off,Off,Off,Off,Off,Off,Off,Off,Off,Off,Off,Off,Off,Off,Off,Off,Off,Off,Off,On,On,Off,Off,On,On,On,Off,Off,On,On,On,On,On,On,On,On,Off,Off,Off,Off,Off,No,Yes,No,No,Yes,Yes,Yes,Yes,Sometimes,Often,Often,Often,Sometimes,Often,Often,Rarely,Often,Often,Sometimes,Sometimes,Sometimes,Rarely,,Supportive,Somewhat agree,Somewhat agree,Somewhat agree,Somewhat agree,Agree,Disagree,Agree,Disagree,Agree,Disagree,5.88,7.65,6.62,8.76,7.48,No,45 - 54,Male,,34667,Pasco,,"$100,000 or more",400,"High
(5 ft. or more)","Large
(1 acre or more)","Deep
(20 ft. or more)","Complex
(lots of holes, edges, and hiding spots)",Sometimes,Sometimes,Often,Never
7/7/2026 20:29,7/7/2026 20:38,IP Address,100,519,TRUE,7/7/2026 20:38,R_1WI2kB4uTELbYKB,email,Saltwater,EN,1,,I agree,Many times a week,1 - 4 years,"Fishing for fun, sport, or relaxation",,"A boat, kayak, or canoe",Excellent,Off,Off,Off,Off,Off,Off,Off,Off,Off,Off,Off,Off,Off,Off,Off,Off,Off,Off,Off,Off,Off,Off,Off,Off,Off,Off,Off,Off,Off,On,Off,Off,Off,Off,Off,On,Off,Off,Off,On,On,Off,Off,Off,Off,Off,On,On,Off,Off,Off,Off,Off,On,On,On,Off,Off,Off,Off,Off,Off,Off,Off,Off,Off,Off,Off,Off,Off,Off,Off,Off,Off,On,Off,No,No,Yes,Yes,No,No,No,No,Never,Often,Often,Often,Often,Often,Sometimes,Often,Often,Often,Rarely,Often,Often,Rarely,,Supportive,Agree,Disagree,Agree,Disagree,Agree,Somewhat agree,Disagree,Agree,Disagree,Agree,10,8.5,6.94,9.5,5.04,No,45 - 54,Male,,33716,Pinellas,,"$100,000 or more",150,"Moderate
(2 - 4 ft.)","Medium
(less than 1 acre)","Moderate
(10 - 20 ft.)","Complex
(lots of holes, edges, and hiding spots)",Not sure,Not sure,Often,Not sure
7/7/2026 20:29,7/7/2026 20:40,IP Address,100,670,TRUE,7/7/2026 20:40,R_1zoGZ7eyxxvCNpH,email,Saltwater,EN,1,,I agree,About once a month,5 - 9 years,"Fishing for fun, sport, or relaxation",,"A boat, kayak, or canoe",Excellent,Off,Off,Off,On,On,Off,Off,Off,Off,Off,On,On,Off,Off,Off,Off,On,On,Off,Off,Off,Off,Off,Off,Off,Off,Off,Off,Off,On,On,Off,Off,Off,Off,On,On,Off,Off,On,Off,Off,Off,Off,Off,Off,Off,Off,Off,Off,Off,Off,Off,Off,On,On,Off,Off,Off,On,On,Off,Off,Off,Off,Off,Off,Off,Off,Off,Off,Off,Off,Off,Off,Off,No,Yes,Yes,Yes,Yes,No,No,Yes,Never,Sometimes,Rarely,Often,Often,Often,Never,Sometimes,Sometimes,Rarely,Never,Always,Always,Never,,Supportive,Agree,Disagree,Agree,Disagree,Somewhat agree,Strongly disagree,Agree,Somewhat agree,Agree,Disagree,7.99,7.97,5.23,10,10,No,55 - 64,Male,,33615,Hillsborough,,"$100,000 or more",600,"High
(5 ft. or more)","Medium
(less than 1 acre)","Moderate
(10 - 20 ft.)","Moderate
(some nooks and crannies)",Often,Never,Never,Never
7/7/2026 20:32,7/7/2026 20:40,IP Address,100,503,TRUE,7/7/2026 20:40,R_5qcmafQiClCunIZ,email,Saltwater,EN,1,,I agree,About once a week,1 - 4 years,"Fishing for fun, sport, or relaxation",,"A boat, kayak, or canoe",Good,Off,Off,Off,Off,Off,Off,Off,Off,Off,Off,Off,Off,Off,Off,Off,Off,Off,Off,Off,Off,Off,Off,Off,Off,Off,Off,Off,Off,Off,Off,Off,Off,Off,Off,Off,Off,Off,Off,Off,Off,Off,Off,Off,Off,Off,Off,Off,Off,Off,Off,Off,Off,Off,Off,On,Off,Off,Off,On,On,On,On,Off,Off,Off,On,On,Off,Off,On,On,On,Off,Off,Off,Off,No,Yes,Yes,Yes,No,Yes,No,Yes,Sometimes,Sometimes,Sometimes,Sometimes,Rarely,Sometimes,Sometimes,Sometimes,Sometimes,Rarely,Rarely,Often,Sometimes,Never,,Supportive,Strongly agree,Strongly disagree,Strongly agree,Strongly disagree,Somewhat agree,Somewhat agree,Somewhat agree,Disagree,Somewhat agree,Somewhat disagree,6.9,8.8,5.81,0.66,0.99,No,35 - 44,Male,,34219,Manatee,,"$25,001 - $50,000",120,Not sure,Not sure,"Deep
(20 ft. or more)","Simple
(mostly flat or smooth)",Not sure,Never,Sometimes,Never
7/7/2026 20:33,7/7/2026 20:40,IP Address,100,453,TRUE,7/7/2026 20:40,R_1TYuWCIVPMP26Go,email,Saltwater,EN,1,,I agree,About once a week,20 years or more,"Fishing for fun, sport, or relaxation,Fishing for your own food",,"The shoreline or bank of a water body,A fishing pier or boardwalk",Excellent,Off,On,Off,On,Off,On,Off,Off,Off,On,On,On,On,Off,Off,On,On,On,On,On,Off,Off,Off,On,On,On,Off,Off,Off,Off,Off,Off,On,On,Off,Off,Off,Off,On,On,On,Off,Off,Off,Off,Off,On,Off,Off,Off,Off,Off,Off,On,Off,Off,Off,Off,Off,Off,On,On,Off,Off,Off,Off,Off,Off,Off,Off,Off,Off,Off,Off,On,Off,Yes,Yes,No,No,Yes,Yes,No,No,Sometimes,Often,Often,Rarely,Rarely,Sometimes,Rarely,Sometimes,Often,Never,Sometimes,Sometimes,Rarely,Never,,Supportive,Somewhat agree,Somewhat disagree,Somewhat agree,Somewhat disagree,Somewhat agree,Somewhat disagree,Agree,Somewhat disagree,Somewhat agree,Somewhat disagree,0.11,3.01,1.01,5.28,7.96,No,55 - 64,Male,,33603,Hillsborough,,,10,Not sure,Not sure,Not sure,Not sure,Sometimes,Not sure,Sometimes,Not sure
7/7/2026 20:34,7/7/2026 20:41,IP Address,100,403,TRUE,7/7/2026 20:41,R_5vJ6sAOTaM7AnwB,email,Saltwater,EN,1,,I agree,About once a week,5 - 9 years,"Fishing for fun, sport, or relaxation,Fishing for your own food",,"The shoreline or bank of a water body,A fishing pier or boardwalk",Good,On,Off,On,Off,Off,Off,Off,Off,Off,Off,Off,Off,On,Off,Off,On,Off,On,Off,Off,Off,Off,Off,Off,Off,Off,Off,Off,Off,Off,Off,Off,Off,Off,Off,Off,Off,Off,Off,Off,Off,Off,Off,Off,Off,Off,Off,Off,Off,Off,Off,Off,Off,Off,Off,Off,Off,Off,Off,Off,Off,Off,Off,Off,Off,Off,Off,Off,Off,Off,Off,Off,Off,On,On,On,Yes,No,Yes,Yes,No,Yes,No,Yes,Sometimes,Often,Often,Sometimes,Sometimes,Often,Sometimes,Often,Often,Rarely,Sometimes,Rarely,Rarely,Sometimes,Flounder ,Supportive,Somewhat agree,Somewhat disagree,Agree,Somewhat disagree,Agree,Strongly disagree,Agree,Disagree,Agree,Somewhat disagree,2.57,5.7,6.33,9.16,5.97,No,25 - 34,Male,,33647,Hillsborough,,"$100,000 or more",18,"Moderate
(2 - 4 ft.)","Medium
(less than 1 acre)","Moderate
(10 - 20 ft.)","Moderate
(some nooks and crannies)",Often,Sometimes,Often,Rarely
7/7/2026 20:36,7/7/2026 20:44,IP Address,100,492,TRUE,7/7/2026 20:44,R_5ilorIadhmmgJfi,email,Saltwater,EN,1,,I agree,About once a week,20 years or more,"Fishing for fun, sport, or relaxation,Fishing for your own food",,"The shoreline or bank of a water body,A boat, kayak, or canoe",Excellent,On,On,Off,On,Off,On,On,On,On,Off,Off,On,Off,Off,Off,On,On,On,Off,On,Off,On,On,On,On,On,Off,Off,Off,On,On,On,On,Off,On,On,Off,Off,Off,Off,Off,Off,Off,Off,Off,Off,On,On,Off,Off,Off,Off,Off,On,On,Off,Off,Off,Off,Off,Off,Off,Off,On,Off,Off,Off,On,Off,Off,Off,Off,Off,Off,Off,Off,No,Yes,Yes,Yes,Yes,Yes,No,No,Sometimes,Often,Sometimes,Often,Often,Often,Often,Sometimes,Rarely,Often,Rarely,Often,Often,Sometimes,Cobia ,Supportive,Strongly agree,Strongly disagree,Strongly agree,Disagree,Strongly agree,Somewhat agree,Somewhat disagree,Somewhat agree,Somewhat disagree,Somewhat agree,5.24,9.86,10,0.81,0.77,No,35 - 44,Male,,33629,Hillsborough,,"$100,000 or more",200,"Moderate
(2 - 4 ft.)","Small
(several square yards)","Moderate
(10 - 20 ft.)","Complex
(lots of holes, edges, and hiding spots)",Sometimes,Rarely,Sometimes,Not sure
7/7/2026 20:40,7/7/2026 20:47,IP Address,100,404,TRUE,7/7/2026 20:47,R_6myjoD93GX9MNHM,email,Saltwater,EN,1,,I agree,A few times,10 - 19 years,"Fishing for fun, sport, or relaxation",,"A boat, kayak, or canoe",Good,On,Off,On,On,Off,Off,Off,On,On,Off,Off,Off,Off,Off,Off,On,Off,Off,Off,Off,Off,Off,Off,Off,Off,Off,Off,Off,Off,Off,Off,Off,Off,Off,Off,Off,Off,Off,Off,Off,Off,Off,Off,Off,Off,Off,Off,Off,Off,Off,Off,Off,Off,Off,Off,Off,Off,Off,Off,Off,Off,Off,Off,Off,Off,Off,Off,Off,Off,Off,Off,Off,Off,Off,Off,Off,No,No,Yes,No,No,No,No,No,Rarely,Often,Often,Rarely,Never,Sometimes,Often,Often,Often,Never,Sometimes,Rarely,Sometimes,Sometimes,Flounder,Supportive,Agree,Somewhat disagree,Somewhat agree,Somewhat disagree,Somewhat agree,Agree,Somewhat agree,Somewhat disagree,Somewhat agree,Somewhat agree,6.37,6.31,6.58,4.25,4.76,No,55 - 64,Male,,33756,Pinellas,,"$50,001 - $75,000",30,,,,,,,,
7/7/2026 20:40,7/7/2026 20:47,IP Address,100,434,TRUE,7/7/2026 20:47,R_3bJZPAOt9xIKwxZ,email,Saltwater,EN,1,,I agree,About once a week,Less than a year,"Fishing for fun, sport, or relaxation",,A fishing pier or boardwalk,Excellent,Off,Off,Off,Off,Off,Off,Off,Off,Off,Off,Off,Off,Off,Off,Off,Off,Off,Off,Off,Off,Off,Off,Off,Off,Off,Off,Off,Off,Off,Off,Off,Off,Off,Off,Off,Off,Off,Off,Off,Off,Off,Off,Off,Off,On,On,Off,Off,Off,Off,Off,Off,Off,Off,Off,Off,Off,Off,Off,Off,Off,Off,Off,Off,Off,Off,Off,Off,Off,Off,Off,Off,Off,Off,Off,Off,No,No,No,No,Yes,Yes,No,Yes,Never,Never,Often,Never,Never,Often,Always,Sometimes,Sometimes,Sometimes,Often,Often,Often,Often,Shark,Supportive,Strongly agree,Strongly disagree,Strongly agree,Strongly disagree,Strongly agree,Strongly disagree,Strongly agree,Agree,Agree,Strongly agree,1.27,9.89,10,10,10,No,55 - 64,Male,,33573,Hillsborough,,"$100,000 or more",15,,,,,,,,
7/7/2026 20:29,7/7/2026 20:48,IP Address,100,1166,TRUE,7/7/2026 20:48,R_3JgBLewtCQlrWb7,email,Saltwater,EN,1,,I agree,Many times a week,10 - 19 years,"Fishing for fun, sport, or relaxation",,"The shoreline or bank of a water body,A fishing pier or boardwalk,A boat, kayak, or canoe",Excellent,Off,Off,On,On,On,On,On,On,On,On,On,On,On,On,On,On,On,On,On,On,On,On,On,On,On,On,On,On,On,On,On,On,On,On,On,On,On,On,On,On,On,On,On,On,On,On,On,On,On,On,On,On,On,On,On,On,On,On,On,On,On,On,On,On,On,On,On,On,On,On,On,On,On,On,On,On,Yes,Yes,No,No,No,No,No,No,Sometimes,Often,Often,Often,Sometimes,Often,Often,Often,Often,Sometimes,Sometimes,Often,Often,Sometimes,,Supportive,Strongly agree,Strongly disagree,Strongly agree,Strongly disagree,Strongly agree,Somewhat agree,Strongly disagree,Somewhat agree,Somewhat disagree,Disagree,7.16,7.15,7.98,2.57,0,No,18 - 24,Male,,33629,Hillsborough,,"$100,000 or more",40,"High
(5 ft. or more)","Medium
(less than 1 acre)","Deep
(20 ft. or more)","Complex
(lots of holes, edges, and hiding spots)",Often,Often,Often,Rarely
7/7/2026 20:39,7/7/2026 20:48,IP Address,100,577,TRUE,7/7/2026 20:48,R_1ttcPMjGLJLWm0j,email,Saltwater,EN,1,,I agree,About once a month,1 - 4 years,"Fishing for fun, sport, or relaxation",,"A boat, kayak, or canoe",Excellent,Off,Off,Off,Off,Off,Off,Off,Off,Off,Off,Off,Off,Off,Off,Off,Off,On,Off,Off,Off,Off,Off,On,Off,Off,Off,Off,Off,Off,Off,Off,Off,Off,Off,Off,Off,Off,Off,Off,On,Off,Off,Off,Off,Off,Off,On,On,On,Off,Off,Off,Off,On,On,On,Off,Off,Off,Off,Off,Off,Off,Off,Off,Off,Off,Off,Off,Off,Off,Off,On,On,On,On,No,No,No,No,No,No,No,No,Rarely,Often,Often,Often,Often,Often,Often,Often,Never,Never,Often,Often,Often,Often,Pompano ,Supportive,Strongly agree,Strongly agree,Strongly agree,Strongly agree,Strongly agree,Agree,Somewhat agree,Somewhat agree,Somewhat agree,Somewhat agree,4.97,9.99,9.63,5.31,5.06,No,55 - 64,Male,,33708,Pinellas,,"$100,000 or more",250,Not sure,"Medium
(less than 1 acre)","Moderate
(10 - 20 ft.)",Not sure,Not sure,Not sure,Not sure,Not sure
7/7/2026 20:42,7/7/2026 20:48,IP Address,100,407,TRUE,7/7/2026 20:48,R_1ixsP0k8CB7WbOc,email,Saltwater,EN,1,,I agree,A few times,5 - 9 years,"Fishing for fun, sport, or relaxation",,"A boat, kayak, or canoe",Good,Off,Off,Off,Off,Off,Off,Off,Off,Off,Off,Off,Off,Off,Off,Off,Off,Off,Off,Off,Off,Off,Off,Off,Off,Off,Off,Off,Off,Off,Off,Off,Off,Off,Off,Off,Off,Off,Off,Off,Off,Off,Off,Off,Off,Off,Off,Off,Off,Off,Off,Off,Off,Off,Off,Off,Off,Off,Off,Off,Off,Off,On,Off,On,Off,On,On,On,On,Off,Off,Off,Off,Off,Off,Off,Yes,Yes,No,Yes,Yes,No,No,No,Rarely,Sometimes,Often,Rarely,Rarely,Sometimes,Often,Often,Sometimes,Rarely,Sometimes,Sometimes,Rarely,Never,None,Neutral,Somewhat agree,Somewhat disagree,Somewhat agree,Disagree,Somewhat agree,Disagree,Agree,Somewhat agree,Agree,Disagree,0.68,0.51,0.66,6.82,10,No,45 - 54,Female,,34217,Manatee,,"$100,000 or more",250,Not sure,"Small
(several square yards)","Moderate
(10 - 20 ft.)","Simple
(mostly flat or smooth)",Sometimes,Not sure,Sometimes,Not sure
7/7/2026 20:39,7/7/2026 20:48,IP Address,100,534,TRUE,7/7/2026 20:48,R_7plo96bMrZoq0Y1,email,Saltwater,EN,1,,I agree,About once a month,1 - 4 years,"Fishing for fun, sport, or relaxation",,"The shoreline or bank of a water body,A fishing pier or boardwalk",Good,Off,Off,Off,Off,Off,Off,Off,Off,Off,Off,Off,Off,Off,Off,Off,Off,Off,Off,Off,Off,Off,Off,Off,Off,Off,Off,Off,Off,Off,Off,Off,Off,Off,Off,Off,Off,Off,Off,Off,On,Off,Off,Off,Off,Off,Off,On,On,Off,Off,Off,Off,Off,Off,Off,Off,Off,Off,Off,Off,On,Off,Off,On,Off,Off,Off,On,Off,Off,Off,Off,Off,Off,Off,Off,Yes,Yes,No,Yes,Yes,Yes,No,No,Rarely,Sometimes,Often,Never,Never,Often,Sometimes,Often,Sometimes,Rarely,Rarely,Rarely,Never,Rarely,Shark,Supportive,Somewhat agree,Strongly disagree,Agree,Disagree,Somewhat agree,Somewhat disagree,Somewhat disagree,Somewhat disagree,Somewhat agree,Somewhat agree,1.23,3.89,7.96,1.55,8.49,No,55 - 64,Male,,34207,Manatee,,"$25,001 - $50,000",40,,,,,,,,
7/7/2026 20:39,7/7/2026 20:50,IP Address,100,679,TRUE,7/7/2026 20:50,R_1QzTjWwiaNKcF0D,email,Saltwater,EN,1,,I agree,About once a month,20 years or more,"Fishing for fun, sport, or relaxation",,"A boat, kayak, or canoe",Excellent,Off,Off,Off,Off,Off,Off,Off,Off,Off,Off,Off,Off,Off,Off,Off,Off,Off,Off,Off,Off,Off,Off,Off,Off,Off,Off,Off,Off,Off,Off,Off,Off,Off,Off,Off,Off,Off,On,On,Off,Off,Off,Off,Off,On,Off,Off,Off,Off,Off,On,On,Off,Off,Off,Off,On,On,Off,Off,On,On,Off,Off,Off,On,On,Off,Off,Off,Off,Off,Off,Off,Off,Off,No,Yes,No,Yes,Yes,Yes,No,No,Rarely,Often,Often,Never,Rarely,Sometimes,Often,Often,Often,Sometimes,Never,Rarely,Rarely,Never,,Supportive,Strongly agree,Strongly disagree,Agree,Disagree,Strongly agree,Somewhat agree,Strongly agree,Somewhat agree,Somewhat agree,Strongly disagree,0.7,10,10,10,10,No,55 - 64,Male,,34232,Sarasota,,"$25,000 or less",85,"Moderate
(2 - 4 ft.)","Medium
(less than 1 acre)","Shallow
(10 ft. or less)","Moderate
(some nooks and crannies)",Not sure,Sometimes,Sometimes,Not sure
7/7/2026 20:39,7/7/2026 20:51,IP Address,100,756,TRUE,7/7/2026 20:51,R_1QRaRYJs9eiLyia,email,Saltwater,EN,1,,I agree,About once a week,5 - 9 years,"Fishing for fun, sport, or relaxation",,"A boat, kayak, or canoe",Good,Off,Off,Off,Off,Off,Off,Off,Off,Off,Off,Off,Off,Off,Off,Off,Off,Off,Off,Off,Off,Off,Off,Off,Off,Off,Off,Off,Off,Off,Off,Off,Off,Off,Off,Off,Off,Off,Off,Off,Off,Off,Off,Off,On,On,On,Off,Off,Off,Off,On,Off,On,Off,Off,Off,On,On,Off,Off,On,On,On,Off,Off,On,On,On,On,On,On,On,Off,Off,Off,Off,No,No,No,Yes,Yes,No,No,No,Sometimes,Often,Always,Sometimes,Rarely,Often,Always,Always,Always,Often,Sometimes,Rarely,Rarely,Never,Ladyfish,Supportive,Agree,Disagree,Somewhat disagree,Somewhat disagree,Somewhat disagree,Agree,Agree,Disagree,Agree,Agree,4.99,5.05,8.79,10,9.16,No,18 - 24,Male,,34219,Hillsborough,,"$50,001 - $75,000",40,Not sure,Not sure,"Moderate
(10 - 20 ft.)",Not sure,Not sure,Not sure,Sometimes,Sometimes
7/7/2026 20:45,7/7/2026 20:52,IP Address,100,409,TRUE,7/7/2026 20:52,R_1h75ByRF9ALxHrP,email,Saltwater,EN,1,,I agree,About once a month,1 - 4 years,"Fishing for fun, sport, or relaxation",,"A boat, kayak, or canoe",Fair,Off,Off,Off,Off,Off,Off,Off,Off,Off,Off,Off,Off,Off,Off,Off,Off,Off,On,Off,Off,Off,Off,On,On,Off,Off,Off,Off,On,On,Off,Off,Off,Off,Off,Off,Off,Off,Off,Off,Off,Off,Off,Off,Off,Off,Off,Off,Off,Off,Off,Off,Off,Off,Off,Off,Off,Off,Off,Off,Off,Off,Off,Off,Off,Off,Off,Off,Off,Off,Off,Off,Off,Off,Off,Off,No,No,No,No,No,Yes,Yes,Yes,Rarely,Often,Often,Never,Never,Sometimes,Often,Always,Often,Never,Never,Sometimes,Never,Never,Na,Supportive,Agree,Disagree,Agree,Strongly disagree,Agree,Somewhat agree,Agree,Somewhat agree,Somewhat agree,Somewhat agree,1.72,5.29,7.65,10,10,No,55 - 64,Male,,33625,Hillsborough,,"$100,000 or more",100,,,,,,,,
7/7/2026 20:43,7/7/2026 20:52,IP Address,100,489,TRUE,7/7/2026 20:52,R_18ASf9HaOpa5SIW,email,Saltwater,EN,1,,I agree,About once a week,20 years or more,"Fishing for fun, sport, or relaxation,Fishing for your own food",,"A boat, kayak, or canoe",Good,Off,Off,Off,Off,Off,Off,Off,Off,Off,On,Off,Off,Off,Off,Off,Off,On,Off,Off,Off,Off,Off,On,Off,Off,Off,Off,Off,Off,On,Off,Off,Off,Off,Off,On,Off,Off,Off,On,On,Off,Off,Off,Off,Off,On,Off,Off,Off,Off,Off,Off,On,Off,Off,Off,Off,Off,Off,Off,Off,Off,Off,Off,Off,Off,Off,Off,Off,Off,Off,Off,Off,Off,Off,No,No,No,No,No,No,No,No,Rarely,Always,Often,Sometimes,Sometimes,Sometimes,Sometimes,Often,Often,Rarely,Sometimes,Sometimes,Rarely,Rarely,,Supportive,Agree,Disagree,Agree,Disagree,Agree,Agree,Somewhat agree,Somewhat agree,Agree,Disagree,5.53,5.05,5.36,5.44,9.29,No,35 - 44,Male,,33703,Pinellas,,"$100,000 or more",50,"Moderate
(2 - 4 ft.)","Small
(several square yards)","Moderate
(10 - 20 ft.)","Moderate
(some nooks and crannies)",Not sure,Sometimes,Often,Not sure
7/7/2026 20:41,7/7/2026 20:52,IP Address,100,644,TRUE,7/7/2026 20:52,R_7X3SxB3sBfNEpgt,email,Saltwater,EN,1,,I agree,About once a month,5 - 9 years,"Fishing for fun, sport, or relaxation",,"A boat, kayak, or canoe",Good,Off,Off,Off,Off,Off,Off,Off,Off,Off,Off,Off,Off,Off,Off,Off,Off,Off,Off,On,Off,Off,On,On,Off,Off,Off,On,Off,Off,On,Off,Off,Off,On,Off,Off,Off,Off,Off,On,Off,Off,Off,Off,Off,Off,Off,Off,Off,Off,Off,Off,Off,Off,Off,Off,On,On,Off,Off,Off,On,Off,Off,Off,Off,Off,Off,Off,Off,Off,Off,On,On,On,On,Yes,Yes,Yes,Yes,Yes,Yes,No,No,Often,Sometimes,Sometimes,Often,Often,Rarely,Often,Sometimes,Often,Rarely,Sometimes,Often,Often,Often,Mangrove snapper,Supportive,Somewhat disagree,Somewhat disagree,Somewhat agree,Somewhat disagree,Somewhat agree,Agree,Strongly agree,Disagree,Agree,Disagree,0.87,6.87,7.46,9.01,10,No,18 - 24,Male,,33578,Hillsborough,,"$75,001 - $100,000",200,"Moderate
(2 - 4 ft.)","Medium
(less than 1 acre)","Deep
(20 ft. or more)","Moderate
(some nooks and crannies)",Rarely,Never,Often,Never
7/7/2026 20:45,7/7/2026 20:54,IP Address,100,558,TRUE,7/7/2026 20:54,R_3C2a2AmnWWw4ODA,email,Saltwater,EN,1,,I agree,Many times a week,1 - 4 years,"Fishing for fun, sport, or relaxation",,"The shoreline or bank of a water body,A fishing pier or boardwalk",Good,Off,Off,Off,On,On,On,On,Off,Off,Off,Off,Off,Off,Off,Off,Off,Off,Off,Off,Off,Off,Off,Off,Off,Off,Off,Off,Off,Off,Off,Off,Off,Off,Off,Off,Off,Off,Off,Off,On,Off,Off,Off,Off,Off,Off,On,Off,Off,Off,Off,Off,Off,Off,Off,Off,Off,Off,Off,Off,Off,Off,Off,Off,Off,Off,Off,Off,Off,Off,Off,Off,On,On,On,On,Yes,No,No,No,Yes,Yes,No,No,Never,Often,Often,Never,Never,Often,Never,Sometimes,Sometimes,Never,Never,Never,Never,Often,Bull Shark,Supportive,Strongly agree,Somewhat disagree,Strongly agree,Somewhat disagree,Strongly agree,Somewhat agree,Somewhat disagree,Somewhat agree,Somewhat disagree,Somewhat agree,4.84,5,4.92,4.85,4.96,No,25 - 34,Male,,33607,Hillsborough,,"$100,000 or more",5,,,,,,,,
7/7/2026 20:47,7/7/2026 20:55,IP Address,100,473,TRUE,7/7/2026 20:55,R_7n8ExAqXzl3Rc6x,email,Saltwater,EN,1,,I agree,About once a week,1 - 4 years,"Fishing for fun, sport, or relaxation",,"A boat, kayak, or canoe",Excellent,On,On,Off,On,On,On,On,On,On,On,On,On,Off,Off,Off,On,On,On,Off,Off,Off,Off,Off,Off,Off,Off,Off,Off,Off,Off,Off,Off,Off,Off,Off,Off,Off,Off,Off,Off,Off,Off,Off,Off,Off,Off,On,On,Off,Off,Off,Off,Off,On,On,On,Off,Off,On,On,On,On,Off,Off,On,On,On,Off,Off,Off,Off,Off,Off,Off,Off,Off,Yes,Yes,No,No,Yes,Yes,Yes,Yes,Always,Sometimes,Always,Never,Rarely,Rarely,Always,Always,Always,Sometimes,Rarely,Rarely,Rarely,Never,,Supportive,Strongly agree,Strongly disagree,Strongly agree,Strongly disagree,Strongly agree,Somewhat agree,Somewhat agree,Agree,Agree,Disagree,2.81,5.15,7.19,7.3,7.4,No,25 - 34,Male,,34677,Pinellas,,"$75,001 - $100,000",30,"Moderate
(2 - 4 ft.)","Small
(several square yards)","Shallow
(10 ft. or less)","Moderate
(some nooks and crannies)",Sometimes,Not sure,Sometimes,Never
7/7/2026 20:46,7/7/2026 20:56,IP Address,100,553,TRUE,7/7/2026 20:56,R_1qYVTkmU7WR3VJf,email,Saltwater,EN,1,,I agree,About once a week,10 - 19 years,"Fishing for fun, sport, or relaxation",,"A boat, kayak, or canoe",Excellent,On,On,Off,Off,Off,Off,Off,Off,Off,Off,Off,Off,Off,Off,Off,On,On,Off,Off,Off,Off,On,On,Off,Off,Off,Off,Off,On,On,On,Off,Off,Off,On,On,On,Off,Off,Off,Off,Off,Off,Off,Off,Off,On,On,On,Off,Off,Off,Off,On,On,On,Off,Off,On,On,On,Off,Off,On,On,On,Off,Off,Off,On,On,On,Off,Off,Off,Off,Yes,Yes,Yes,Yes,Yes,Yes,No,Yes,Never,Rarely,Often,Often,Often,Often,Sometimes,Rarely,Sometimes,Sometimes,Rarely,Rarely,Sometimes,Never,Na,Supportive,Somewhat agree,Somewhat disagree,Somewhat agree,Somewhat disagree,Somewhat agree,Strongly disagree,Strongly agree,Strongly disagree,Strongly agree,Strongly disagree,0.33,0.62,7.69,0.44,10,No,45 - 54,Male,,33704,Pinellas,,"$100,000 or more",,"Moderate
(2 - 4 ft.)","Medium
(less than 1 acre)","Deep
(20 ft. or more)","Moderate
(some nooks and crannies)",Rarely,Never,Sometimes,Never
7/7/2026 20:43,7/7/2026 21:01,IP Address,100,1080,TRUE,7/7/2026 21:01,R_7QlW3rvF807dIIC,email,Saltwater,EN,1,,I agree,About once a week,1 - 4 years,"Fishing for fun, sport, or relaxation,Fishing for your own food",,"The shoreline or bank of a water body,A fishing pier or boardwalk",Excellent,Off,Off,Off,On,On,On,On,Off,Off,On,On,On,Off,Off,Off,On,On,On,Off,Off,Off,Off,Off,Off,Off,Off,Off,Off,Off,Off,Off,Off,Off,Off,Off,Off,Off,Off,Off,Off,Off,Off,Off,Off,Off,Off,On,On,Off,Off,Off,Off,Off,On,On,On,Off,Off,Off,Off,On,On,Off,Off,Off,Off,Off,Off,Off,Off,Off,Off,Off,Off,Off,Off,No,Yes,No,Yes,Yes,Yes,Yes,No,Never,Sometimes,Often,Never,Sometimes,Often,Rarely,Often,Never,Never,Sometimes,Always,Rarely,Always,Pompano ,Supportive,Strongly agree,Disagree,Somewhat agree,Somewhat disagree,Agree,Somewhat agree,Somewhat agree,Somewhat disagree,Somewhat agree,Somewhat disagree,0.27,0.49,0.51,1.12,10,No,35 - 44,Male,,34638,Pasco,,"$25,001 - $50,000",80,Not sure,"Small
(several square yards)","Shallow
(10 ft. or less)",Not sure,Often,Never,Often,Never
7/7/2026 20:53,7/7/2026 21:04,IP Address,100,630,TRUE,7/7/2026 21:04,R_5UYHXMvBOOaptQE,email,Saltwater,EN,1,,I agree,About once a week,20 years or more,"Fishing for fun, sport, or relaxation",,"A boat, kayak, or canoe",Excellent,Off,Off,Off,Off,Off,Off,Off,Off,Off,Off,Off,Off,Off,Off,Off,Off,Off,Off,Off,Off,Off,Off,Off,Off,Off,Off,Off,Off,On,On,Off,Off,Off,Off,On,Off,Off,Off,Off,Off,On,On,Off,Off,Off,Off,Off,On,On,Off,Off,Off,Off,Off,Off,Off,Off,Off,Off,Off,Off,Off,Off,Off,Off,Off,Off,Off,Off,Off,Off,Off,Off,Off,Off,Off,No,No,No,Yes,Yes,No,Yes,No,Sometimes,Often,Often,Rarely,Rarely,Sometimes,Sometimes,Often,Sometimes,Sometimes,Never,Rarely,Rarely,Sometimes,Cobia,Neutral,Somewhat agree,Somewhat disagree,Somewhat agree,Somewhat agree,Somewhat agree,Somewhat agree,Strongly agree,Disagree,Strongly agree,Strongly disagree,3.19,0,0.02,10,10,No,55 - 64,Male,,33705,Pinellas,,"$100,000 or more",100,"Moderate
(2 - 4 ft.)",Not sure,"Deep
(20 ft. or more)","Moderate
(some nooks and crannies)",Not sure,Not sure,Not sure,Not sure
7/7/2026 20:55,7/7/2026 21:06,IP Address,100,607,TRUE,7/7/2026 21:06,R_1CEydAoCKXuL7s5,email,Saltwater,EN,1,,I agree,A few times,20 years or more,"Fishing for fun, sport, or relaxation",,"A boat, kayak, or canoe",Excellent,On,On,On,On,Off,Off,Off,On,On,Off,Off,On,Off,Off,Off,On,Off,On,Off,Off,Off,Off,On,On,Off,Off,Off,Off,Off,On,Off,Off,Off,Off,On,Off,Off,Off,Off,Off,Off,On,Off,Off,Off,Off,Off,Off,Off,Off,Off,Off,Off,Off,Off,Off,Off,Off,Off,Off,Off,Off,Off,Off,Off,On,On,On,On,Off,Off,Off,Off,Off,Off,Off,No,No,No,No,Yes,No,No,Yes,Sometimes,Always,Always,Sometimes,Sometimes,Often,Often,Always,Often,Rarely,Never,Often,Often,Sometimes,,Supportive,Agree,Disagree,Somewhat agree,Disagree,Agree,Disagree,Agree,Disagree,Agree,Disagree,0,1.19,8.26,1.49,10,No,45 - 54,Male,,33606,Hillsborough,,"$100,000 or more",150,"High
(5 ft. or more)","Medium
(less than 1 acre)","Deep
(20 ft. or more)","Complex
(lots of holes, edges, and hiding spots)",Often,Sometimes,Often,Never
7/7/2026 20:58,7/7/2026 21:06,IP Address,100,444,TRUE,7/7/2026 21:06,R_6PZ3TNvEn0QUW8f,email,Saltwater,EN,1,,I agree,A few times,20 years or more,"Fishing for fun, sport, or relaxation",,"A boat, kayak, or canoe",Good,Off,Off,Off,Off,Off,Off,Off,Off,Off,Off,Off,Off,Off,Off,Off,Off,Off,Off,Off,Off,Off,Off,On,On,Off,Off,Off,Off,Off,Off,Off,Off,On,On,Off,Off,On,On,On,Off,Off,Off,On,On,On,Off,Off,Off,On,On,On,Off,Off,Off,Off,On,On,On,Off,On,On,On,On,On,On,On,On,Off,Off,Off,Off,Off,Off,Off,Off,Off,Yes,No,Yes,Yes,Yes,No,No,Yes,Rarely,Often,Often,Sometimes,Rarely,Often,Often,Always,Often,Sometimes,Rarely,Rarely,Sometimes,Never,,Supportive,Agree,Somewhat disagree,Somewhat agree,Disagree,Agree,Somewhat disagree,Agree,Somewhat agree,Somewhat agree,Somewhat agree,4.84,8.72,8.07,7.61,9.86,No,55 - 64,Male,,33570,Hillsborough,,"$100,000 or more",100,"Moderate
(2 - 4 ft.)","Medium
(less than 1 acre)","Moderate
(10 - 20 ft.)",Not sure,Sometimes,Not sure,Sometimes,Not sure
7/7/2026 20:54,7/7/2026 21:07,IP Address,100,805,TRUE,7/7/2026 21:07,R_6U3a3RavQk17wKl,email,Saltwater,EN,1,,I agree,Many times a week,1 - 4 years,"Fishing for fun, sport, or relaxation",,"A boat, kayak, or canoe",Excellent,Off,Off,Off,Off,Off,Off,Off,Off,Off,Off,Off,Off,Off,Off,Off,Off,Off,Off,Off,Off,Off,Off,Off,Off,Off,Off,Off,Off,Off,On,On,Off,Off,Off,On,On,On,On,Off,On,On,On,On,On,On,Off,On,On,On,On,On,Off,Off,On,On,On,On,Off,On,On,On,On,Off,On,On,On,On,Off,Off,Off,Off,Off,Off,Off,Off,On,No,No,No,No,No,No,No,No,Often,Always,Always,Always,Always,Always,Sometimes,Always,Always,Sometimes,Sometimes,Sometimes,Sometimes,Sometimes,"mackerel, king",Supportive,Somewhat agree,Disagree,Somewhat disagree,Somewhat disagree,Agree,Somewhat disagree,Somewhat disagree,Somewhat agree,Somewhat disagree,Somewhat agree,1.99,4.99,3.97,5.2,3.45,No,65 or older,Male,,33715,Pinellas,,"$100,000 or more",200,"Moderate
(2 - 4 ft.)","Medium
(less than 1 acre)","Moderate
(10 - 20 ft.)","Moderate
(some nooks and crannies)",Sometimes,Rarely,Often,Rarely
7/7/2026 20:57,7/7/2026 21:08,IP Address,100,635,TRUE,7/7/2026 21:08,R_5LwKg53nh29b8KP,email,Saltwater,EN,0.8999999761581421,,I agree,About once a month,10 - 19 years,"Fishing for fun, sport, or relaxation,Fishing for your own food",,"A boat, kayak, or canoe",Fair,Off,Off,Off,Off,Off,Off,Off,Off,Off,Off,Off,Off,Off,Off,Off,Off,Off,Off,Off,Off,Off,Off,Off,Off,Off,Off,Off,Off,Off,Off,Off,Off,On,On,Off,Off,On,On,On,Off,Off,Off,Off,On,On,On,Off,On,Off,On,On,On,Off,Off,On,On,Off,Off,Off,Off,On,On,Off,Off,Off,On,On,Off,Off,Off,Off,Off,Off,Off,Off,Off,Yes,No,No,Yes,Yes,No,No,No,Rarely,Always,Often,Never,Always,Sometimes,Sometimes,Always,Sometimes,Rarely,Sometimes,Often,Rarely,Never,,Neutral,Somewhat agree,Somewhat disagree,Disagree,Somewhat agree,Somewhat agree,Strongly disagree,Somewhat agree,Strongly disagree,Agree,Strongly disagree,5.02,1.81,1.78,10,10,No,35 - 44,Male,,33547,Hillsborough,,"$100,000 or more",200,"High
(5 ft. or more)","Large
(1 acre or more)","Moderate
(10 - 20 ft.)","Complex
(lots of holes, edges, and hiding spots)",Often,Rarely,Rarely,Never
7/7/2026 21:00,7/7/2026 21:10,IP Address,100,614,TRUE,7/7/2026 21:10,R_1Ii8CpQqsouGcBL,email,Saltwater,EN,1,,I agree,About once a month,20 years or more,"Fishing for fun, sport, or relaxation",,"The shoreline or bank of a water body,A boat, kayak, or canoe",Excellent,Off,Off,Off,Off,Off,Off,Off,Off,Off,Off,Off,Off,Off,Off,Off,Off,Off,Off,Off,Off,Off,Off,Off,Off,Off,Off,Off,Off,Off,On,On,On,Off,Off,Off,On,On,On,Off,Off,Off,Off,On,On,On,Off,Off,On,On,On,On,Off,Off,On,On,On,On,Off,On,On,On,On,On,On,On,On,On,On,On,Off,On,Off,Off,Off,Off,Off,No,No,No,No,Yes,Yes,Yes,No,Sometimes,Sometimes,Sometimes,Often,Sometimes,Sometimes,Often,Often,Often,Sometimes,Sometimes,Often,Sometimes,Sometimes,,Supportive,Agree,Strongly disagree,Somewhat agree,Strongly disagree,Agree,Somewhat agree,Strongly disagree,Somewhat disagree,Strongly disagree,Disagree,5.18,1.34,8.25,1.95,1.89,No,55 - 64,Male,,34212,Manatee,,"$100,000 or more",,"Moderate
(2 - 4 ft.)","Medium
(less than 1 acre)","Moderate
(10 - 20 ft.)","Moderate
(some nooks and crannies)",Often,Rarely,Sometimes,Not sure
7/7/2026 20:56,7/7/2026 21:11,IP Address,100,917,TRUE,7/7/2026 21:11,R_7Tpel1h55QpVW31,email,Saltwater,EN,1,,I agree,About once a week,20 years or more,"Fishing for fun, sport, or relaxation",,"A boat, kayak, or canoe",Excellent,On,On,Off,On,On,On,On,Off,On,Off,Off,On,Off,Off,Off,On,Off,Off,Off,Off,Off,Off,On,Off,Off,Off,Off,Off,Off,On,Off,Off,Off,Off,Off,Off,Off,Off,Off,On,Off,Off,Off,Off,Off,Off,On,On,Off,Off,Off,Off,Off,On,Off,Off,Off,Off,Off,Off,Off,Off,Off,Off,Off,Off,Off,Off,Off,Off,Off,Off,Off,Off,Off,Off,No,No,No,No,No,No,No,No,Sometimes,Often,Often,Sometimes,Rarely,Sometimes,Often,Often,Often,Rarely,Rarely,Rarely,Rarely,Sometimes,Flounder,Neutral,Somewhat agree,Somewhat disagree,Agree,Somewhat agree,Somewhat agree,Somewhat disagree,Somewhat agree,Somewhat agree,Agree,Disagree,1.84,5.25,8.26,9.42,10,No,55 - 64,Male,,34639,Pasco,,"$100,000 or more",125,"High
(5 ft. or more)",Not sure,"Moderate
(10 - 20 ft.)","Moderate
(some nooks and crannies)",Sometimes,Not sure,Sometimes,Not sure
7/7/2026 21:06,7/7/2026 21:11,IP Address,100,327,TRUE,7/7/2026 21:11,R_6QSlTPrha98QEpz,email,Saltwater,EN,1,,I agree,A few times,5 - 9 years,Fishing for your own food,,"A boat, kayak, or canoe",Excellent,Off,Off,Off,Off,Off,Off,Off,Off,Off,Off,Off,Off,Off,Off,Off,Off,Off,Off,Off,Off,Off,Off,Off,Off,Off,Off,Off,Off,Off,Off,Off,Off,Off,Off,Off,Off,Off,Off,Off,Off,Off,Off,Off,Off,Off,Off,Off,On,Off,Off,Off,Off,Off,Off,On,Off,Off,Off,On,On,On,Off,Off,On,Off,Off,Off,On,Off,Off,Off,Off,On,On,Off,Off,No,No,No,No,No,No,Yes,Yes,Never,Rarely,Often,Often,Often,Sometimes,Rarely,Often,Often,Sometimes,Sometimes,Often,Always,Sometimes,Hogfish ,Supportive,Somewhat agree,Disagree,Somewhat disagree,Somewhat disagree,Somewhat agree,Disagree,Agree,Strongly disagree,Strongly agree,Somewhat disagree,4.32,5.12,5.15,5.79,5.63,No,35 - 44,Male,,34691,Pasco,,"$100,000 or more",600,"Moderate
(2 - 4 ft.)","Small
(several square yards)","Deep
(20 ft. or more)","Moderate
(some nooks and crannies)",Sometimes,Sometimes,Often,Rarely
7/7/2026 20:56,7/7/2026 21:11,IP Address,100,939,TRUE,7/7/2026 21:11,R_7LPSplvYXvPXXTr,email,Saltwater,EN,1,,I agree,A few times,20 years or more,"Fishing for fun, sport, or relaxation",,"The shoreline or bank of a water body,A boat, kayak, or canoe",Excellent,Off,Off,Off,Off,Off,Off,On,Off,Off,Off,Off,Off,Off,Off,Off,Off,Off,Off,Off,Off,Off,On,Off,Off,Off,Off,Off,Off,Off,Off,Off,Off,Off,Off,Off,Off,Off,Off,Off,On,On,Off,Off,Off,Off,Off,On,Off,Off,Off,Off,Off,Off,On,Off,Off,Off,Off,Off,Off,Off,Off,Off,On,Off,Off,Off,Off,Off,Off,Off,Off,Off,Off,Off,On,Yes,Yes,No,No,Yes,Yes,Yes,Yes,Sometimes,Often,Often,Sometimes,Sometimes,Sometimes,Often,Often,Often,Sometimes,Rarely,Rarely,Rarely,Never,,Supportive,Strongly agree,Disagree,Agree,Disagree,Agree,Agree,Somewhat agree,Somewhat agree,Somewhat disagree,Somewhat agree,2.19,8.38,10,10,10,No,55 - 64,Male,,34689,Pinellas,,"$50,001 - $75,000",100,"Moderate
(2 - 4 ft.)","Small
(several square yards)","Moderate
(10 - 20 ft.)","Moderate
(some nooks and crannies)",Not sure,Never,Not sure,Not sure
7/7/2026 21:06,7/7/2026 21:14,IP Address,100,483,TRUE,7/7/2026 21:14,R_1Dur5dRDjNnqh1v,email,Saltwater,EN,1,,I agree,About once a week,20 years or more,"Fishing for fun, sport, or relaxation,Fishing for your own food",,"The shoreline or bank of a water body,A fishing pier or boardwalk,A boat, kayak, or canoe",Excellent,On,On,Off,Off,Off,On,On,Off,Off,Off,Off,On,On,On,Off,On,On,On,On,On,On,On,On,On,On,On,On,Off,On,On,Off,Off,On,On,On,On,Off,Off,Off,Off,On,On,Off,Off,Off,Off,On,On,Off,Off,Off,Off,Off,On,On,Off,Off,Off,Off,Off,Off,Off,Off,Off,Off,Off,Off,Off,Off,Off,Off,Off,Off,Off,Off,Off,No,No,Yes,Yes,Yes,Yes,Yes,Yes,Often,Often,Often,Often,Sometimes,Often,Never,Rarely,Often,Rarely,Sometimes,Often,Rarely,Sometimes,Cobia and tripletail,Supportive,Agree,Disagree,Agree,Disagree,Agree,Agree,Strongly agree,Agree,Somewhat agree,Disagree,0,0,0,10,10,No,45 - 54,Male,,33611,Hillsborough,,"$100,000 or more",100,"Moderate
(2 - 4 ft.)","Small
(several square yards)","Shallow
(10 ft. or less)","Moderate
(some nooks and crannies)",Often,Sometimes,Often,Not sure
7/7/2026 21:08,7/7/2026 21:16,IP Address,100,460,TRUE,7/7/2026 21:16,R_7CQ3cKVpQMSqLUu,email,Saltwater,EN,1,,I agree,A few times,5 - 9 years,"Fishing for fun, sport, or relaxation,Fishing for your own food",,"A boat, kayak, or canoe",Excellent,Off,Off,Off,Off,On,Off,Off,Off,Off,Off,On,Off,Off,Off,Off,Off,On,Off,Off,Off,Off,Off,Off,Off,Off,Off,Off,Off,Off,Off,On,On,Off,Off,Off,Off,Off,Off,Off,Off,Off,Off,Off,On,On,Off,Off,Off,On,On,Off,Off,Off,Off,Off,On,On,Off,Off,Off,On,On,Off,Off,Off,Off,Off,Off,Off,Off,Off,Off,Off,Off,Off,Off,No,No,No,Yes,Yes,Yes,Yes,Yes,Sometimes,Sometimes,Rarely,Often,Often,Often,Rarely,Rarely,Sometimes,Sometimes,Sometimes,Often,Often,Often,Bait,Supportive,Agree,Somewhat agree,Agree,Disagree,Agree,Somewhat agree,Somewhat agree,Somewhat agree,Disagree,Somewhat agree,7.42,4.84,6.81,5.17,5.22,No,55 - 64,Male,,33545,Pasco,,"$100,000 or more",800,"Moderate
(2 - 4 ft.)","Medium
(less than 1 acre)","Deep
(20 ft. or more)","Moderate
(some nooks and crannies)",Sometimes,Sometimes,Often,Rarely
7/7/2026 21:03,7/7/2026 21:18,IP Address,100,918,TRUE,7/7/2026 21:18,R_1B3cv3XjsOC39kU,email,Saltwater,EN,1,,I agree,About once a week,20 years or more,"Fishing for fun, sport, or relaxation",,"A boat, kayak, or canoe",Excellent,Off,Off,Off,Off,Off,Off,Off,Off,Off,Off,Off,Off,Off,Off,Off,Off,Off,Off,Off,Off,Off,Off,Off,Off,Off,Off,Off,Off,Off,Off,Off,Off,Off,Off,Off,Off,Off,Off,Off,Off,Off,Off,Off,Off,Off,Off,Off,Off,Off,Off,Off,Off,Off,Off,Off,Off,Off,Off,Off,On,On,On,Off,On,On,On,On,On,On,On,On,Off,Off,Off,Off,Off,No,No,No,No,Yes,Yes,No,Yes,Often,Often,Often,Sometimes,Sometimes,Sometimes,Often,Sometimes,Often,Rarely,Rarely,Sometimes,Sometimes,Never,Na,Supportive,Agree,Disagree,Agree,Disagree,Agree,Disagree,Agree,Somewhat agree,Somewhat agree,Somewhat disagree,2.91,3.79,3.87,8.55,8.38,No,55 - 64,Male,,34221,Manatee,,"$100,000 or more",150,"Moderate
(2 - 4 ft.)","Medium
(less than 1 acre)","Moderate
(10 - 20 ft.)","Moderate
(some nooks and crannies)",Sometimes,Sometimes,Often,Not sure
7/7/2026 21:13,7/7/2026 21:22,IP Address,100,531,TRUE,7/7/2026 21:22,R_5t9cRZjDPLTgW33,email,Saltwater,EN,1,,I agree,About once a month,5 - 9 years,"Fishing for fun, sport, or relaxation",,"A boat, kayak, or canoe",Fair,Off,Off,Off,Off,Off,Off,Off,Off,Off,Off,Off,Off,Off,Off,Off,Off,Off,Off,Off,Off,Off,Off,Off,Off,Off,Off,Off,Off,Off,Off,Off,Off,Off,Off,Off,Off,Off,Off,Off,Off,Off,Off,Off,Off,Off,Off,Off,Off,Off,Off,Off,Off,Off,Off,On,On,Off,Off,Off,Off,On,On,Off,On,On,On,On,On,On,Off,Off,Off,Off,Off,Off,Off,Yes,Yes,Yes,Yes,No,No,Yes,Yes,Often,Often,Sometimes,Often,Often,Sometimes,Never,Often,Sometimes,Rarely,Often,Often,Often,Sometimes,Spanish,Supportive,Strongly agree,Disagree,Agree,Disagree,Agree,Somewhat disagree,Agree,Somewhat agree,Agree,Disagree,1.87,3.47,4.67,6.08,7.93,Yes,55 - 64,Male,,34210,Manatee,,"$100,000 or more",200,"Moderate
(2 - 4 ft.)","Medium
(less than 1 acre)","Moderate
(10 - 20 ft.)","Moderate
(some nooks and crannies)",Often,Sometimes,Sometimes,Never
7/7/2026 21:16,7/7/2026 21:23,IP Address,100,457,TRUE,7/7/2026 21:23,R_3eshvZgmwRuOdrR,email,Saltwater,EN,1,,I agree,About once a month,1 - 4 years,"Fishing for fun, sport, or relaxation",,A fishing pier or boardwalk,Poor,Off,Off,Off,Off,Off,Off,Off,Off,Off,Off,Off,Off,Off,Off,Off,On,On,On,Off,Off,Off,Off,Off,Off,Off,Off,Off,Off,Off,Off,Off,Off,Off,Off,Off,Off,Off,Off,Off,Off,Off,Off,Off,Off,Off,Off,Off,Off,Off,Off,Off,Off,Off,On,Off,Off,Off,Off,Off,Off,On,On,Off,Off,Off,Off,Off,Off,Off,Off,Off,Off,Off,Off,Off,Off,Yes,Yes,No,No,Yes,No,No,No,Never,Never,Rarely,Never,Sometimes,Often,Often,Never,Always,Rarely,Often,Always,Never,Never,,Supportive,Somewhat agree,Somewhat disagree,Somewhat agree,Somewhat agree,Somewhat agree,Disagree,Strongly agree,Strongly disagree,Strongly agree,Strongly disagree,0,4.74,4.9,10,10,No,25 - 34,Male,,33510,Hillsborough,,"$100,000 or more",75,Not sure,Not sure,Not sure,"Moderate
(some nooks and crannies)",Sometimes,Not sure,Often,Never
7/7/2026 20:48,7/7/2026 21:26,IP Address,100,2325,TRUE,7/7/2026 21:26,R_3PtqNaYsYP7kqaS,email,Saltwater,EN,1,,I agree,A few times,20 years or more,"Fishing for fun, sport, or relaxation",,"A boat, kayak, or canoe",Excellent,Off,Off,Off,Off,Off,Off,Off,Off,Off,Off,Off,Off,Off,Off,Off,Off,Off,Off,Off,Off,Off,Off,Off,Off,Off,Off,Off,Off,Off,Off,Off,Off,Off,Off,Off,Off,Off,Off,Off,On,Off,Off,Off,Off,Off,On,On,On,Off,Off,Off,Off,Off,On,On,Off,Off,Off,On,Off,Off,On,Off,On,Off,Off,On,Off,Off,Off,Off,Off,On,Off,On,Off,Yes,No,No,No,No,No,No,Yes,Rarely,Often,Often,Often,Often,Often,Sometimes,Sometimes,Sometimes,Often,Often,Often,Sometimes,Never,,Supportive,Strongly agree,Disagree,Agree,Disagree,Strongly agree,Disagree,Agree,Disagree,Agree,Disagree,1.24,1.95,4.67,1.26,10,No,55 - 64,Male,,,Pinellas,,"$100,000 or more",100,"Moderate
(2 - 4 ft.)","Medium
(less than 1 acre)","Moderate
(10 - 20 ft.)","Moderate
(some nooks and crannies)",Often,Not sure,Sometimes,Not sure
7/7/2026 21:15,7/7/2026 21:27,IP Address,100,711,TRUE,7/7/2026 21:27,R_3k7CFxtYypO9Bgg,email,Saltwater,EN,1,,I agree,A few times,20 years or more,"Fishing for fun, sport, or relaxation,Fishing for your own food",,"The shoreline or bank of a water body,A boat, kayak, or canoe",Good,Off,Off,Off,Off,Off,Off,Off,Off,Off,Off,Off,Off,Off,Off,Off,Off,Off,Off,Off,Off,Off,Off,Off,Off,Off,Off,Off,Off,Off,Off,Off,Off,Off,Off,Off,Off,Off,Off,Off,On,On,Off,Off,Off,Off,Off,On,Off,Off,Off,Off,Off,Off,On,Off,Off,Off,Off,Off,Off,Off,Off,Off,Off,Off,Off,Off,Off,Off,Off,Off,Off,On,Off,Off,Off,No,No,No,No,No,Yes,Yes,Yes,Never,Often,Often,Never,Often,Often,Often,Rarely,Often,Never,Sometimes,Sometimes,Never,Never,,Supportive,Agree,Disagree,Agree,Disagree,Agree,Agree,Disagree,Agree,Disagree,Agree,8.33,10,8.89,0.8,0.78,No,55 - 64,Male,,33774,Pinellas,,"$100,000 or more",50,"Low
(1 ft. or less)","Small
(several square yards)","Shallow
(10 ft. or less)","Simple
(mostly flat or smooth)",Often,Never,Sometimes,Never
7/7/2026 21:14,7/7/2026 21:29,IP Address,100,878,TRUE,7/7/2026 21:29,R_3E5ixxlwLlGfuQW,email,Saltwater,EN,1,,I agree,About once a month,5 - 9 years,"Fishing for fun, sport, or relaxation",,A fishing pier or boardwalk,Good,Off,Off,Off,Off,Off,Off,Off,Off,Off,Off,Off,Off,Off,Off,Off,Off,Off,Off,Off,Off,Off,Off,Off,Off,Off,Off,Off,Off,Off,Off,Off,Off,Off,Off,Off,Off,Off,Off,Off,Off,On,Off,Off,Off,Off,Off,Off,On,Off,Off,Off,Off,Off,Off,Off,Off,Off,Off,Off,Off,On,On,Off,Off,Off,Off,Off,Off,Off,Off,Off,Off,On,On,Off,Off,Yes,No,No,No,Yes,No,No,No,Rarely,Never,Sometimes,Sometimes,Sometimes,Sometimes,Never,Sometimes,Rarely,Never,Sometimes,Often,Often,Never,,Supportive,Strongly agree,Disagree,Agree,Disagree,Agree,Somewhat agree,Somewhat agree,Somewhat agree,Somewhat agree,Somewhat agree,8.12,8.19,5.11,8.18,5.9,No,45 - 54,Male,,33844,Polk,,"$75,001 - $100,000",300,"Moderate
(2 - 4 ft.)",Not sure,"Deep
(20 ft. or more)","Complex
(lots of holes, edges, and hiding spots)",Rarely,Sometimes,Rarely,Not sure
7/7/2026 21:18,7/7/2026 21:29,IP Address,100,637,TRUE,7/7/2026 21:29,R_5PRiruCNWiJUXTx,email,Saltwater,EN,1,,I agree,About once a week,20 years or more,"Fishing for fun, sport, or relaxation",,"A boat, kayak, or canoe",Excellent,Off,Off,Off,Off,Off,Off,Off,Off,Off,Off,Off,Off,Off,Off,Off,Off,Off,Off,Off,Off,Off,Off,On,Off,Off,Off,Off,Off,Off,On,Off,Off,Off,Off,On,On,Off,Off,Off,On,On,On,On,Off,Off,Off,On,On,On,Off,Off,Off,Off,On,On,On,Off,Off,On,Off,Off,Off,Off,On,Off,Off,Off,Off,Off,Off,Off,Off,Off,Off,Off,Off,No,Yes,Yes,Yes,Yes,Yes,Yes,Yes,Sometimes,Often,Often,Often,Often,Often,Sometimes,Sometimes,Sometimes,Often,Rarely,Rarely,Sometimes,Rarely,Permit,Supportive,Strongly agree,Somewhat disagree,Strongly agree,Somewhat disagree,Strongly agree,Disagree,Strongly agree,Somewhat disagree,Strongly agree,Somewhat agree,0.34,0.37,0.6,10,10,No,35 - 44,Male,,33705,Pinellas,,"$75,001 - $100,000",100,"High
(5 ft. or more)","Small
(several square yards)","Moderate
(10 - 20 ft.)","Moderate
(some nooks and crannies)",Sometimes,Rarely,Rarely,Not sure
7/7/2026 21:24,7/7/2026 21:30,IP Address,100,318,TRUE,7/7/2026 21:30,R_3hXYL3FK4lIHxho,email,Saltwater,EN,1,,I agree,About once a month,5 - 9 years,"Fishing for fun, sport, or relaxation",,"A boat, kayak, or canoe",Excellent,Off,Off,Off,Off,Off,Off,Off,Off,On,On,On,On,Off,Off,Off,On,On,On,Off,Off,Off,On,On,On,Off,Off,Off,Off,Off,On,Off,Off,Off,Off,Off,Off,Off,Off,On,On,Off,Off,Off,On,On,Off,On,On,Off,On,On,Off,Off,Off,Off,Off,Off,On,Off,Off,Off,On,On,Off,Off,Off,On,Off,Off,Off,Off,Off,Off,On,On,On,Yes,Yes,Yes,Yes,Yes,Yes,Yes,Yes,Sometimes,Often,Always,Rarely,Rarely,Sometimes,Always,Always,Always,Sometimes,Sometimes,Rarely,Rarely,Never,,Supportive,Agree,Somewhat agree,Somewhat agree,Somewhat disagree,Somewhat agree,Strongly disagree,Strongly agree,Strongly disagree,Strongly agree,Strongly disagree,0.79,4.29,7.61,10,10,Yes,25 - 34,Male,,33776,Pinellas,,"$100,000 or more",60,Not sure,"Medium
(less than 1 acre)","Moderate
(10 - 20 ft.)","Moderate
(some nooks and crannies)",Rarely,Rarely,Rarely,Never
7/7/2026 21:23,7/7/2026 21:31,IP Address,100,455,TRUE,7/7/2026 21:31,R_7zCqbHXxzS6nBfj,email,Saltwater,EN,1,,I agree,About once a week,20 years or more,"Fishing for fun, sport, or relaxation",,"A boat, kayak, or canoe",Excellent,Off,Off,Off,Off,Off,Off,Off,Off,Off,Off,Off,Off,Off,Off,Off,Off,Off,Off,Off,Off,Off,Off,Off,Off,Off,Off,Off,Off,Off,Off,Off,Off,Off,Off,Off,Off,Off,Off,Off,On,On,On,Off,Off,Off,Off,On,Off,Off,Off,Off,Off,Off,Off,On,Off,Off,On,Off,Off,Off,On,On,On,On,On,On,On,On,On,On,On,On,On,On,On,No,Yes,Yes,Yes,Yes,Yes,Yes,No,Sometimes,Always,Always,Always,Often,Sometimes,Sometimes,Often,Sometimes,Rarely,Often,Always,Often,Often,Mackerel ,Neutral,Strongly agree,Disagree,Agree,Disagree,Strongly agree,Somewhat disagree,Somewhat agree,Somewhat disagree,Agree,Disagree,1.79,7.67,2.59,7.98,6.34,No,45 - 54,Male,,34221,Manatee,,"$100,000 or more",120,"Moderate
(2 - 4 ft.)","Medium
(less than 1 acre)","Moderate
(10 - 20 ft.)","Complex
(lots of holes, edges, and hiding spots)",Sometimes,Sometimes,Often,Never
7/7/2026 21:21,7/7/2026 21:32,IP Address,100,654,TRUE,7/7/2026 21:32,R_5Bqc1mx41xnrDlD,email,Saltwater,EN,1,,I agree,About once a week,5 - 9 years,Fishing for your own food,,"A boat, kayak, or canoe",Excellent,Off,Off,Off,Off,Off,Off,Off,Off,Off,Off,Off,Off,Off,Off,Off,Off,Off,Off,Off,Off,Off,Off,Off,Off,Off,Off,Off,Off,Off,Off,Off,Off,Off,Off,Off,Off,Off,Off,Off,On,On,Off,Off,Off,Off,Off,On,On,Off,Off,Off,Off,Off,Off,Off,Off,Off,Off,Off,Off,Off,Off,Off,Off,Off,Off,Off,Off,Off,Off,Off,Off,Off,Off,Off,Off,No,No,No,No,No,No,No,No,Never,Always,Always,Sometimes,Sometimes,Sometimes,Often,Always,Sometimes,Rarely,Sometimes,Always,Always,Never,,Supportive,Disagree,Somewhat disagree,Strongly agree,Disagree,Strongly agree,Somewhat disagree,Strongly agree,Somewhat agree,Somewhat disagree,Somewhat agree,4.89,6.99,3.22,5.03,5.05,No,35 - 44,Female,,33712,Pinellas,,"$50,001 - $75,000",50,Not sure,Not sure,"Shallow
(10 ft. or less)",Not sure,Often,Often,Often,Not sure
7/7/2026 21:22,7/7/2026 21:33,IP Address,100,645,TRUE,7/7/2026 21:33,R_6Dsm4tzBpfJmZzz,email,Saltwater,EN,1,,I agree,About once a month,20 years or more,"Fishing for fun, sport, or relaxation",,"A boat, kayak, or canoe",Excellent,Off,Off,Off,Off,Off,Off,Off,Off,Off,Off,Off,Off,Off,Off,Off,Off,On,Off,Off,Off,Off,Off,On,Off,Off,Off,Off,Off,Off,On,Off,On,On,Off,Off,On,Off,On,On,On,Off,Off,On,Off,On,Off,On,On,On,Off,Off,Off,Off,Off,Off,Off,On,Off,Off,Off,Off,Off,Off,Off,Off,Off,On,Off,Off,On,On,Off,Off,Off,Off,Off,Yes,Yes,Yes,Yes,Yes,Yes,No,No,Rarely,Always,Often,Rarely,Rarely,Sometimes,Often,Always,Often,Sometimes,Sometimes,Sometimes,Rarely,Rarely,,Neutral,Strongly agree,Disagree,Agree,Disagree,Agree,Somewhat agree,Somewhat agree,Somewhat agree,Somewhat agree,Somewhat agree,5,5.63,5.05,5.94,5.7,No,55 - 64,Male,,33703,Pinellas,,"$100,000 or more",130,"Low
(1 ft. or less)","Small
(several square yards)","Shallow
(10 ft. or less)","Simple
(mostly flat or smooth)",Rarely,Rarely,Sometimes,Never
7/7/2026 21:22,7/7/2026 21:35,IP Address,100,815,TRUE,7/7/2026 21:35,R_1ISQWEAAa0TaUZz,email,Saltwater,EN,1,,I agree,About once a month,20 years or more,"Fishing for fun, sport, or relaxation,Fishing for your own food",,"The shoreline or bank of a water body,A fishing pier or boardwalk,A boat, kayak, or canoe",Fair,Off,Off,Off,Off,Off,Off,Off,Off,Off,Off,Off,Off,Off,Off,Off,On,Off,On,Off,Off,Off,Off,On,On,Off,Off,Off,Off,Off,Off,Off,Off,Off,On,Off,Off,On,On,On,Off,Off,On,On,Off,On,Off,Off,On,Off,On,Off,Off,Off,On,Off,On,Off,Off,On,On,Off,On,Off,On,On,On,Off,On,Off,Off,Off,Off,Off,Off,Off,Off,No,No,No,Yes,No,Yes,No,No,Rarely,Rarely,Sometimes,Sometimes,Rarely,Sometimes,Sometimes,Sometimes,Sometimes,Rarely,Sometimes,Sometimes,Rarely,Rarely,,Supportive,Somewhat agree,Somewhat disagree,Agree,Somewhat disagree,Agree,Somewhat agree,Somewhat disagree,Somewhat agree,Somewhat disagree,Somewhat agree,2.93,4.92,2.89,2.21,2.51,No,45 - 54,Male,,33617,Hillsborough,,"$100,000 or more",350,"Moderate
(2 - 4 ft.)",Not sure,"Moderate
(10 - 20 ft.)","Moderate
(some nooks and crannies)",Sometimes,Sometimes,Sometimes,Never
7/7/2026 21:31,7/7/2026 21:39,IP Address,100,445,TRUE,7/7/2026 21:39,R_3WzqQZhI962u8fv,email,Saltwater,EN,1,,I agree,About once a month,10 - 19 years,"Fishing for fun, sport, or relaxation",,"A boat, kayak, or canoe",Fair,Off,Off,Off,Off,Off,Off,Off,Off,Off,Off,Off,Off,Off,Off,Off,Off,Off,Off,Off,Off,Off,On,On,Off,Off,Off,Off,Off,On,On,Off,Off,Off,Off,On,On,Off,On,Off,Off,On,On,Off,Off,On,Off,Off,On,On,Off,Off,Off,Off,On,Off,Off,Off,Off,Off,Off,Off,Off,Off,Off,Off,Off,Off,Off,Off,Off,Off,Off,Off,Off,Off,Off,Yes,No,No,Yes,Yes,Yes,Yes,No,Rarely,Sometimes,Often,Rarely,Often,Often,Often,Rarely,Sometimes,Sometimes,Sometimes,Often,Often,Never,,Supportive,Strongly agree,Somewhat disagree,Somewhat agree,Disagree,Agree,Somewhat agree,Somewhat agree,Somewhat disagree,Somewhat agree,Somewhat agree,1.06,5.49,5.01,6.34,6.42,No,35 - 44,Female,,33702,Pinellas,,"$100,000 or more",100,"High
(5 ft. or more)","Medium
(less than 1 acre)","Shallow
(10 ft. or less)","Moderate
(some nooks and crannies)",Often,Sometimes,Sometimes,Rarely
7/7/2026 21:30,7/7/2026 21:41,IP Address,100,695,TRUE,7/7/2026 21:41,R_5dyZiHnWvqDbYpt,email,Saltwater,EN,1,,I agree,About once a month,20 years or more,"Fishing for fun, sport, or relaxation",,"A boat, kayak, or canoe",Good,Off,Off,Off,Off,Off,Off,Off,Off,Off,Off,Off,Off,Off,Off,Off,Off,Off,Off,Off,Off,Off,Off,Off,Off,Off,Off,Off,Off,Off,Off,Off,Off,Off,Off,Off,Off,Off,Off,Off,Off,On,On,Off,Off,Off,Off,On,Off,Off,Off,Off,Off,Off,On,Off,Off,Off,Off,Off,Off,Off,Off,Off,Off,Off,Off,Off,Off,Off,Off,Off,Off,Off,Off,Off,Off,No,Yes,Yes,Yes,No,Yes,Yes,No,Never,Always,Rarely,Rarely,Rarely,Sometimes,Often,Often,Often,Sometimes,Rarely,Rarely,Rarely,Rarely,Flounder ,Supportive,Agree,Disagree,Agree,Somewhat disagree,Agree,Somewhat agree,Agree,Somewhat agree,Somewhat agree,Somewhat agree,5.42,8.27,8.39,9.24,10,No,55 - 64,Male,,33762,Pinellas,,"$100,000 or more",75,"Moderate
(2 - 4 ft.)","Medium
(less than 1 acre)","Moderate
(10 - 20 ft.)",Not sure,Sometimes,Never,Sometimes,Sometimes
7/7/2026 21:32,7/7/2026 21:41,IP Address,100,554,TRUE,7/7/2026 21:41,R_3aJSlKrwVTN0KL7,email,Saltwater,EN,1,,I agree,About once a month,20 years or more,"Fishing for fun, sport, or relaxation",,"A boat, kayak, or canoe",Fair,Off,Off,Off,Off,Off,Off,Off,Off,Off,Off,Off,Off,Off,Off,Off,Off,Off,Off,Off,Off,Off,Off,Off,Off,Off,Off,Off,Off,Off,Off,Off,Off,Off,Off,Off,Off,Off,Off,Off,Off,Off,Off,Off,Off,Off,Off,Off,Off,Off,Off,Off,Off,Off,Off,Off,Off,Off,Off,Off,Off,Off,Off,Off,On,On,On,On,On,On,Off,Off,Off,Off,Off,Off,Off,No,Yes,No,Yes,Yes,Yes,No,No,Often,Often,Often,Rarely,Rarely,Often,Sometimes,Often,Sometimes,Never,Sometimes,Rarely,Rarely,Rarely,,Supportive,Strongly agree,Disagree,Somewhat agree,Disagree,Agree,Somewhat agree,Somewhat agree,Somewhat agree,Somewhat disagree,Somewhat agree,1.08,0.01,9.15,1.84,2.1,No,55 - 64,Male,,34209,Manatee,,"$100,000 or more",100,"High
(5 ft. or more)","Small
(several square yards)","Moderate
(10 - 20 ft.)","Moderate
(some nooks and crannies)",Rarely,Rarely,Often,Not sure
7/7/2026 21:34,7/7/2026 21:43,IP Address,100,551,TRUE,7/7/2026 21:43,R_7hASKCbcNSLXxAO,email,Saltwater,EN,1,,I agree,About once a month,Less than a year,"Fishing for fun, sport, or relaxation,Fishing for your own food",,"A boat, kayak, or canoe",Fair,Off,Off,Off,Off,Off,Off,Off,Off,Off,Off,Off,Off,Off,Off,Off,Off,Off,Off,Off,Off,Off,Off,Off,Off,Off,Off,Off,Off,Off,Off,Off,Off,Off,Off,Off,Off,Off,Off,Off,Off,Off,Off,Off,Off,Off,Off,Off,Off,Off,Off,Off,Off,Off,Off,Off,Off,Off,Off,On,Off,On,On,Off,On,Off,On,On,On,On,On,On,Off,Off,Off,Off,Off,No,No,No,No,No,No,No,No,Rarely,Sometimes,Often,Rarely,Often,Often,Sometimes,Often,Rarely,Sometimes,Sometimes,Often,Sometimes,Sometimes,,Supportive,Somewhat agree,Disagree,Somewhat agree,Disagree,Agree,Somewhat agree,Somewhat agree,Somewhat disagree,Somewhat agree,Somewhat disagree,6.81,9.06,1.99,8.11,1.61,No,55 - 64,Male,,34211,Manatee,,"$100,000 or more",60,Not sure,"Small
(several square yards)","Shallow
(10 ft. or less)",Not sure,Sometimes,Sometimes,Sometimes,Rarely
7/7/2026 21:36,7/7/2026 21:44,IP Address,100,462,TRUE,7/7/2026 21:44,R_5g2iWqqMiVKRRFf,email,Saltwater,EN,1,,I agree,Many times a week,5 - 9 years,"Fishing for fun, sport, or relaxation",,"A boat, kayak, or canoe",Excellent,Off,Off,Off,Off,Off,Off,Off,Off,Off,Off,Off,Off,Off,Off,Off,Off,Off,Off,Off,Off,Off,Off,Off,Off,Off,Off,Off,Off,Off,Off,Off,Off,Off,On,Off,Off,Off,Off,On,Off,Off,Off,Off,Off,On,On,Off,Off,Off,Off,On,On,Off,Off,Off,Off,On,On,Off,Off,Off,On,Off,Off,Off,Off,Off,Off,Off,Off,Off,Off,Off,Off,Off,Off,No,No,No,No,Yes,No,No,No,Often,Often,Often,Rarely,Rarely,Sometimes,Always,Always,Always,Sometimes,Rarely,Rarely,Rarely,Often,Jacks,Supportive,Agree,Disagree,Agree,Disagree,Agree,Disagree,Agree,Disagree,Agree,Disagree,1.38,1.49,8.68,8.54,8.61,No,55 - 64,Male,,33570,Hillsborough,,"$75,001 - $100,000",100,"High
(5 ft. or more)","Medium
(less than 1 acre)","Moderate
(10 - 20 ft.)","Moderate
(some nooks and crannies)",Not sure,Not sure,Not sure,Not sure
7/7/2026 21:37,7/7/2026 21:47,IP Address,100,605,TRUE,7/7/2026 21:47,R_6R908ho1REK05Wc,email,Saltwater,EN,1,,I agree,About once a week,10 - 19 years,"Fishing for fun, sport, or relaxation",,"A boat, kayak, or canoe",Excellent,Off,Off,Off,Off,Off,On,Off,Off,Off,On,Off,On,Off,Off,Off,On,On,On,Off,Off,Off,Off,On,Off,Off,Off,Off,Off,On,On,Off,Off,Off,On,On,Off,Off,On,On,On,On,On,Off,Off,On,On,On,On,Off,Off,On,On,On,On,On,On,Off,On,On,Off,On,On,Off,On,On,On,Off,On,Off,Off,Off,Off,Off,Off,Off,On,No,No,No,No,No,No,No,No,Sometimes,Always,Always,Often,Often,Always,Always,Sometimes,Always,Often,Never,Never,Sometimes,Never,,Supportive,Strongly agree,Somewhat agree,Strongly agree,Somewhat agree,Strongly agree,Strongly agree,Strongly agree,Strongly agree,Agree,Strongly disagree,0.6,0.75,0.52,4.67,10,No,45 - 54,Male,,33703,Pinellas,,"$100,000 or more",50,"Moderate
(2 - 4 ft.)","Medium
(less than 1 acre)","Deep
(20 ft. or more)","Moderate
(some nooks and crannies)",Often,Rarely,Always,Not sure
7/7/2026 21:41,7/7/2026 21:49,IP Address,100,503,TRUE,7/7/2026 21:49,R_3ISqJYjWfIdmzHY,email,Saltwater,EN,1,,I agree,A few times,20 years or more,"Fishing for fun, sport, or relaxation",,"A boat, kayak, or canoe",Good,Off,Off,Off,Off,Off,Off,Off,Off,Off,Off,Off,Off,Off,Off,Off,Off,Off,Off,Off,Off,Off,Off,Off,Off,Off,Off,Off,Off,Off,Off,Off,Off,Off,Off,Off,Off,Off,Off,Off,Off,Off,Off,Off,Off,Off,Off,On,On,Off,Off,Off,Off,Off,On,Off,Off,Off,On,Off,Off,On,On,On,On,Off,Off,On,On,On,On,Off,Off,Off,Off,Off,Off,No,Yes,No,Yes,Yes,No,No,Yes,Rarely,Often,Often,Often,Often,Often,Often,Often,Often,Rarely,Never,Often,Often,Rarely,,Supportive,Strongly agree,Disagree,Somewhat agree,Strongly disagree,Strongly agree,Somewhat disagree,Somewhat agree,Disagree,Somewhat agree,Somewhat disagree,5,7.16,6.47,10,2.75,No,55 - 64,Male,,34240,Sarasota,,"$100,000 or more",500,"High
(5 ft. or more)","Small
(several square yards)","Deep
(20 ft. or more)","Complex
(lots of holes, edges, and hiding spots)",Not sure,Sometimes,Not sure,Never
7/7/2026 21:34,7/7/2026 21:50,IP Address,100,953,TRUE,7/7/2026 21:50,R_5SEqAA3Jl0ZfSaR,email,Saltwater,EN,1,,I agree,A few times,5 - 9 years,"Fishing for fun, sport, or relaxation",,"A boat, kayak, or canoe",Poor,Off,Off,Off,Off,Off,Off,Off,Off,Off,Off,Off,Off,Off,Off,Off,Off,Off,Off,Off,Off,Off,Off,Off,Off,Off,Off,Off,Off,Off,Off,Off,Off,Off,Off,Off,Off,Off,Off,Off,On,On,On,Off,Off,Off,Off,Off,On,On,Off,Off,Off,Off,Off,On,Off,Off,Off,Off,Off,Off,Off,Off,Off,Off,Off,Off,Off,Off,Off,Off,Off,On,On,On,On,No,No,No,No,No,No,No,No,Never,Rarely,Often,Rarely,Sometimes,Often,Sometimes,Rarely,Often,Rarely,Sometimes,Sometimes,Rarely,Sometimes,,Supportive,Agree,Somewhat disagree,Somewhat agree,Somewhat disagree,Somewhat agree,Disagree,Agree,Disagree,Agree,Disagree,0.9,1.38,1.28,1.42,7.09,No,45 - 54,Male,,33629,Hillsborough,,"$100,000 or more",250,Not sure,Not sure,"Moderate
(10 - 20 ft.)",Not sure,Not sure,Not sure,Not sure,Not sure
7/7/2026 21:59,7/7/2026 22:06,IP Address,100,420,TRUE,7/7/2026 22:06,R_3hVzGHIrbIWmUNz,email,Saltwater,EN,1,,I agree,A few times,20 years or more,"Fishing for fun, sport, or relaxation",,"The shoreline or bank of a water body,A fishing pier or boardwalk,A boat, kayak, or canoe",Excellent,Off,Off,Off,Off,Off,Off,Off,Off,Off,Off,Off,Off,Off,Off,Off,Off,Off,Off,Off,Off,Off,Off,Off,Off,Off,Off,Off,Off,Off,Off,Off,Off,Off,Off,Off,Off,Off,Off,Off,Off,Off,Off,Off,Off,Off,Off,On,On,Off,Off,Off,Off,Off,On,Off,Off,Off,Off,Off,Off,On,On,Off,Off,Off,On,Off,On,Off,Off,On,On,Off,Off,Off,Off,No,Yes,Yes,Yes,Yes,Yes,No,No,Often,Often,Often,Rarely,Rarely,Sometimes,Often,Sometimes,Often,Often,Never,Rarely,Rarely,Never,,Supportive,Agree,Somewhat disagree,Strongly agree,Somewhat disagree,Somewhat agree,Agree,Agree,Disagree,Agree,Disagree,0.6,6.27,5.52,1.6,10,No,35 - 44,Male,,34243,Manatee,,"$100,000 or more",800,Not sure,Not sure,Not sure,Not sure,Not sure,Not sure,Not sure,Not sure
7/7/2026 22:03,7/7/2026 22:12,IP Address,100,568,TRUE,7/7/2026 22:12,R_6aK1HCWkvKJnFcV,email,Saltwater,EN,1,,I agree,A few times,Less than a year,"Fishing for fun, sport, or relaxation,Fishing for your own food",,"A boat, kayak, or canoe",Good,Off,Off,Off,Off,Off,Off,Off,Off,Off,Off,Off,Off,Off,Off,Off,Off,Off,Off,Off,Off,Off,Off,Off,Off,Off,Off,Off,Off,Off,Off,Off,Off,Off,Off,Off,Off,Off,Off,Off,Off,On,Off,Off,Off,Off,Off,Off,On,On,Off,Off,Off,Off,Off,On,On,On,Off,Off,Off,On,Off,Off,Off,Off,Off,Off,Off,Off,Off,Off,Off,Off,Off,Off,Off,No,No,No,Yes,Yes,No,No,No,Never,Often,Often,Sometimes,Sometimes,Often,Sometimes,Often,Often,Never,Sometimes,Often,Sometimes,Rarely,None,Supportive,Somewhat agree,Somewhat disagree,Somewhat agree,Somewhat agree,Agree,Somewhat disagree,Agree,Somewhat agree,Somewhat agree,Somewhat agree,8.47,4.18,3.41,8.45,7.67,No,45 - 54,Male,,34639,Pasco,,"$100,000 or more",100,"Moderate
(2 - 4 ft.)",Not sure,"Moderate
(10 - 20 ft.)","Moderate
(some nooks and crannies)",Often,Sometimes,Sometimes,Never
7/7/2026 22:02,7/7/2026 22:13,IP Address,100,675,TRUE,7/7/2026 22:13,R_1fe3G1kVVT3DC0a,email,Saltwater,EN,1,,I agree,About once a month,1 - 4 years,"Fishing for fun, sport, or relaxation",,"The shoreline or bank of a water body,A fishing pier or boardwalk,A boat, kayak, or canoe",Good,Off,Off,Off,Off,Off,Off,Off,Off,Off,Off,Off,Off,Off,Off,Off,Off,Off,Off,Off,Off,Off,Off,Off,Off,Off,Off,Off,Off,Off,Off,Off,Off,Off,Off,Off,Off,Off,Off,Off,Off,On,Off,Off,Off,Off,Off,Off,On,Off,Off,On,Off,Off,On,On,On,Off,On,On,On,On,On,On,On,On,On,On,On,On,On,On,On,Off,Off,Off,Off,Yes,No,Yes,Yes,No,Yes,Yes,No,Sometimes,Often,Often,Rarely,Often,Always,Always,Always,Always,Rarely,Sometimes,Always,Always,Never,,Supportive,Agree,Somewhat disagree,Somewhat disagree,Disagree,Somewhat agree,Somewhat agree,Somewhat agree,Somewhat disagree,Somewhat agree,Somewhat disagree,6.31,5.25,3.32,1.34,0,No,25 - 34,Male,,34211,Manatee,,"$100,000 or more",150,Not sure,"Small
(several square yards)","Moderate
(10 - 20 ft.)",Not sure,Often,Often,Often,Rarely
7/7/2026 22:14,7/7/2026 22:25,IP Address,100,609,TRUE,7/7/2026 22:25,R_1ezzw7ASpTfgO4z,email,Saltwater,EN,1,,I agree,About once a week,20 years or more,"Fishing for fun, sport, or relaxation",,"A boat, kayak, or canoe",Excellent,Off,Off,Off,Off,Off,Off,Off,Off,Off,Off,Off,Off,Off,Off,Off,On,On,Off,Off,Off,Off,On,On,Off,Off,Off,Off,Off,On,On,Off,Off,Off,Off,On,On,Off,On,On,Off,Off,Off,Off,On,On,On,Off,Off,Off,Off,On,On,On,Off,Off,Off,Off,Off,Off,Off,Off,Off,Off,On,On,Off,Off,On,Off,Off,Off,Off,Off,Off,Off,Off,Yes,No,No,Yes,Yes,No,No,No,Always,Sometimes,Always,Always,Sometimes,Often,Always,Always,Always,Rarely,Often,Always,Never,Always,Black drum,Supportive,Somewhat agree,Disagree,Somewhat agree,Somewhat agree,Somewhat agree,Disagree,Agree,Somewhat agree,Strongly agree,Disagree,10,10,9.55,10,10,No,55 - 64,Female,,33527,Hillsborough,,"$100,000 or more",50,"Low
(1 ft. or less)","Small
(several square yards)","Shallow
(10 ft. or less)","Moderate
(some nooks and crannies)",Often,Sometimes,Often,Not sure
7/7/2026 22:14,7/7/2026 22:25,IP Address,100,660,TRUE,7/7/2026 22:25,R_5TuClC3simYyED8,email,Saltwater,EN,1,,I agree,About once a week,10 - 19 years,"Fishing for fun, sport, or relaxation",,"A boat, kayak, or canoe",Good,Off,Off,Off,Off,Off,Off,Off,Off,Off,Off,Off,Off,Off,Off,Off,Off,Off,Off,Off,Off,Off,Off,Off,Off,Off,Off,Off,Off,Off,Off,Off,Off,Off,Off,Off,Off,Off,Off,Off,Off,On,Off,Off,Off,On,On,Off,On,Off,Off,On,On,Off,On,On,Off,Off,Off,On,On,Off,Off,Off,Off,Off,Off,Off,Off,Off,Off,Off,Off,Off,Off,Off,Off,No,No,Yes,No,No,Yes,No,Yes,Always,Often,Sometimes,Often,Sometimes,Often,Sometimes,Sometimes,Sometimes,Rarely,Rarely,Often,Often,Never,,Supportive,Strongly agree,Disagree,Strongly agree,Strongly disagree,Strongly agree,Somewhat agree,Somewhat agree,Somewhat agree,Somewhat agree,Somewhat agree,6.18,7.68,6.92,10,7.54,No,55 - 64,Male,,33570,Sarasota,,"$100,000 or more",450,"High
(5 ft. or more)","Medium
(less than 1 acre)","Deep
(20 ft. or more)","Complex
(lots of holes, edges, and hiding spots)",Often,Sometimes,Often,Never
7/7/2026 22:19,7/7/2026 22:31,IP Address,100,721,TRUE,7/7/2026 22:31,R_3NY9e0gBjjBjnvr,email,Saltwater,EN,1,,I agree,A few times,10 - 19 years,"Fishing for fun, sport, or relaxation,Fishing for your own food",,"The shoreline or bank of a water body,A boat, kayak, or canoe",Good,Off,Off,Off,Off,Off,Off,Off,Off,Off,Off,On,Off,Off,Off,Off,Off,On,Off,Off,Off,Off,Off,Off,Off,Off,Off,Off,Off,Off,Off,Off,Off,Off,Off,Off,Off,Off,Off,Off,On,On,Off,Off,Off,Off,Off,Off,Off,Off,Off,Off,Off,Off,Off,Off,Off,Off,On,Off,Off,Off,On,Off,Off,Off,On,On,On,On,Off,Off,Off,Off,Off,Off,Off,No,Yes,Yes,Yes,Yes,Yes,No,No,Never,Often,Always,Often,Sometimes,Sometimes,Always,Always,Always,Never,Never,Often,Never,Sometimes,Flounder,Neutral,Agree,Disagree,Agree,Somewhat disagree,Somewhat agree,Somewhat agree,Strongly agree,Disagree,Somewhat disagree,Disagree,0.6,0.72,0.61,8.34,10,No,45 - 54,Male,,34231,Sarasota,,"$100,000 or more",300,"High
(5 ft. or more)","Small
(several square yards)",Not sure,"Moderate
(some nooks and crannies)",Not sure,Not sure,Not sure,Never
7/7/2026 22:25,7/7/2026 22:35,IP Address,100,614,TRUE,7/7/2026 22:35,R_6NxovehKvLHWYiQ,email,Saltwater,EN,1,,I agree,A few times,10 - 19 years,"Fishing for fun, sport, or relaxation",,"The shoreline or bank of a water body,A fishing pier or boardwalk",Good,Off,Off,Off,Off,Off,Off,Off,Off,Off,Off,Off,Off,Off,Off,Off,Off,Off,Off,Off,Off,Off,Off,Off,Off,Off,Off,Off,Off,Off,Off,Off,Off,Off,Off,Off,Off,Off,Off,Off,Off,Off,Off,Off,Off,Off,Off,On,On,Off,Off,Off,Off,Off,On,Off,Off,Off,Off,Off,Off,On,Off,Off,Off,Off,Off,Off,Off,Off,Off,Off,Off,Off,Off,Off,Off,Yes,Yes,No,No,No,Yes,No,Yes,Sometimes,Often,Sometimes,Sometimes,Rarely,Sometimes,Rarely,Sometimes,Rarely,Never,Sometimes,Sometimes,Sometimes,Sometimes,,Supportive,Agree,Somewhat agree,Strongly agree,Disagree,Strongly disagree,Somewhat agree,Agree,Disagree,Agree,Disagree,6.15,5.9,6.23,8.95,6.26,No,45 - 54,Female,,34655,Pasco,,"$100,000 or more",175,"Low
(1 ft. or less)",Not sure,"Shallow
(10 ft. or less)","Moderate
(some nooks and crannies)",Sometimes,Rarely,Sometimes,Never
7/7/2026 22:52,7/7/2026 22:59,IP Address,100,453,TRUE,7/7/2026 22:59,R_6fK0empsYANagZ2,email,Saltwater,EN,1,,I agree,About once a month,5 - 9 years,"Fishing for fun, sport, or relaxation",,"A boat, kayak, or canoe",Fair,Off,Off,Off,Off,Off,Off,Off,Off,Off,Off,Off,Off,Off,Off,Off,Off,Off,Off,Off,Off,Off,Off,Off,Off,Off,Off,Off,Off,Off,Off,Off,Off,Off,Off,Off,Off,Off,Off,Off,On,Off,Off,Off,Off,Off,Off,On,On,Off,Off,Off,Off,Off,On,On,Off,Off,Off,Off,Off,Off,Off,Off,Off,Off,Off,Off,Off,Off,Off,Off,Off,Off,Off,Off,Off,No,No,No,No,No,No,No,No,Rarely,Sometimes,Sometimes,Sometimes,Sometimes,Sometimes,Rarely,Sometimes,Sometimes,Rarely,Sometimes,Sometimes,Sometimes,Sometimes,Porgy,Supportive,Somewhat agree,Disagree,Somewhat agree,Disagree,Agree,Somewhat disagree,Somewhat agree,Somewhat agree,Somewhat agree,Somewhat disagree,4.7,9.19,9.41,9.08,8.99,No,55 - 64,Male,,33715,Pinellas,,"$100,000 or more",5000,Not sure,"Large
(1 acre or more)","Deep
(20 ft. or more)","Moderate
(some nooks and crannies)",Not sure,Not sure,Not sure,Not sure
7/7/2026 22:58,7/7/2026 23:08,IP Address,100,577,TRUE,7/7/2026 23:08,R_7UBIisVwNa0CL4d,email,Saltwater,EN,1,,I agree,About once a month,20 years or more,"Fishing for fun, sport, or relaxation",,A fishing pier or boardwalk,Fair,Off,Off,Off,Off,Off,Off,Off,Off,Off,Off,Off,Off,Off,On,On,On,Off,Off,Off,Off,Off,Off,Off,Off,Off,Off,Off,Off,Off,Off,Off,Off,Off,Off,Off,Off,Off,Off,Off,Off,On,Off,Off,Off,Off,Off,Off,Off,Off,Off,Off,Off,Off,Off,Off,Off,Off,Off,Off,Off,Off,Off,Off,Off,Off,Off,Off,Off,Off,Off,On,On,Off,Off,Off,Off,No,No,No,No,Yes,Yes,Yes,Yes,Sometimes,Rarely,Sometimes,Sometimes,Sometimes,Often,Sometimes,Sometimes,Sometimes,Sometimes,Sometimes,Sometimes,Sometimes,Sometimes,,Neutral,Agree,Disagree,Somewhat agree,Somewhat disagree,Somewhat agree,Somewhat agree,Somewhat disagree,Somewhat agree,Somewhat disagree,Somewhat agree,4.43,5.93,5.51,4.56,5.28,No,45 - 54,Male,,34668,Pasco,,"$75,001 - $100,000",150,"Low
(1 ft. or less)","Small
(several square yards)","Shallow
(10 ft. or less)","Moderate
(some nooks and crannies)",Sometimes,Rarely,Sometimes,Never
7/7/2026 23:02,7/7/2026 23:18,IP Address,100,957,TRUE,7/7/2026 23:18,R_6fUWOpavznDQ6WZ,email,Saltwater,EN,1,,I agree,A few times,20 years or more,"Fishing for fun, sport, or relaxation",,"A boat, kayak, or canoe",Good,Off,On,Off,Off,On,On,On,Off,On,Off,Off,On,Off,Off,Off,On,On,On,Off,Off,Off,On,On,Off,Off,Off,Off,Off,Off,Off,Off,Off,Off,Off,Off,Off,Off,Off,Off,Off,Off,Off,Off,Off,Off,Off,Off,Off,Off,Off,Off,Off,Off,Off,On,Off,Off,Off,Off,Off,On,Off,Off,Off,Off,On,Off,On,Off,Off,Off,Off,Off,Off,Off,Off,No,No,No,No,No,Yes,No,No,Rarely,Often,Often,Sometimes,Rarely,Often,Often,Often,Often,Sometimes,Rarely,Rarely,Rarely,Rarely,Cobia,Supportive,Agree,Somewhat disagree,Agree,Disagree,Agree,Somewhat agree,Agree,Somewhat disagree,Agree,Strongly disagree,2.33,0.98,1.16,10,10,No,55 - 64,Male,,33548,Hillsborough,,"$100,000 or more",150,Not sure,Not sure,"Deep
(20 ft. or more)","Complex
(lots of holes, edges, and hiding spots)",Not sure,Not sure,Often,Never
7/7/2026 23:35,7/7/2026 23:44,IP Address,100,541,TRUE,7/7/2026 23:44,R_3Rlt1eXee1gtFNR,email,Saltwater,EN,1,,I agree,About once a week,10 - 19 years,"Fishing for fun, sport, or relaxation,Fishing for your own food",,"The shoreline or bank of a water body,A fishing pier or boardwalk,A boat, kayak, or canoe",Good,Off,Off,Off,Off,Off,Off,Off,Off,Off,Off,Off,Off,Off,Off,Off,Off,Off,Off,Off,Off,Off,Off,Off,Off,Off,Off,On,On,Off,Off,Off,Off,Off,Off,Off,Off,Off,Off,Off,Off,Off,Off,Off,Off,On,Off,Off,Off,Off,Off,Off,On,Off,Off,Off,Off,Off,Off,Off,Off,On,On,Off,On,Off,On,Off,Off,Off,Off,Off,Off,Off,Off,Off,Off,Yes,No,No,No,Yes,Yes,Yes,No,Sometimes,Often,Often,Never,Never,Often,Always,Sometimes,Often,Sometimes,Rarely,Sometimes,Never,Never,,Supportive,Agree,Strongly disagree,Agree,Disagree,Agree,Strongly disagree,Strongly agree,Somewhat agree,Agree,Strongly disagree,3.1,7.92,10,10,10,No,18 - 24,Male,,33547,Hillsborough,,"$25,000 or less",18,,,,,,,,
7/7/2026 23:30,7/7/2026 23:46,IP Address,100,948,TRUE,7/7/2026 23:46,R_6mDlLetPYoWHCG5,email,Saltwater,EN,1,,I agree,About once a week,10 - 19 years,"Fishing for fun, sport, or relaxation",,"A boat, kayak, or canoe",Good,Off,Off,Off,Off,Off,Off,Off,Off,Off,On,On,Off,Off,Off,Off,Off,On,On,Off,Off,Off,Off,Off,Off,Off,Off,Off,Off,Off,Off,Off,Off,Off,Off,Off,Off,Off,Off,Off,Off,Off,Off,Off,Off,Off,Off,Off,On,Off,Off,Off,Off,Off,Off,On,Off,Off,Off,Off,Off,On,On,Off,Off,Off,Off,Off,Off,Off,Off,Off,Off,Off,Off,Off,Off,No,No,No,Yes,Yes,No,Yes,No,Sometimes,Never,Never,Sometimes,Sometimes,Often,Sometimes,Never,Sometimes,Sometimes,Never,Sometimes,Sometimes,Never,,Supportive,Agree,Disagree,Agree,Disagree,Strongly agree,Agree,Disagree,Agree,Disagree,Strongly agree,5.92,10,4.08,3.71,4.09,No,55 - 64,,,,,,,,Not sure,"Small
(several square yards)","Deep
(20 ft. or more)","Complex
(lots of holes, edges, and hiding spots)",Always,Rarely,Often,Not sure
7/7/2026 23:38,7/7/2026 23:46,IP Address,100,475,TRUE,7/7/2026 23:46,R_17p80Fd72RN8bL6,email,Saltwater,EN,1,,I agree,About once a month,20 years or more,"Fishing for fun, sport, or relaxation",,"The shoreline or bank of a water body,A boat, kayak, or canoe",Excellent,Off,Off,Off,Off,Off,Off,Off,Off,Off,Off,Off,Off,Off,Off,Off,Off,Off,Off,Off,Off,Off,Off,Off,Off,Off,Off,Off,Off,Off,Off,Off,Off,Off,Off,Off,Off,Off,Off,Off,Off,Off,Off,Off,Off,Off,Off,Off,Off,Off,Off,Off,Off,Off,Off,Off,Off,Off,Off,Off,Off,Off,On,Off,Off,Off,On,On,Off,On,On,Off,Off,Off,Off,Off,Off,Yes,No,Yes,Yes,Yes,Yes,Yes,No,Always,Often,Often,Rarely,Never,Sometimes,Always,Rarely,Often,Rarely,Never,Never,Never,Never,,Supportive,Strongly agree,Strongly disagree,Strongly agree,Strongly disagree,Strongly agree,Strongly disagree,Strongly agree,Somewhat disagree,Strongly agree,Strongly disagree,0,0,0.78,8.45,8.96,No,65 or older,Male,,34221,Manatee,,"$100,000 or more",200,,,,,,,,
7/7/2026 23:46,8/7/2026 0:05,IP Address,100,1140,TRUE,8/7/2026 0:05,R_6KpznehIECCIlQZ,email,Saltwater,EN,0.800000012,,I agree,About once a month,20 years or more,"Fishing for fun, sport, or relaxation",,"A boat, kayak, or canoe",Excellent,On,On,On,On,On,On,On,On,On,On,Off,Off,Off,Off,Off,On,Off,Off,Off,Off,Off,On,On,Off,Off,Off,Off,Off,On,On,Off,Off,Off,Off,On,Off,Off,Off,Off,Off,Off,On,Off,Off,Off,Off,Off,Off,Off,Off,Off,Off,Off,On,Off,Off,Off,Off,Off,Off,Off,Off,Off,Off,Off,Off,Off,Off,Off,Off,Off,Off,Off,Off,Off,Off,No,No,No,No,No,No,No,No,Sometimes,Often,Often,Rarely,Rarely,Rarely,Often,Often,Often,Never,Rarely,Never,Never,Rarely,Flounder,Neutral,Agree,Disagree,Somewhat agree,Somewhat disagree,Somewhat agree,Somewhat disagree,Agree,Somewhat disagree,Agree,Disagree,0.1,0.1,0.1,9.92,9.93,No,55 - 64,Male,,34698,Pinellas,,"$25,001 - $50,000",30,Not sure,Not sure,Not sure,Not sure,Not sure,Not sure,Not sure,Not sure
8/7/2026 0:13,8/7/2026 0:24,IP Address,100,649,TRUE,8/7/2026 0:24,R_50gI1ojHj4Mhjt7,email,Saltwater,EN,1,,I agree,About once a month,20 years or more,"Fishing for fun, sport, or relaxation",,"A boat, kayak, or canoe",Good,Off,Off,Off,Off,Off,Off,Off,Off,Off,Off,Off,Off,Off,Off,Off,Off,Off,Off,Off,Off,Off,Off,Off,Off,Off,Off,Off,Off,Off,Off,Off,Off,Off,Off,Off,Off,Off,Off,Off,Off,Off,Off,Off,Off,Off,Off,Off,Off,Off,Off,Off,Off,Off,Off,Off,Off,Off,Off,On,On,On,On,Off,On,On,On,On,On,On,Off,Off,Off,Off,Off,Off,Off,No,No,Yes,Yes,Yes,No,No,No,Rarely,Always,Always,Rarely,Rarely,Often,Often,Often,Often,Rarely,Sometimes,Sometimes,Rarely,Sometimes,Permit,Supportive,Agree,Disagree,Somewhat agree,Disagree,Somewhat agree,Strongly disagree,Strongly agree,Disagree,Agree,Strongly disagree,0.32,0.24,0.28,6.99,9.79,No,55 - 64,Male,,33566,Hillsborough,,"$100,000 or more",75,"Moderate
(2 - 4 ft.)","Medium
(less than 1 acre)","Moderate
(10 - 20 ft.)","Moderate
(some nooks and crannies)",Rarely,Rarely,Sometimes,Not sure
8/7/2026 2:51,8/7/2026 3:14,IP Address,100,1392,TRUE,8/7/2026 3:14,R_3kKI6tIH3bVZfUZ,email,Saltwater,EN,1,,I agree,A few times,20 years or more,"Fishing for fun, sport, or relaxation",,"The shoreline or bank of a water body,A fishing pier or boardwalk",Good,Off,Off,Off,Off,Off,Off,Off,Off,Off,Off,Off,Off,Off,On,Off,On,Off,On,Off,Off,Off,Off,Off,Off,Off,Off,Off,Off,Off,Off,Off,Off,Off,Off,Off,Off,Off,Off,Off,Off,Off,Off,Off,Off,Off,Off,Off,Off,Off,Off,Off,Off,Off,Off,Off,Off,Off,Off,Off,Off,On,Off,Off,Off,Off,Off,Off,Off,Off,Off,Off,Off,Off,Off,Off,Off,Yes,Yes,Yes,Yes,Yes,Yes,Yes,No,Never,Never,Never,Never,Never,Always,Sometimes,Never,Never,Sometimes,Sometimes,Sometimes,Never,Never,,Supportive,Disagree,Somewhat agree,Somewhat disagree,Strongly agree,Disagree,Disagree,Agree,Disagree,Agree,Strongly disagree,0.15,0.21,0.21,0.12,10,No,55 - 64,Female,,33624,Hillsborough,,"$50,001 - $75,000",150,,,,,,,,
8/7/2026 3:31,8/7/2026 3:39,IP Address,100,477,TRUE,8/7/2026 3:39,R_66Kij0Jfp8QOdVv,email,Saltwater,EN,1,,I agree,A few times,1 - 4 years,"Fishing for fun, sport, or relaxation",,The shoreline or bank of a water body,Fair,Off,Off,Off,Off,Off,Off,Off,Off,Off,Off,Off,Off,Off,Off,Off,Off,Off,Off,Off,Off,Off,Off,Off,Off,Off,Off,Off,Off,Off,Off,Off,Off,Off,Off,Off,Off,Off,Off,Off,On,Off,Off,Off,Off,Off,Off,On,Off,Off,Off,Off,Off,Off,On,Off,Off,Off,Off,Off,Off,Off,Off,Off,Off,Off,Off,Off,Off,Off,Off,Off,Off,Off,Off,Off,Off,No,No,Yes,Yes,No,No,No,No,Never,Rarely,Rarely,Rarely,Rarely,Often,Never,Never,Never,Never,Never,Never,Never,Never,,Supportive,Somewhat agree,Somewhat agree,Somewhat agree,Somewhat agree,Somewhat agree,Somewhat agree,Somewhat agree,Somewhat agree,Somewhat agree,Somewhat agree,0,0,0,0,0,No,35 - 44,Male,,33613,Hillsborough,,"$100,000 or more",50,Not sure,Not sure,Not sure,Not sure,Not sure,Not sure,Not sure,Not sure
8/7/2026 3:35,8/7/2026 3:46,IP Address,100,692,TRUE,8/7/2026 3:46,R_2htmhBJuNHmmmvD,email,Saltwater,EN,1,,I agree,A few times,5 - 9 years,"Fishing for fun, sport, or relaxation",,The shoreline or bank of a water body,Excellent,Off,Off,Off,Off,Off,Off,Off,Off,Off,Off,Off,Off,Off,Off,Off,Off,Off,Off,Off,Off,Off,Off,Off,Off,Off,Off,Off,Off,Off,Off,Off,Off,Off,Off,Off,Off,Off,Off,Off,Off,Off,Off,Off,Off,Off,Off,Off,Off,Off,Off,Off,Off,Off,Off,Off,Off,Off,Off,Off,Off,Off,Off,Off,Off,Off,Off,Off,Off,Off,Off,Off,Off,Off,Off,On,On,Yes,No,Yes,Yes,No,No,No,No,Sometimes,Sometimes,Always,Never,Never,Sometimes,Always,Always,Rarely,Rarely,Sometimes,Rarely,Rarely,Sometimes,lady fish ,Supportive,Somewhat agree,Somewhat disagree,Somewhat disagree,Somewhat disagree,Somewhat disagree,Somewhat agree,Somewhat disagree,Somewhat disagree,Somewhat disagree,Somewhat disagree,10,6.81,4.93,0.23,0.19,No,55 - 64,Male,,33706,Pinellas,,"$75,001 - $100,000",100,,,,,,,,
8/7/2026 3:58,8/7/2026 4:13,IP Address,100,938,TRUE,8/7/2026 4:13,R_6wuXRmyt3XfOp7X,email,Saltwater,EN,1,,I agree,About once a week,20 years or more,"Fishing for fun, sport, or relaxation",,"A fishing pier or boardwalk,A boat, kayak, or canoe",Excellent,On,On,On,On,Off,On,On,On,Off,Off,Off,Off,Off,Off,Off,Off,Off,Off,Off,Off,Off,Off,Off,Off,Off,Off,Off,Off,Off,Off,Off,Off,Off,Off,On,Off,Off,Off,Off,On,On,On,Off,Off,Off,Off,On,Off,Off,Off,Off,Off,Off,On,Off,Off,Off,Off,Off,Off,Off,On,Off,Off,Off,Off,Off,Off,Off,Off,Off,Off,On,On,On,On,Yes,No,No,No,Yes,No,No,No,Never,Sometimes,Sometimes,Sometimes,Sometimes,Often,Sometimes,Always,Always,Never,Often,Always,Rarely,Sometimes,,Supportive,Somewhat agree,Somewhat disagree,Somewhat disagree,Somewhat disagree,Somewhat disagree,Somewhat agree,Somewhat agree,Somewhat disagree,Somewhat agree,Somewhat disagree,4.93,5.94,4.97,5.9,4.97,No,65 or older,Male,,34684,Pinellas,,"$25,000 or less",40,Not sure,Not sure,Not sure,Not sure,Not sure,Not sure,Not sure,Not sure
8/7/2026 4:07,8/7/2026 4:16,IP Address,100,569,TRUE,8/7/2026 4:16,R_6jq8w16n0EHj3Hx,email,Saltwater,EN,1,,I agree,A few times,20 years or more,"Fishing for fun, sport, or relaxation",,"A boat, kayak, or canoe",Good,Off,Off,Off,Off,Off,Off,Off,Off,Off,Off,Off,Off,Off,Off,Off,Off,Off,Off,Off,Off,Off,Off,Off,Off,Off,Off,Off,Off,Off,Off,Off,Off,Off,Off,Off,Off,Off,Off,Off,Off,Off,Off,Off,Off,Off,Off,On,On,Off,Off,Off,Off,Off,Off,On,On,Off,Off,Off,Off,Off,Off,Off,Off,Off,Off,Off,Off,Off,Off,Off,Off,Off,Off,Off,Off,Yes,No,Yes,Yes,Yes,Yes,Yes,No,Never,Never,Never,Always,Often,Always,Never,Never,Never,Never,Never,Often,Always,Sometimes,Kingfish,Supportive,Strongly agree,Strongly disagree,Somewhat agree,Strongly disagree,Somewhat disagree,Somewhat disagree,Somewhat agree,Disagree,Somewhat disagree,Disagree,0.69,5.6,0.67,0.93,3.95,No,45 - 54,Male,,33813,Polk,,"$100,000 or more",500,"Moderate
(2 - 4 ft.)","Large
(1 acre or more)","Deep
(20 ft. or more)","Complex
(lots of holes, edges, and hiding spots)",Always,Sometimes,Always,Not sure
8/7/2026 4:16,8/7/2026 4:22,IP Address,100,370,TRUE,8/7/2026 4:22,R_1YEpvoSobEvKpOc,email,Saltwater,EN,1,,I agree,A few times,20 years or more,"Fishing for fun, sport, or relaxation",,The shoreline or bank of a water body,Excellent,Off,Off,Off,Off,Off,Off,Off,Off,Off,Off,Off,Off,Off,Off,Off,Off,Off,Off,Off,Off,Off,Off,Off,Off,Off,Off,Off,Off,Off,Off,Off,Off,Off,Off,Off,Off,Off,Off,Off,Off,On,Off,Off,Off,Off,Off,Off,Off,Off,Off,Off,Off,Off,Off,Off,Off,Off,Off,Off,Off,Off,Off,Off,On,Off,Off,Off,Off,Off,Off,Off,Off,Off,Off,Off,Off,No,No,No,No,No,No,No,No,Never,Often,Always,Always,Never,Often,Always,Always,Always,Rarely,Never,Never,Never,Never,,Supportive,Strongly agree,Strongly disagree,Strongly agree,Strongly disagree,Strongly agree,Agree,Somewhat agree,Somewhat disagree,Agree,Disagree,0.76,9.94,9.79,0.79,9.86,No,55 - 64,Male,,33647,Hillsborough,,"$100,000 or more",15,,,,,,,,
8/7/2026 4:19,8/7/2026 4:27,IP Address,100,505,TRUE,8/7/2026 4:27,R_596o3smIYRDLRF5,email,Saltwater,EN,1,,I agree,About once a week,1 - 4 years,"Fishing for fun, sport, or relaxation,Fishing for your own food",,"A boat, kayak, or canoe",Fair,Off,Off,Off,Off,Off,Off,Off,Off,Off,Off,Off,Off,On,On,Off,Off,Off,Off,Off,On,On,Off,Off,Off,Off,On,On,Off,Off,Off,Off,Off,Off,Off,Off,Off,Off,Off,Off,Off,Off,Off,Off,Off,Off,Off,Off,On,Off,Off,Off,Off,Off,Off,On,On,Off,Off,Off,Off,On,Off,Off,Off,Off,Off,Off,Off,Off,Off,Off,Off,Off,Off,Off,Off,No,No,No,No,No,No,Yes,No,Often,Rarely,Often,Sometimes,Often,Always,Sometimes,Sometimes,Often,Rarely,Sometimes,Often,Often,Never,,Supportive,Agree,Somewhat disagree,Agree,Agree,Somewhat agree,Agree,Somewhat disagree,Somewhat disagree,Somewhat agree,Disagree,7.08,7.54,0.9,0,0,No,25 - 34,Male,,33602,Hillsborough,,"$100,000 or more",75,"Moderate
(2 - 4 ft.)","Small
(several square yards)","Moderate
(10 - 20 ft.)",Not sure,Often,Rarely,Often,Not sure
8/7/2026 3:26,8/7/2026 4:45,IP Address,100,4740,TRUE,8/7/2026 4:45,R_3zqNNwUC9JMmpZ5,email,Saltwater,EN,0.5,,I agree,Many times a week,20 years or more,Something else:,Not your average angler,The shoreline or bank of a water body,Excellent,Off,Off,Off,Off,Off,Off,Off,Off,Off,Off,Off,Off,Off,Off,Off,Off,Off,Off,Off,Off,Off,Off,Off,Off,Off,Off,Off,Off,Off,Off,Off,Off,Off,Off,Off,Off,Off,Off,On,Off,Off,Off,Off,Off,On,On,Off,Off,Off,Off,On,On,On,Off,Off,Off,Off,On,Off,Off,On,On,On,Off,Off,On,On,Off,On,On,On,On,Off,Off,Off,Off,Yes,Yes,Yes,Yes,Yes,Yes,No,Yes,Often,Often,Often,Often,Often,Often,Always,Always,Always,Always,Sometimes,Rarely,Never,Never,Spanish mackerel ,Supportive,Agree,Somewhat agree,Agree,Somewhat agree,Somewhat agree,Somewhat agree,Agree,Disagree,Strongly agree,Disagree,0.69,5.02,2.88,10,10,No,55 - 64,Other description:,"Loop tackle,Serious fly guy",34222,Manatee,,"$25,000 or less",20,"Moderate
(2 - 4 ft.)","Medium
(less than 1 acre)","Shallow
(10 ft. or less)","Moderate
(some nooks and crannies)",Sometimes,Rarely,Always,Never
8/7/2026 4:42,8/7/2026 4:52,IP Address,100,606,TRUE,8/7/2026 4:52,R_6PgExXRkoPHhthM,email,Saltwater,EN,1,,I agree,About once a month,20 years or more,"Fishing for fun, sport, or relaxation",,"The shoreline or bank of a water body,A boat, kayak, or canoe",Fair,Off,Off,Off,Off,Off,Off,Off,Off,Off,Off,Off,Off,Off,Off,Off,Off,On,On,Off,Off,Off,Off,Off,Off,Off,On,On,Off,Off,Off,Off,Off,On,On,Off,Off,Off,Off,Off,Off,Off,Off,Off,Off,Off,Off,Off,On,Off,Off,Off,Off,Off,Off,On,On,On,Off,Off,Off,On,On,Off,Off,Off,Off,Off,Off,Off,Off,Off,Off,Off,Off,Off,Off,No,No,No,No,No,No,No,No,Rarely,Rarely,Sometimes,Often,Rarely,Always,Sometimes,Sometimes,Sometimes,Rarely,Sometimes,Sometimes,Rarely,Sometimes,Sharks,Neutral,Somewhat agree,Somewhat agree,Agree,Somewhat disagree,Disagree,Disagree,Strongly agree,Strongly disagree,Strongly agree,Strongly disagree,7.84,1.48,2.97,9.46,0.68,Yes,45 - 54,Male,,33571,Hillsborough,,,150,Not sure,"Small
(several square yards)","Moderate
(10 - 20 ft.)","Simple
(mostly flat or smooth)",Not sure,Not sure,Not sure,Not sure
8/7/2026 4:47,8/7/2026 4:57,IP Address,100,618,TRUE,8/7/2026 4:57,R_7t9xhyRZJrd147R,email,Saltwater,EN,1,,I agree,About once a month,10 - 19 years,"Fishing for fun, sport, or relaxation",,"The shoreline or bank of a water body,A boat, kayak, or canoe",Excellent,Off,Off,Off,Off,Off,Off,Off,Off,Off,Off,Off,Off,Off,Off,Off,Off,Off,Off,Off,Off,Off,Off,Off,Off,Off,Off,Off,Off,Off,Off,Off,Off,Off,Off,Off,Off,Off,Off,Off,Off,Off,Off,Off,Off,On,On,Off,Off,Off,Off,On,On,On,Off,Off,Off,On,On,Off,Off,On,On,On,On,On,On,On,On,On,On,On,On,Off,Off,Off,Off,No,Yes,Yes,Yes,Yes,No,No,No,Often,Often,Always,Often,Sometimes,Often,Always,Often,Always,Often,Rarely,Often,Often,Sometimes,"Jack, flounder, pompano, triple tail, Cobia ",Neutral,Somewhat agree,Somewhat agree,Somewhat agree,Somewhat disagree,Somewhat agree,Disagree,Strongly agree,Disagree,Strongly agree,Strongly disagree,1.09,1.26,1.18,4.69,10,No,45 - 54,Male,,34208,Manatee,,"$100,000 or more",100,"Moderate
(2 - 4 ft.)","Small
(several square yards)","Shallow
(10 ft. or less)","Simple
(mostly flat or smooth)",Sometimes,Sometimes,Sometimes,Never
8/7/2026 4:51,8/7/2026 5:09,IP Address,100,1088,TRUE,8/7/2026 5:09,R_1PTRttQxzxSJ4oe,email,Saltwater,EN,1,,I agree,About once a month,20 years or more,"Fishing for fun, sport, or relaxation",,"A boat, kayak, or canoe",Excellent,On,On,Off,On,Off,Off,Off,Off,Off,Off,Off,Off,Off,Off,Off,Off,On,Off,Off,Off,Off,Off,On,Off,Off,Off,Off,Off,Off,Off,Off,Off,Off,Off,Off,Off,Off,Off,Off,On,On,Off,Off,Off,Off,Off,On,Off,Off,Off,Off,Off,Off,On,Off,Off,Off,Off,Off,Off,Off,Off,Off,Off,Off,Off,Off,Off,Off,Off,Off,Off,Off,Off,Off,Off,No,No,No,No,No,No,No,No,Often,Always,Always,Always,Rarely,Sometimes,Sometimes,Always,Always,Sometimes,Rarely,Rarely,Never,Rarely,,Supportive,Strongly agree,Strongly disagree,Somewhat agree,Strongly disagree,Agree,Somewhat disagree,Disagree,Somewhat disagree,Agree,Somewhat agree,8.69,7.42,3.96,8.54,10,No,55 - 64,Male,,33615,Hillsborough,,"$50,001 - $75,000",55,"Moderate
(2 - 4 ft.)","Medium
(less than 1 acre)","Moderate
(10 - 20 ft.)","Moderate
(some nooks and crannies)",Sometimes,Sometimes,Often,Not sure
8/7/2026 5:06,8/7/2026 5:21,IP Address,100,926,TRUE,8/7/2026 5:21,R_1xS326g12rd8y83,email,Saltwater,EN,1,,I agree,About once a week,20 years or more,"Fishing for fun, sport, or relaxation",,"A boat, kayak, or canoe",Good,Off,Off,Off,Off,Off,Off,Off,Off,Off,Off,Off,Off,Off,Off,Off,Off,Off,Off,Off,Off,Off,Off,Off,Off,Off,Off,Off,Off,Off,Off,Off,Off,Off,Off,Off,Off,Off,Off,Off,Off,Off,Off,Off,Off,Off,Off,Off,Off,Off,Off,Off,Off,Off,Off,Off,Off,Off,Off,On,On,Off,Off,Off,On,On,On,Off,On,Off,Off,Off,Off,Off,Off,Off,Off,No,No,No,No,No,No,No,No,Sometimes,Always,Often,Sometimes,Sometimes,Sometimes,Sometimes,Often,Sometimes,Sometimes,Often,Often,Rarely,Never,,Supportive,Agree,Strongly disagree,Agree,Strongly disagree,Agree,Strongly disagree,Strongly agree,Strongly disagree,Strongly agree,Strongly disagree,0.03,0,0,0,10,No,55 - 64,Male,,33813,Polk,,,125,"Moderate
(2 - 4 ft.)","Small
(several square yards)","Moderate
(10 - 20 ft.)","Moderate
(some nooks and crannies)",Often,Rarely,Rarely,Never
8/7/2026 5:15,8/7/2026 5:24,IP Address,100,534,TRUE,8/7/2026 5:24,R_6PGik2OY9BivoBy,email,Saltwater,EN,1,,I agree,A few times,20 years or more,"Fishing for fun, sport, or relaxation",,"A boat, kayak, or canoe",Excellent,Off,Off,Off,Off,Off,Off,Off,Off,Off,Off,Off,Off,Off,Off,Off,Off,Off,Off,Off,Off,Off,Off,Off,Off,Off,Off,Off,Off,Off,Off,Off,Off,Off,Off,Off,Off,Off,Off,Off,On,On,Off,Off,Off,Off,Off,On,On,On,Off,Off,Off,Off,On,On,Off,Off,Off,On,Off,Off,Off,Off,Off,Off,Off,Off,Off,Off,Off,Off,Off,Off,Off,Off,Off,No,No,No,Yes,Yes,Yes,No,No,Never,Often,Sometimes,Often,Sometimes,Sometimes,Often,Sometimes,Sometimes,Sometimes,Sometimes,Rarely,Often,Never,,Supportive,Agree,Somewhat agree,Somewhat agree,Disagree,Agree,Somewhat agree,Agree,Somewhat agree,Agree,Disagree,8.13,5.28,10,8.86,4.61,No,55 - 64,Male,,33770,Pinellas,,"$75,001 - $100,000",150,"High
(5 ft. or more)","Medium
(less than 1 acre)","Deep
(20 ft. or more)","Complex
(lots of holes, edges, and hiding spots)",Sometimes,Never,Often,Never
8/7/2026 5:26,8/7/2026 5:35,IP Address,100,525,TRUE,8/7/2026 5:35,R_6e4My1r7BZa5kBw,email,Saltwater,EN,1,,I agree,A few times,5 - 9 years,"Fishing for fun, sport, or relaxation,Fishing for your own food",,"A boat, kayak, or canoe",Good,Off,Off,Off,Off,Off,On,Off,Off,Off,Off,Off,Off,Off,Off,Off,Off,Off,Off,Off,Off,Off,Off,Off,Off,Off,Off,Off,Off,Off,Off,Off,Off,Off,Off,Off,Off,Off,Off,Off,Off,Off,Off,Off,Off,On,Off,On,Off,Off,Off,Off,Off,Off,On,Off,Off,Off,Off,Off,Off,Off,On,Off,Off,Off,Off,Off,Off,Off,Off,Off,Off,Off,Off,Off,Off,Yes,No,Yes,No,No,No,No,No,Rarely,Often,Often,Never,Never,Sometimes,Sometimes,Always,Always,Never,Often,Often,Never,Sometimes,,Supportive,Somewhat agree,Somewhat disagree,Somewhat agree,Somewhat disagree,Somewhat agree,Somewhat agree,Somewhat agree,Somewhat agree,Somewhat disagree,Somewhat agree,7.96,7.43,4.13,2.06,0.9,No,45 - 54,Male,,33543,Pasco,,"$100,000 or more",100,,,,,,,,
8/7/2026 5:40,8/7/2026 5:47,IP Address,100,391,TRUE,8/7/2026 5:47,R_6Pn69HcXNKM4E3v,email,Saltwater,EN,0.8999999761581421,,I agree,About once a week,20 years or more,"Fishing for fun, sport, or relaxation",,"A boat, kayak, or canoe",Good,Off,Off,Off,Off,Off,Off,Off,Off,Off,Off,Off,Off,Off,Off,Off,Off,Off,Off,Off,Off,Off,On,On,Off,Off,Off,Off,Off,On,On,Off,Off,Off,Off,On,Off,Off,Off,Off,Off,Off,On,Off,Off,Off,Off,On,Off,Off,Off,Off,Off,Off,On,Off,Off,Off,Off,Off,Off,Off,On,Off,Off,Off,Off,On,Off,Off,Off,Off,Off,Off,Off,Off,Off,No,Yes,Yes,Yes,Yes,Yes,No,No,Often,Often,Often,Sometimes,Never,Rarely,Rarely,Sometimes,Sometimes,Always,Never,Never,Never,Never,,Supportive,Agree,Somewhat disagree,Agree,Somewhat disagree,Agree,Agree,Agree,Agree,Agree,Disagree,0.94,10,0.95,0.94,10,No,55 - 64,Male,,33702,Pinellas,,"$100,000 or more",50,,,,,,,,
8/7/2026 5:31,8/7/2026 5:50,IP Address,100,1099,TRUE,8/7/2026 5:50,R_79n1QANSiODrd6r,email,Saltwater,EN,1,,I agree,About once a month,20 years or more,"Fishing for fun, sport, or relaxation",,"The shoreline or bank of a water body,A fishing pier or boardwalk,A boat, kayak, or canoe",Excellent,On,Off,Off,Off,On,On,Off,Off,Off,Off,Off,On,On,On,Off,On,On,On,Off,Off,Off,Off,Off,On,Off,Off,Off,Off,Off,Off,Off,Off,Off,Off,Off,Off,Off,Off,Off,On,On,On,Off,Off,On,Off,On,On,Off,Off,On,On,Off,On,On,Off,On,On,Off,Off,On,On,Off,On,Off,On,Off,On,Off,Off,Off,Off,On,Off,Off,Off,No,Yes,Yes,Yes,Yes,Yes,No,No,Sometimes,Often,Always,Sometimes,Sometimes,Often,Sometimes,Sometimes,Sometimes,Rarely,Sometimes,Sometimes,Sometimes,Sometimes,"Flounder,snapper, mackerel ",Supportive,Agree,Disagree,Agree,Disagree,Agree,Strongly disagree,Agree,Strongly disagree,Strongly agree,Strongly disagree,0.21,0.21,0.66,10,10,No,55 - 64,Male,,33510,Hillsborough,,"$25,001 - $50,000",10,"High
(5 ft. or more)","Large
(1 acre or more)","Moderate
(10 - 20 ft.)","Moderate
(some nooks and crannies)",Sometimes,Sometimes,Sometimes,Never
8/7/2026 5:49,8/7/2026 5:56,IP Address,100,437,TRUE,8/7/2026 5:56,R_5ojL8UyXY9vSOjt,email,Saltwater,EN,1,,I agree,About once a week,1 - 4 years,"Fishing for fun, sport, or relaxation",,The shoreline or bank of a water body,Excellent,Off,Off,Off,Off,Off,Off,Off,Off,Off,Off,Off,Off,Off,Off,Off,Off,Off,Off,Off,Off,Off,Off,Off,Off,Off,Off,Off,Off,Off,Off,Off,Off,Off,Off,Off,Off,Off,Off,Off,Off,Off,Off,Off,Off,Off,Off,On,Off,Off,Off,On,Off,Off,On,On,On,Off,On,Off,Off,On,On,On,Off,Off,On,On,Off,Off,Off,Off,Off,Off,Off,Off,Off,No,No,No,No,Yes,No,No,No,Often,Often,Often,Often,Sometimes,Often,Sometimes,Often,Often,Never,Often,Sometimes,Sometimes,Sometimes,,Supportive,Agree,Disagree,Agree,Disagree,Agree,Somewhat agree,Disagree,Somewhat agree,Somewhat agree,Agree,1.36,4.75,4.99,4.87,0.63,No,45 - 54,Male,,33572,Hillsborough,,"$75,001 - $100,000",100,"High
(5 ft. or more)","Medium
(less than 1 acre)","Moderate
(10 - 20 ft.)","Complex
(lots of holes, edges, and hiding spots)",Sometimes,Rarely,Often,Never
8/7/2026 6:15,8/7/2026 6:23,IP Address,100,463,TRUE,8/7/2026 6:23,R_1rHqMu09tCr6dHX,email,Saltwater,EN,1,,I agree,About once a month,20 years or more,"Fishing for fun, sport, or relaxation",,"A boat, kayak, or canoe",Good,Off,Off,Off,Off,Off,Off,Off,Off,Off,Off,Off,Off,Off,Off,Off,Off,Off,Off,Off,Off,Off,Off,Off,Off,Off,Off,Off,Off,Off,Off,Off,Off,Off,Off,Off,Off,Off,Off,Off,Off,Off,Off,Off,Off,On,Off,On,Off,Off,Off,On,Off,Off,On,Off,Off,Off,Off,On,Off,Off,Off,Off,Off,Off,Off,Off,Off,Off,Off,Off,Off,On,On,On,Off,No,Yes,Yes,Yes,Yes,No,Yes,No,Rarely,Often,Always,Sometimes,Sometimes,Sometimes,Always,Sometimes,Often,Sometimes,Rarely,Sometimes,Sometimes,Sometimes,,Supportive,Somewhat agree,Disagree,Agree,Disagree,Agree,Somewhat disagree,Agree,Somewhat disagree,Somewhat agree,Somewhat disagree,5.19,9.3,10,10,3.04,No,35 - 44,Male,,33609,Hillsborough,,"$100,000 or more",100,Not sure,"Small
(several square yards)","Moderate
(10 - 20 ft.)","Simple
(mostly flat or smooth)",Not sure,Not sure,Not sure,Not sure
8/7/2026 6:38,8/7/2026 6:49,IP Address,100,618,TRUE,8/7/2026 6:49,R_7cwQtSo4VPeZeVw,email,Saltwater,EN,1,,I agree,About once a month,10 - 19 years,"Fishing for fun, sport, or relaxation,Fishing for your own food",,"A boat, kayak, or canoe",Excellent,Off,Off,Off,Off,Off,Off,Off,Off,Off,Off,Off,Off,Off,Off,Off,Off,Off,Off,Off,Off,Off,On,On,Off,Off,Off,Off,Off,Off,On,Off,Off,Off,Off,Off,Off,Off,Off,Off,Off,Off,Off,On,Off,Off,Off,Off,On,On,On,Off,Off,Off,Off,On,On,Off,Off,Off,Off,On,Off,Off,Off,Off,Off,Off,Off,Off,Off,Off,Off,Off,Off,Off,Off,No,No,No,Yes,Yes,No,No,No,Never,Often,Often,Often,Never,Sometimes,Always,Always,Always,Rarely,Never,Rarely,Sometimes,Never,NA,Neutral,Agree,Disagree,Agree,Disagree,Agree,Agree,Agree,Agree,Agree,Agree,1.74,8.08,4.77,8.07,8.05,No,55 - 64,Male,,33702,Pinellas,,"$100,000 or more",50,,,,,,,,
8/7/2026 6:40,8/7/2026 6:50,IP Address,100,582,TRUE,8/7/2026 6:50,R_7PYz92R04oXi8nY,email,Saltwater,EN,1,,I agree,A few times,20 years or more,"Fishing for fun, sport, or relaxation",,"A boat, kayak, or canoe",Good,Off,On,Off,Off,Off,On,Off,Off,Off,Off,Off,Off,Off,On,Off,Off,Off,Off,On,On,Off,Off,On,Off,Off,Off,Off,Off,Off,On,Off,Off,Off,Off,On,Off,Off,Off,Off,On,On,On,Off,Off,Off,Off,On,On,Off,Off,Off,Off,Off,On,On,Off,Off,Off,Off,Off,Off,Off,Off,Off,Off,Off,Off,Off,Off,Off,Off,Off,Off,Off,Off,Off,No,No,No,No,Yes,No,No,No,Often,Often,Often,Sometimes,Never,Often,Often,Often,Often,Rarely,Rarely,Rarely,Rarely,Never,,Supportive,Agree,Disagree,Agree,Disagree,Agree,Disagree,Agree,Disagree,Agree,Disagree,0.95,1.04,1.07,1.09,10,No,55 - 64,Male,,33618,Hillsborough,,"$100,000 or more",100,,,,,,,,
8/7/2026 6:22,8/7/2026 6:56,IP Address,100,2027,TRUE,8/7/2026 6:56,R_6f0RLJU9OVY29g7,email,Saltwater,EN,1,,I agree,About once a week,1 - 4 years,"Fishing for fun, sport, or relaxation,Fishing for your own food",,"A fishing pier or boardwalk,A boat, kayak, or canoe",Excellent,Off,Off,Off,Off,Off,On,On,Off,Off,Off,On,On,Off,Off,Off,Off,On,On,Off,Off,Off,Off,Off,Off,Off,On,On,On,Off,Off,Off,Off,On,On,Off,Off,Off,Off,On,Off,Off,On,On,Off,On,Off,Off,Off,On,On,Off,Off,Off,Off,Off,On,On,Off,Off,Off,Off,Off,Off,Off,Off,Off,Off,Off,Off,Off,Off,Off,Off,Off,Off,Off,No,No,No,No,No,No,Yes,No,Sometimes,Often,Often,Often,Often,Often,Rarely,Rarely,Rarely,Sometimes,Often,Often,Sometimes,Rarely,,Supportive,Agree,Disagree,Agree,Disagree,Agree,Somewhat agree,Somewhat agree,Somewhat agree,Somewhat agree,Somewhat agree,1.09,8.34,7.87,5.43,2.29,No,55 - 64,Male,,33596,Hillsborough,,"$50,001 - $75,000",150,"Moderate
(2 - 4 ft.)","Medium
(less than 1 acre)","Shallow
(10 ft. or less)",Not sure,Sometimes,Not sure,Sometimes,Not sure
8/7/2026 6:51,8/7/2026 7:04,IP Address,100,760,TRUE,8/7/2026 7:04,R_772pieRvKq5MMxY,email,Saltwater,EN,1,,I agree,About once a week,5 - 9 years,"Fishing for fun, sport, or relaxation,Fishing for your own food",,"A boat, kayak, or canoe",Excellent,Off,Off,Off,Off,Off,Off,Off,Off,Off,Off,Off,Off,Off,Off,Off,Off,Off,Off,Off,Off,Off,Off,Off,Off,Off,Off,Off,Off,Off,Off,Off,Off,Off,Off,Off,Off,Off,Off,Off,Off,Off,Off,Off,Off,Off,Off,Off,Off,Off,Off,Off,Off,Off,Off,On,On,Off,Off,On,Off,On,Off,Off,On,Off,On,On,Off,On,On,On,Off,Off,Off,Off,Off,No,No,No,No,No,No,No,No,Sometimes,Often,Sometimes,Often,Always,Sometimes,Sometimes,Often,Often,Sometimes,Never,Often,Always,Never,,Supportive,Strongly agree,Disagree,Strongly agree,Strongly disagree,Strongly agree,Agree,Somewhat agree,Somewhat agree,Somewhat agree,Somewhat agree,3.06,5.17,5.09,6.86,5.19,No,55 - 64,Male,,34208,Manatee,,,150,Not sure,Not sure,"Deep
(20 ft. or more)","Complex
(lots of holes, edges, and hiding spots)",Often,Sometimes,Often,Not sure
8/7/2026 6:56,8/7/2026 7:08,IP Address,100,736,TRUE,8/7/2026 7:08,R_7DCWYi4qDd3UJX3,email,Saltwater,EN,1,,I agree,About once a month,20 years or more,"Fishing for fun, sport, or relaxation,Fishing for your own food",,"A boat, kayak, or canoe",Good,Off,Off,Off,Off,Off,Off,Off,Off,Off,Off,Off,Off,Off,Off,Off,Off,Off,Off,Off,Off,Off,Off,Off,Off,Off,Off,Off,Off,Off,Off,Off,Off,Off,Off,On,Off,Off,Off,Off,Off,Off,On,Off,Off,On,Off,Off,Off,Off,Off,On,Off,Off,Off,On,On,On,Off,Off,Off,Off,Off,Off,Off,Off,Off,Off,Off,Off,Off,Off,Off,Off,Off,Off,Off,No,Yes,Yes,No,No,No,No,No,Rarely,Often,Sometimes,Sometimes,Rarely,Rarely,Rarely,Often,Sometimes,Never,Rarely,Sometimes,Never,Sometimes,,Supportive,Agree,Strongly disagree,Somewhat agree,Disagree,Agree,Somewhat agree,Agree,Somewhat agree,Agree,Somewhat disagree,0.34,4.01,8.56,10,4.05,No,55 - 64,Male,,33565,Hillsborough,,"$75,001 - $100,000",75,"High
(5 ft. or more)","Medium
(less than 1 acre)","Moderate
(10 - 20 ft.)","Moderate
(some nooks and crannies)",Sometimes,Never,Sometimes,Rarely
8/7/2026 6:50,8/7/2026 7:10,IP Address,100,1167,TRUE,8/7/2026 7:10,R_3ZBbrQDQrzndnZ7,email,Saltwater,EN,1,,I agree,About once a week,20 years or more,"Fishing for fun, sport, or relaxation,Fishing for your own food,Something else:",Teach my children about the water and how to fish.,"A boat, kayak, or canoe",Excellent,Off,Off,Off,Off,Off,Off,Off,Off,Off,Off,Off,Off,Off,Off,Off,Off,Off,Off,Off,Off,Off,Off,Off,Off,Off,Off,Off,Off,Off,Off,On,Off,Off,Off,Off,Off,On,Off,Off,Off,On,On,Off,Off,Off,Off,On,On,On,Off,Off,Off,Off,Off,Off,Off,Off,Off,Off,Off,On,On,Off,Off,Off,On,Off,On,Off,Off,Off,Off,Off,Off,Off,Off,No,No,No,No,Yes,No,No,Yes,Rarely,Often,Often,Often,Rarely,Sometimes,Rarely,Often,Never,Often,Often,Often,Sometimes,Often,mackerel,Neutral,Somewhat agree,Somewhat disagree,Agree,Somewhat disagree,Somewhat agree,Somewhat agree,Agree,Somewhat agree,Somewhat agree,Disagree,10,4.49,2.41,0,0,No,55 - 64,Male,,33704,Pinellas,,"$100,000 or more",100,"Moderate
(2 - 4 ft.)","Medium
(less than 1 acre)","Moderate
(10 - 20 ft.)","Complex
(lots of holes, edges, and hiding spots)",Rarely,Never,Often,Sometimes
8/7/2026 7:01,8/7/2026 7:12,IP Address,100,672,TRUE,8/7/2026 7:12,R_75XSu7f4BXN3fVs,email,Saltwater,EN,1,,I agree,About once a month,20 years or more,"Fishing for fun, sport, or relaxation,Fishing for your own food",,The shoreline or bank of a water body,Good,Off,Off,Off,Off,Off,Off,Off,Off,Off,Off,Off,Off,Off,Off,Off,Off,Off,Off,Off,Off,Off,Off,Off,Off,Off,Off,On,Off,Off,Off,Off,Off,Off,On,Off,Off,Off,Off,Off,Off,Off,Off,Off,Off,Off,Off,On,Off,Off,Off,Off,Off,Off,On,On,Off,Off,Off,Off,Off,Off,Off,Off,Off,Off,Off,Off,Off,Off,On,On,Off,Off,Off,Off,Off,Yes,No,No,No,No,No,No,No,Rarely,Often,Sometimes,Never,Never,Sometimes,Rarely,Often,Often,Never,Often,Often,Never,Never,,Supportive,Agree,Disagree,Disagree,Disagree,Agree,Somewhat agree,Somewhat agree,Agree,Somewhat disagree,Agree,0.01,3.03,4.07,6.21,8.18,No,45 - 54,Male,,33604,Hillsborough,,"$50,001 - $75,000",75,,,,,,,,
7/7/2026 21:40,8/7/2026 7:18,IP Address,100,34699,TRUE,8/7/2026 7:18,R_6kG6SCmRLqfMl8N,email,Saltwater,EN,1,,I agree,A few times,10 - 19 years,"Fishing for fun, sport, or relaxation,Fishing for your own food",,"A boat, kayak, or canoe",Good,Off,Off,Off,Off,Off,Off,Off,Off,Off,Off,Off,Off,Off,Off,Off,Off,Off,Off,Off,Off,Off,Off,Off,Off,Off,Off,Off,Off,Off,Off,Off,Off,Off,Off,Off,Off,Off,Off,Off,Off,On,Off,Off,Off,Off,Off,Off,On,Off,Off,Off,Off,Off,Off,On,On,On,Off,On,On,On,On,Off,On,On,On,On,On,On,Off,Off,Off,Off,Off,Off,Off,No,Yes,Yes,Yes,Yes,Yes,Yes,No,Rarely,Often,Often,Often,Often,Often,Often,Often,Often,Rarely,Often,Often,Sometimes,Never,,Supportive,Agree,Somewhat disagree,Agree,Somewhat disagree,Strongly agree,Strongly disagree,Strongly agree,Strongly disagree,Strongly agree,Strongly disagree,0,0,0,10,10,No,45 - 54,Female,,34232,Sarasota,,"$50,001 - $75,000",100,"Moderate
(2 - 4 ft.)","Medium
(less than 1 acre)","Deep
(20 ft. or more)","Moderate
(some nooks and crannies)",Often,Sometimes,Sometimes,Never
8/7/2026 7:13,8/7/2026 7:20,IP Address,100,450,TRUE,8/7/2026 7:20,R_1YbulEDTOawe2Oe,email,Saltwater,EN,1,,I agree,About once a week,1 - 4 years,"Fishing for fun, sport, or relaxation",,A fishing pier or boardwalk,Fair,Off,Off,Off,Off,Off,Off,Off,Off,Off,Off,Off,Off,Off,Off,Off,Off,Off,Off,Off,Off,Off,Off,Off,Off,Off,Off,Off,Off,Off,Off,Off,Off,Off,Off,Off,Off,Off,Off,Off,On,On,Off,Off,Off,Off,Off,Off,Off,Off,Off,Off,Off,Off,Off,Off,Off,Off,Off,Off,Off,Off,Off,Off,Off,Off,Off,Off,Off,Off,Off,Off,Off,Off,Off,Off,Off,No,No,No,No,No,No,No,No,Never,Rarely,Always,Never,Never,Often,Sometimes,Sometimes,Sometimes,Never,Always,Always,Sometimes,Never,,Neutral,Somewhat disagree,Somewhat agree,Somewhat agree,Somewhat agree,Somewhat agree,Somewhat agree,Agree,Somewhat disagree,Agree,Somewhat agree,7.4,4.99,8.11,10,9.96,No,65 or older,Male,,44212,,,"$100,000 or more",300,,,,,,,,
8/7/2026 7:11,8/7/2026 7:22,IP Address,100,682,TRUE,8/7/2026 7:22,R_7DP0Kg8mAl1GOct,email,Saltwater,EN,1,,I agree,About once a week,5 - 9 years,"Fishing for fun, sport, or relaxation",,"A boat, kayak, or canoe",Good,Off,Off,Off,Off,Off,Off,Off,Off,Off,Off,Off,Off,Off,Off,Off,Off,Off,Off,Off,Off,On,Off,Off,Off,Off,Off,On,Off,Off,Off,Off,Off,On,On,Off,Off,Off,Off,On,Off,Off,Off,Off,Off,On,On,Off,Off,Off,Off,On,On,Off,Off,Off,Off,Off,On,Off,Off,Off,On,On,Off,Off,Off,On,Off,Off,On,On,On,Off,Off,Off,Off,No,No,Yes,Yes,Yes,Yes,No,No,Often,Often,Often,Often,Rarely,Rarely,Always,Often,Always,Sometimes,Rarely,Rarely,Rarely,Never,,Supportive,Strongly disagree,Somewhat agree,Agree,Somewhat disagree,Somewhat agree,Agree,Agree,Somewhat disagree,Somewhat agree,Somewhat agree,5.1,10,10,4.74,4.95,No,55 - 64,Male,,33570,Hillsborough,,"$25,001 - $50,000",10,"Low
(1 ft. or less)","Small
(several square yards)","Moderate
(10 - 20 ft.)","Moderate
(some nooks and crannies)",Sometimes,Rarely,Often,Never
8/7/2026 7:16,8/7/2026 7:30,IP Address,100,798,TRUE,8/7/2026 7:30,R_7KSHS4FCQY2kyCV,email,Saltwater,EN,1,,I agree,About once a week,1 - 4 years,"Fishing for fun, sport, or relaxation,Fishing for your own food,Providing chartered fishing trips for other people to fish",,"The shoreline or bank of a water body,A boat, kayak, or canoe",Excellent,Off,Off,Off,Off,Off,Off,Off,Off,Off,Off,Off,Off,Off,Off,Off,Off,Off,Off,Off,Off,Off,Off,Off,Off,Off,Off,Off,Off,Off,Off,Off,Off,Off,Off,Off,Off,Off,Off,Off,Off,Off,Off,Off,Off,Off,Off,Off,Off,Off,Off,Off,Off,Off,Off,Off,Off,On,Off,On,Off,On,Off,Off,On,Off,On,On,On,On,On,Off,Off,Off,Off,Off,Off,No,No,No,No,Yes,Yes,No,No,Always,Always,Always,Sometimes,Sometimes,Often,Often,Often,Often,Rarely,Often,Sometimes,Sometimes,Never,,Supportive,Strongly agree,Disagree,Strongly agree,Disagree,Strongly agree,Agree,Somewhat disagree,Agree,Disagree,Somewhat agree,3.94,10,4.94,5,4.94,No,55 - 64,Male,,34209,Manatee,,"$25,000 or less",400,"Moderate
(2 - 4 ft.)","Medium
(less than 1 acre)","Shallow
(10 ft. or less)","Moderate
(some nooks and crannies)",Sometimes,Sometimes,Often,Not sure
8/7/2026 7:26,8/7/2026 7:33,IP Address,100,389,TRUE,8/7/2026 7:33,R_7dz3wv1aBZPIjqv,email,Saltwater,EN,1,,I agree,About once a week,1 - 4 years,"Fishing for fun, sport, or relaxation",,"A boat, kayak, or canoe",Excellent,Off,Off,Off,Off,Off,Off,Off,Off,Off,Off,Off,Off,Off,Off,Off,Off,Off,Off,Off,Off,Off,Off,Off,Off,Off,Off,Off,Off,Off,Off,Off,Off,Off,Off,Off,Off,Off,Off,Off,Off,Off,Off,Off,Off,Off,On,Off,Off,Off,Off,Off,Off,On,Off,Off,Off,Off,Off,Off,Off,Off,Off,Off,Off,Off,Off,Off,Off,Off,Off,Off,Off,Off,Off,Off,Off,No,No,No,No,No,No,No,No,Often,Sometimes,Often,Rarely,Rarely,Often,Often,Often,Often,Rarely,Rarely,Rarely,Rarely,Never,,Supportive,Agree,Disagree,Agree,Disagree,Somewhat agree,Agree,Agree,Agree,Somewhat agree,Disagree,8.72,3.73,3.28,9.54,9.68,No,55 - 64,Male,,33570,Hillsborough,,"$100,000 or more",30,Not sure,"Medium
(less than 1 acre)","Shallow
(10 ft. or less)","Complex
(lots of holes, edges, and hiding spots)",Rarely,Not sure,Not sure,Not sure
8/7/2026 7:24,8/7/2026 7:34,IP Address,100,582,TRUE,8/7/2026 7:34,R_3j3P3Hb32fepPiN,email,Saltwater,EN,1,,I agree,About once a month,10 - 19 years,"Fishing for fun, sport, or relaxation",,"A boat, kayak, or canoe",Good,Off,Off,Off,Off,Off,Off,Off,Off,Off,Off,Off,Off,Off,Off,Off,Off,Off,Off,Off,Off,Off,Off,Off,Off,Off,Off,Off,Off,Off,Off,Off,Off,Off,Off,Off,Off,Off,Off,Off,Off,Off,Off,Off,Off,Off,Off,Off,Off,Off,Off,Off,Off,Off,Off,On,On,Off,Off,On,Off,On,Off,Off,Off,Off,Off,Off,Off,On,On,On,Off,Off,Off,Off,Off,Yes,Yes,No,Yes,Yes,No,No,No,Often,Often,Often,Rarely,Sometimes,Often,Often,Often,Often,Sometimes,Never,Often,Often,Never,,Supportive,Strongly agree,Strongly disagree,Strongly agree,Strongly disagree,Strongly agree,Somewhat disagree,Somewhat agree,Agree,Somewhat disagree,Somewhat agree,5,7.11,2.96,3.03,3.14,No,65 or older,Male,,34208,Manatee,,"$100,000 or more",100,"Moderate
(2 - 4 ft.)","Medium
(less than 1 acre)","Moderate
(10 - 20 ft.)",Not sure,Not sure,Sometimes,Not sure,Not sure
8/7/2026 7:25,8/7/2026 7:35,IP Address,100,636,TRUE,8/7/2026 7:35,R_3uUSgBlFNClHtrg,email,Saltwater,EN,1,,I agree,About once a month,10 - 19 years,"Fishing for fun, sport, or relaxation,Fishing for your own food",,"The shoreline or bank of a water body,A fishing pier or boardwalk,A boat, kayak, or canoe",Excellent,Off,Off,Off,Off,Off,Off,Off,Off,Off,Off,Off,Off,Off,Off,Off,Off,Off,Off,Off,Off,Off,Off,Off,Off,Off,On,On,Off,Off,Off,Off,Off,On,On,Off,Off,Off,On,On,On,On,Off,Off,Off,On,On,On,On,Off,Off,Off,Off,Off,On,On,Off,Off,Off,Off,Off,Off,On,Off,Off,Off,Off,Off,Off,Off,Off,Off,Off,Off,Off,Off,Off,No,No,No,Yes,No,No,Yes,No,Often,Often,Often,Rarely,Rarely,Sometimes,Sometimes,Always,Always,Rarely,Sometimes,Sometimes,Rarely,Often,Shark,Neutral,Somewhat agree,Somewhat disagree,Agree,Somewhat disagree,Agree,Somewhat agree,Somewhat agree,Somewhat agree,Somewhat agree,Somewhat agree,9.06,5.02,5.03,5.14,5.22,No,35 - 44,Male,,33572,Hillsborough,,"$100,000 or more",50,Not sure,Not sure,Not sure,Not sure,Not sure,Not sure,Not sure,Not sure
8/7/2026 7:29,8/7/2026 7:39,IP Address,100,590,TRUE,8/7/2026 7:39,R_6obzxUpolwmboJ3,email,Saltwater,EN,1,,I agree,About once a month,10 - 19 years,"Fishing for fun, sport, or relaxation,Fishing for your own food",,"A boat, kayak, or canoe",Good,On,On,Off,Off,Off,Off,Off,Off,Off,Off,Off,Off,Off,Off,Off,Off,Off,Off,Off,Off,Off,On,On,Off,Off,Off,Off,Off,On,On,Off,Off,Off,Off,On,Off,Off,Off,Off,On,On,On,Off,Off,Off,Off,On,On,Off,Off,Off,Off,Off,On,On,Off,Off,Off,Off,Off,Off,Off,Off,Off,Off,Off,Off,Off,Off,Off,Off,Off,Off,Off,Off,Off,Yes,Yes,Yes,Yes,Yes,No,No,No,Often,Often,Often,Sometimes,Rarely,Often,Often,Often,Often,Sometimes,Sometimes,Sometimes,Rarely,Often,pompano,Supportive,Agree,Disagree,Agree,Disagree,Agree,Somewhat disagree,Agree,Somewhat disagree,Agree,Disagree,0.01,10,10,10,10,Yes,55 - 64,Male,,34684,Pinellas,,"$100,000 or more",30,Not sure,Not sure,Not sure,Not sure,Not sure,Sometimes,Sometimes,Not sure
8/7/2026 7:33,8/7/2026 7:40,IP Address,100,382,TRUE,8/7/2026 7:40,R_61Hqxb22Oa0Ih5f,email,Saltwater,EN,1,,I agree,About once a week,20 years or more,"Fishing for fun, sport, or relaxation,Fishing for your own food",,"A boat, kayak, or canoe",Excellent,Off,Off,Off,Off,Off,Off,Off,Off,Off,Off,Off,Off,Off,Off,Off,Off,Off,Off,Off,Off,Off,Off,Off,Off,Off,Off,Off,Off,Off,Off,Off,Off,Off,Off,Off,Off,Off,Off,Off,Off,Off,Off,Off,Off,Off,Off,Off,Off,Off,Off,Off,Off,Off,On,On,On,On,Off,On,On,On,On,Off,On,On,On,On,On,On,On,On,On,Off,Off,Off,Off,No,No,Yes,Yes,Yes,No,No,No,Sometimes,Often,Often,Sometimes,Sometimes,Sometimes,Always,Often,Always,Rarely,Never,Often,Often,Sometimes,,Supportive,Strongly agree,Disagree,Strongly agree,Disagree,Strongly agree,Somewhat agree,Somewhat agree,Agree,Somewhat agree,Somewhat agree,0.86,0.86,0.87,10,10,No,55 - 64,Male,,34221,Manatee,,"$100,000 or more",200,"Moderate
(2 - 4 ft.)","Medium
(less than 1 acre)","Moderate
(10 - 20 ft.)","Moderate
(some nooks and crannies)",Often,Often,Often,Rarely
8/7/2026 7:37,8/7/2026 7:48,IP Address,100,646,TRUE,8/7/2026 7:48,R_5KkkAUseXJrImfV,email,Saltwater,EN,1,,I agree,About once a month,20 years or more,Fishing for your own food,,"The shoreline or bank of a water body,A fishing pier or boardwalk,A boat, kayak, or canoe",Excellent,Off,Off,Off,Off,Off,Off,Off,Off,Off,Off,Off,Off,Off,Off,Off,Off,Off,Off,Off,Off,Off,Off,Off,Off,Off,Off,Off,Off,Off,Off,Off,Off,Off,Off,Off,Off,Off,Off,Off,Off,Off,Off,Off,On,Off,Off,Off,Off,Off,On,On,Off,Off,Off,On,On,On,On,Off,On,On,On,Off,On,On,On,On,On,On,On,On,On,Off,Off,Off,Off,No,No,No,No,No,No,Yes,Yes,Often,Often,Often,Often,Often,Often,Sometimes,Often,Often,Rarely,Often,Often,Often,Often,,Neutral,Agree,Disagree,Agree,Disagree,Agree,Agree,Disagree,Agree,Disagree,Agree,2.94,6.62,7.84,0.28,0.87,No,55 - 64,Male,,34243,Manatee,,"$100,000 or more",100,Not sure,"Large
(1 acre or more)",Not sure,Not sure,Often,Often,Often,Often
8/7/2026 7:53,8/7/2026 7:59,IP Address,100,373,TRUE,8/7/2026 7:59,R_3jfIHqNKRCACtPb,email,Saltwater,EN,1,,I agree,About once a week,20 years or more,"Fishing for fun, sport, or relaxation",,The shoreline or bank of a water body,Excellent,Off,Off,Off,Off,Off,Off,Off,Off,Off,Off,Off,Off,Off,Off,Off,Off,Off,Off,Off,Off,Off,Off,Off,Off,Off,Off,Off,Off,Off,Off,Off,Off,Off,Off,Off,Off,Off,Off,Off,Off,Off,Off,Off,Off,On,On,Off,Off,Off,Off,On,On,On,Off,Off,Off,Off,On,Off,Off,Off,On,On,Off,Off,On,On,Off,Off,Off,Off,Off,Off,Off,Off,Off,No,No,No,No,Yes,Yes,No,No,Always,Always,Always,Sometimes,Never,Sometimes,Always,Always,Always,Often,Sometimes,Never,Never,Sometimes,,Neutral,Somewhat agree,Agree,Agree,Somewhat agree,Somewhat agree,Strongly disagree,Strongly agree,Strongly disagree,Strongly agree,Somewhat agree,1.11,1.54,1.85,9.38,8.93,Yes,55 - 64,Male,,33596,Hillsborough,,"$100,000 or more",,,,,,,,,
8/7/2026 6:11,8/7/2026 8:11,IP Address,100,7176,TRUE,8/7/2026 8:11,R_1OxXFZNm71C1QcA,email,Saltwater,EN,0.8999999761581421,,I agree,A few times,20 years or more,Fishing for your own food,,"A boat, kayak, or canoe",Good,Off,Off,Off,Off,Off,Off,Off,Off,Off,Off,Off,Off,Off,Off,Off,Off,Off,Off,Off,Off,Off,Off,Off,Off,Off,Off,Off,Off,Off,Off,Off,Off,Off,Off,Off,Off,Off,Off,Off,On,Off,Off,Off,Off,Off,Off,On,Off,Off,Off,Off,Off,Off,On,On,Off,Off,Off,On,Off,Off,On,Off,On,Off,Off,Off,Off,Off,Off,Off,Off,On,On,On,Off,No,Yes,Yes,Yes,No,Yes,Yes,Yes,Often,Sometimes,Often,Often,Often,Often,Rarely,Sometimes,Sometimes,Never,Often,Often,Often,Often,macks,Opposed,Agree,Somewhat disagree,Strongly agree,Somewhat agree,Strongly agree,Somewhat disagree,Strongly agree,Strongly disagree,Strongly agree,Somewhat disagree,0.39,0.59,1.13,9.15,10,No,55 - 64,Male,,33708,Pinellas,,"$100,000 or more",350,Not sure,Not sure,"Deep
(20 ft. or more)",Not sure,Sometimes,Sometimes,Sometimes,Not sure
8/7/2026 8:12,8/7/2026 8:19,IP Address,100,397,TRUE,8/7/2026 8:19,R_1pp6xyLLJDNkDnj,email,Saltwater,EN,1,,I agree,About once a week,10 - 19 years,"Fishing for fun, sport, or relaxation",,"A boat, kayak, or canoe",Excellent,Off,Off,Off,Off,Off,Off,Off,Off,Off,Off,Off,Off,Off,Off,Off,Off,Off,Off,Off,Off,Off,Off,Off,Off,Off,Off,Off,Off,Off,Off,Off,Off,Off,Off,On,On,Off,Off,Off,Off,On,On,On,Off,Off,Off,Off,On,On,On,Off,Off,Off,Off,On,On,On,Off,Off,Off,On,On,Off,Off,Off,Off,Off,Off,Off,Off,Off,Off,Off,Off,Off,Off,No,Yes,Yes,Yes,Yes,Yes,No,No,Sometimes,Often,Often,Sometimes,Sometimes,Often,Often,Often,Often,Sometimes,Sometimes,Often,Sometimes,Rarely,,Supportive,Agree,Disagree,Somewhat agree,Disagree,Somewhat agree,Somewhat disagree,Strongly agree,Somewhat disagree,Agree,Strongly disagree,9.17,7.13,7.2,1.54,0.55,No,35 - 44,Male,,33705,Pinellas,,"$100,000 or more",50,Not sure,Not sure,Not sure,Not sure,Not sure,Not sure,Not sure,Not sure
8/7/2026 8:13,8/7/2026 8:20,IP Address,100,387,TRUE,8/7/2026 8:20,R_1rvjrXrG9ECqHXv,email,Saltwater,EN,1,,I agree,A few times,20 years or more,"Fishing for fun, sport, or relaxation,Fishing for your own food",,"A boat, kayak, or canoe",Excellent,Off,Off,Off,Off,Off,Off,Off,Off,Off,Off,Off,Off,Off,Off,Off,Off,Off,Off,Off,Off,Off,Off,Off,Off,Off,Off,Off,Off,On,On,Off,Off,Off,Off,On,Off,Off,Off,Off,On,On,On,Off,Off,Off,Off,On,On,Off,Off,Off,Off,Off,On,On,Off,Off,Off,Off,Off,Off,Off,Off,Off,Off,Off,Off,Off,Off,Off,Off,Off,Off,Off,Off,Off,No,Yes,Yes,Yes,Yes,Yes,Yes,Yes,Never,Always,Always,Always,Never,Sometimes,Often,Often,Often,Often,Often,Often,Often,Sometimes,,Opposed,Agree,Somewhat disagree,Somewhat agree,Agree,Agree,Somewhat disagree,Agree,Somewhat disagree,Agree,Somewhat disagree,5.04,4.73,2.89,2.96,2.94,No,18 - 24,Male,,33712,Pinellas,,"$50,001 - $75,000",400,,,,,,,,
8/7/2026 8:11,8/7/2026 8:24,IP Address,100,782,TRUE,8/7/2026 8:24,R_1OZdKudtRRL6WCi,email,Saltwater,EN,0.8999999761581421,,I agree,About once a month,20 years or more,"Fishing for fun, sport, or relaxation,Fishing for your own food",,"A boat, kayak, or canoe",Good,Off,Off,Off,On,On,On,Off,Off,Off,Off,On,On,Off,Off,Off,Off,On,On,Off,Off,Off,Off,On,On,Off,Off,Off,Off,Off,On,On,Off,Off,Off,Off,On,On,Off,Off,Off,Off,Off,On,On,Off,Off,Off,Off,Off,Off,Off,Off,Off,Off,Off,Off,Off,Off,Off,Off,Off,Off,Off,Off,Off,Off,Off,Off,Off,Off,Off,Off,Off,Off,Off,Off,Yes,Yes,Yes,Yes,No,Yes,No,Yes,Rarely,Sometimes,Often,Often,Often,Often,Sometimes,Rarely,Sometimes,Rarely,Sometimes,Sometimes,Sometimes,Often,whatever white/light fish in season,Supportive,Agree,Disagree,Somewhat agree,Disagree,Agree,Somewhat agree,Strongly agree,Somewhat agree,Agree,Somewhat disagree,0.27,0.86,0.93,9.97,10,No,45 - 54,Female,,34683,Pinellas,,,90,"Moderate
(2 - 4 ft.)","Medium
(less than 1 acre)","Deep
(20 ft. or more)","Complex
(lots of holes, edges, and hiding spots)",Often,Often,Rarely,Rarely
8/7/2026 8:11,8/7/2026 8:25,IP Address,100,852,TRUE,8/7/2026 8:25,R_3hJV0ypH9I9TrXf,email,Saltwater,EN,1,,I agree,About once a month,20 years or more,"Fishing for fun, sport, or relaxation,Fishing for your own food",,"A boat, kayak, or canoe",Good,Off,Off,Off,Off,Off,Off,Off,Off,Off,Off,Off,Off,Off,Off,Off,Off,Off,Off,Off,Off,Off,Off,Off,Off,Off,Off,Off,Off,Off,Off,Off,Off,Off,Off,Off,Off,Off,Off,Off,On,On,On,Off,Off,Off,Off,On,On,On,Off,Off,Off,Off,On,On,On,On,On,On,On,On,On,On,Off,Off,Off,Off,Off,Off,Off,Off,Off,Off,Off,Off,Off,No,No,No,Yes,Yes,No,No,No,Sometimes,Always,Often,Sometimes,Sometimes,Often,Sometimes,Always,Always,Never,Rarely,Sometimes,Sometimes,Sometimes,mackeral,Supportive,Somewhat agree,Disagree,Somewhat agree,Disagree,Agree,Agree,Disagree,Agree,Disagree,Agree,3,8.28,3.01,0.78,0.78,No,55 - 64,Male,,33584,Hillsborough,,"$100,000 or more",100,Not sure,"Medium
(less than 1 acre)","Deep
(20 ft. or more)","Moderate
(some nooks and crannies)",Rarely,Sometimes,Often,Sometimes
8/7/2026 8:12,8/7/2026 8:26,IP Address,100,845,TRUE,8/7/2026 8:26,R_5pWjCfvUGZjVRgP,email,Saltwater,EN,1,,I agree,Many times a week,5 - 9 years,Fishing for your own food,,"A boat, kayak, or canoe",Excellent,Off,Off,Off,Off,Off,Off,Off,Off,Off,Off,Off,Off,Off,Off,Off,Off,Off,Off,Off,Off,Off,Off,Off,Off,Off,Off,Off,Off,Off,Off,Off,Off,Off,Off,Off,Off,Off,Off,Off,Off,Off,Off,On,On,Off,Off,On,On,Off,Off,Off,Off,Off,On,On,On,Off,Off,On,Off,On,Off,Off,Off,Off,Off,Off,Off,Off,Off,Off,Off,Off,Off,Off,Off,Yes,Yes,Yes,Yes,Yes,Yes,Yes,No,Never,Rarely,Rarely,Often,Often,Sometimes,Rarely,Never,Never,Never,Never,Often,Often,Often,Bonito ,Supportive,Agree,Disagree,Agree,Disagree,Agree,Disagree,Agree,Strongly disagree,Strongly agree,Strongly disagree,1.06,10,1.03,10,10,No,35 - 44,Male,,34210,Manatee,,"$50,001 - $75,000",100,"Low
(1 ft. or less)","Small
(several square yards)","Moderate
(10 - 20 ft.)","Simple
(mostly flat or smooth)",Sometimes,Sometimes,Not sure,Not sure
8/7/2026 8:15,8/7/2026 8:26,IP Address,100,691,TRUE,8/7/2026 8:26,R_3P8BePK8ED6IkJX,email,Saltwater,EN,1,,I agree,A few times,20 years or more,"Fishing for fun, sport, or relaxation",,"The shoreline or bank of a water body,A boat, kayak, or canoe",Excellent,Off,Off,On,On,Off,On,On,On,On,Off,Off,On,Off,Off,Off,On,Off,On,On,Off,Off,Off,On,On,On,Off,On,Off,Off,On,Off,On,Off,On,On,Off,Off,Off,On,Off,Off,On,Off,Off,On,Off,Off,Off,Off,Off,On,On,Off,Off,Off,Off,Off,On,Off,Off,Off,On,On,Off,Off,Off,Off,Off,Off,Off,Off,Off,Off,Off,Off,Off,No,No,No,No,No,No,No,No,Often,Often,Often,Often,Sometimes,Sometimes,Often,Often,Often,Often,Sometimes,Often,Often,Rarely,,Supportive,Strongly agree,Strongly disagree,Strongly disagree,Strongly disagree,Strongly agree,Strongly disagree,Strongly agree,Strongly disagree,Strongly agree,Strongly disagree,0,0,0,10,10,No,55 - 64,Male,,33629,Hillsborough,,"$100,000 or more",250,"High
(5 ft. or more)","Large
(1 acre or more)","Shallow
(10 ft. or less)","Moderate
(some nooks and crannies)",Sometimes,Rarely,Often,Never
8/7/2026 8:18,8/7/2026 8:37,IP Address,100,1146,TRUE,8/7/2026 8:37,R_3cAe1oGB9elb9WN,email,Saltwater,EN,1,,I agree,A few times,10 - 19 years,"Fishing for fun, sport, or relaxation,Fishing for your own food",,"The shoreline or bank of a water body,A fishing pier or boardwalk",Good,Off,Off,Off,Off,Off,Off,Off,Off,Off,Off,Off,On,Off,Off,Off,On,On,Off,Off,Off,Off,Off,Off,Off,Off,Off,Off,Off,Off,Off,Off,Off,Off,Off,Off,Off,Off,Off,Off,On,On,On,Off,Off,Off,Off,On,On,Off,Off,Off,Off,Off,On,Off,Off,Off,Off,Off,Off,Off,On,Off,Off,Off,On,On,On,Off,Off,Off,Off,On,On,On,On,Yes,Yes,No,No,Yes,Yes,No,No,Never,Sometimes,Sometimes,Sometimes,Often,Often,Sometimes,Sometimes,Rarely,Rarely,Rarely,Often,Sometimes,Often,Anything,Supportive,Agree,Strongly disagree,Strongly agree,Strongly disagree,Strongly agree,Strongly disagree,Somewhat disagree,Somewhat disagree,Somewhat agree,Somewhat disagree,5.01,5.39,5.82,6.61,6.75,No,45 - 54,Male,,33710,Pinellas,,"$100,000 or more",200,"Moderate
(2 - 4 ft.)","Small
(several square yards)","Shallow
(10 ft. or less)","Moderate
(some nooks and crannies)",Often,Rarely,Often,Never
8/7/2026 8:28,8/7/2026 8:37,IP Address,100,541,TRUE,8/7/2026 8:37,R_5HYBdjAsHQWvBNw,email,Saltwater,EN,1,,I agree,About once a month,20 years or more,"Fishing for fun, sport, or relaxation",,"A boat, kayak, or canoe",Excellent,Off,Off,Off,Off,Off,Off,Off,Off,Off,Off,Off,Off,Off,Off,Off,On,On,Off,Off,Off,Off,On,On,Off,Off,Off,Off,Off,On,On,On,On,Off,Off,On,On,On,On,Off,Off,Off,On,On,On,On,Off,Off,Off,On,On,On,Off,Off,Off,Off,On,On,Off,Off,Off,On,On,Off,Off,Off,Off,Off,Off,Off,Off,Off,Off,Off,Off,Off,Off,Yes,Yes,Yes,Yes,Yes,Yes,No,Yes,Often,Often,Often,Often,Often,Often,Often,Often,Sometimes,Sometimes,Never,Often,Often,Never,,Supportive,Agree,Somewhat disagree,Somewhat agree,Disagree,Agree,Somewhat disagree,Strongly agree,Disagree,Agree,Strongly disagree,0.11,0.1,0.04,10,10,No,55 - 64,Male,,33703,Pinellas,,"$75,001 - $100,000",200,"Moderate
(2 - 4 ft.)","Medium
(less than 1 acre)","Moderate
(10 - 20 ft.)","Moderate
(some nooks and crannies)",Often,Rarely,Often,Not sure
8/7/2026 8:28,8/7/2026 8:44,IP Address,100,966,TRUE,8/7/2026 8:44,R_35L3ZkA4rFaBg34,email,Saltwater,EN,1,,I agree,About once a month,1 - 4 years,Fishing for your own food,,"A boat, kayak, or canoe",Excellent,Off,Off,Off,Off,Off,Off,Off,Off,Off,Off,Off,Off,Off,Off,Off,Off,Off,Off,Off,Off,Off,Off,Off,Off,Off,Off,Off,Off,Off,Off,On,On,Off,Off,Off,On,On,On,Off,Off,Off,On,On,On,On,Off,On,On,On,On,On,Off,Off,On,On,On,On,Off,On,On,On,On,Off,On,On,On,On,Off,On,On,On,Off,Off,Off,Off,Off,No,No,No,Yes,Yes,No,Yes,Yes,Sometimes,Sometimes,Sometimes,Often,Often,Often,Sometimes,Often,Sometimes,Rarely,Rarely,Often,Often,Sometimes,flounder,Supportive,Agree,Somewhat disagree,Somewhat agree,Somewhat disagree,Agree,Somewhat disagree,Agree,Somewhat disagree,Somewhat disagree,Somewhat disagree,0.89,10,9.06,10,8.27,No,55 - 64,Male,,34221,Manatee,,"$75,001 - $100,000",200,"Low
(1 ft. or less)","Medium
(less than 1 acre)","Moderate
(10 - 20 ft.)","Moderate
(some nooks and crannies)",Often,Not sure,Not sure,Not sure
8/7/2026 8:37,8/7/2026 8:45,IP Address,100,457,TRUE,8/7/2026 8:45,R_12G4dCvbsT9v8mg,email,Saltwater,EN,0.5,,I agree,About once a month,20 years or more,"Fishing for fun, sport, or relaxation,Fishing for your own food",,"The shoreline or bank of a water body,A fishing pier or boardwalk,A boat, kayak, or canoe",Good,Off,Off,Off,Off,Off,Off,Off,Off,Off,On,On,On,On,On,Off,On,On,On,On,On,On,Off,On,On,On,On,On,Off,Off,On,On,On,Off,On,Off,Off,Off,Off,Off,On,On,Off,Off,Off,Off,Off,On,On,Off,Off,Off,Off,Off,On,On,Off,Off,Off,Off,Off,On,Off,Off,Off,Off,Off,Off,Off,On,Off,Off,Off,Off,Off,Off,Off,Yes,Yes,Yes,No,Yes,Yes,Yes,No,Rarely,Always,Always,Sometimes,Often,Often,Always,Always,Always,Sometimes,Sometimes,Sometimes,Rarely,Sometimes,tripletail,Supportive,Agree,Disagree,Agree,Disagree,Somewhat agree,Somewhat agree,Agree,Somewhat disagree,Somewhat agree,Somewhat disagree,0.94,5.93,2.14,1.82,8.41,No,45 - 54,Male,,33611,Hillsborough,,"$75,001 - $100,000",100,"Moderate
(2 - 4 ft.)","Small
(several square yards)","Shallow
(10 ft. or less)","Complex
(lots of holes, edges, and hiding spots)",Often,Not sure,Often,Not sure
8/7/2026 8:41,8/7/2026 8:47,IP Address,100,361,TRUE,8/7/2026 8:47,R_350wxcLiZBRLBPH,email,Saltwater,EN,1,,I agree,A few times,20 years or more,"Fishing for fun, sport, or relaxation,Fishing for your own food",,"A boat, kayak, or canoe",Excellent,Off,Off,Off,Off,Off,Off,Off,Off,Off,Off,Off,Off,Off,Off,Off,Off,Off,Off,Off,Off,Off,Off,Off,Off,Off,Off,Off,Off,Off,Off,Off,Off,Off,Off,Off,Off,Off,Off,Off,Off,Off,Off,Off,Off,Off,Off,Off,Off,Off,Off,Off,Off,Off,Off,Off,Off,Off,Off,Off,Off,Off,Off,Off,On,On,On,Off,On,On,Off,Off,Off,Off,Off,Off,Off,Yes,Yes,No,Yes,Yes,Yes,Yes,Yes,Sometimes,Often,Often,Rarely,Sometimes,Often,Often,Often,Often,Rarely,Rarely,Sometimes,Sometimes,Sometimes,,Supportive,Agree,Somewhat disagree,Agree,Somewhat disagree,Agree,Somewhat agree,Strongly agree,Somewhat agree,Agree,Disagree,2.48,6.46,6.43,8.12,8.22,No,55 - 64,Male,,34239,Sarasota,,"$50,001 - $75,000",50,"Moderate
(2 - 4 ft.)","Medium
(less than 1 acre)","Deep
(20 ft. or more)","Complex
(lots of holes, edges, and hiding spots)",Sometimes,Sometimes,Sometimes,Not sure
8/7/2026 8:51,8/7/2026 8:56,IP Address,100,325,TRUE,8/7/2026 8:56,R_7RqM55BIOiJsqAO,email,Saltwater,EN,1,,I agree,About once a month,10 - 19 years,"Fishing for fun, sport, or relaxation",,"A boat, kayak, or canoe",Excellent,On,On,On,On,On,On,On,On,On,On,On,On,Off,Off,Off,On,On,On,Off,Off,On,On,On,On,Off,Off,On,Off,On,On,Off,Off,Off,On,Off,Off,Off,Off,Off,Off,Off,Off,Off,Off,Off,Off,Off,Off,Off,Off,Off,Off,Off,Off,Off,Off,Off,Off,Off,Off,Off,Off,Off,Off,Off,Off,Off,Off,Off,Off,Off,Off,Off,Off,Off,Off,No,No,No,No,No,No,No,No,Often,Often,Often,Rarely,Often,Often,Often,Sometimes,Always,Often,Sometimes,Rarely,Rarely,Never,,Supportive,Somewhat agree,Disagree,Somewhat agree,Disagree,Somewhat agree,Somewhat disagree,Somewhat disagree,Somewhat agree,Somewhat disagree,Somewhat disagree,6.08,6.58,5.17,1.34,0.62,No,35 - 44,Male,,33615,Hillsborough,,"$100,000 or more",100,Not sure,Not sure,Not sure,Not sure,Not sure,Not sure,Not sure,Not sure
8/7/2026 8:48,8/7/2026 8:57,IP Address,100,506,TRUE,8/7/2026 8:57,R_1HNAPWHw5hsJNIq,email,Saltwater,EN,1,,I agree,Many times a week,1 - 4 years,"Fishing for fun, sport, or relaxation,Fishing for your own food",,"The shoreline or bank of a water body,A fishing pier or boardwalk,A boat, kayak, or canoe",Excellent,Off,Off,Off,Off,Off,Off,Off,Off,Off,Off,Off,Off,Off,Off,Off,Off,Off,Off,Off,Off,Off,Off,Off,Off,Off,Off,Off,Off,Off,Off,Off,Off,Off,Off,Off,Off,Off,Off,Off,On,On,Off,Off,Off,Off,Off,On,On,On,On,Off,Off,Off,On,On,On,On,Off,On,On,On,On,Off,On,On,On,On,Off,Off,Off,Off,Off,Off,Off,Off,On,Yes,Yes,Yes,Yes,Yes,Yes,Yes,Yes,Sometimes,Often,Often,Often,Often,Often,Sometimes,Often,Often,Rarely,Rarely,Sometimes,Often,Sometimes,Mackerel ,Supportive,Strongly agree,Strongly disagree,Strongly agree,Strongly disagree,Strongly agree,Somewhat agree,Somewhat agree,Somewhat agree,Somewhat disagree,Somewhat agree,0.87,10,0.8,1.03,1,No,55 - 64,Male,,34221,Manatee,,"$100,000 or more",300,"High
(5 ft. or more)","Large
(1 acre or more)","Moderate
(10 - 20 ft.)","Complex
(lots of holes, edges, and hiding spots)",Sometimes,Sometimes,Sometimes,Not sure
8/7/2026 9:03,8/7/2026 9:10,IP Address,100,401,TRUE,8/7/2026 9:10,R_134dycFVhcZrEg4,email,Saltwater,EN,1,,I agree,A few times,20 years or more,"Fishing for fun, sport, or relaxation",,"A boat, kayak, or canoe",Excellent,Off,Off,Off,Off,Off,Off,Off,Off,Off,Off,Off,Off,Off,Off,Off,Off,Off,Off,Off,Off,Off,Off,Off,Off,Off,Off,Off,Off,Off,Off,Off,Off,Off,Off,Off,Off,Off,Off,Off,Off,Off,Off,Off,Off,Off,Off,Off,Off,Off,Off,Off,Off,Off,Off,On,Off,Off,Off,On,Off,On,Off,Off,On,Off,Off,Off,Off,Off,Off,Off,Off,Off,Off,Off,Off,Yes,No,No,Yes,Yes,Yes,No,Yes,Never,Often,Often,Often,Often,Never,Never,Sometimes,Sometimes,Sometimes,Often,Often,Always,Never,,Supportive,Strongly agree,Disagree,Strongly agree,Strongly disagree,Strongly agree,Strongly disagree,Strongly agree,Somewhat agree,Agree,Strongly disagree,1.88,6.05,9.8,6.67,7,No,55 - 64,Male,,34202,Manatee,,"$100,000 or more",160,"Moderate
(2 - 4 ft.)","Large
(1 acre or more)","Deep
(20 ft. or more)","Complex
(lots of holes, edges, and hiding spots)",Often,Often,Often,Never
8/7/2026 9:02,8/7/2026 9:12,IP Address,100,592,TRUE,8/7/2026 9:12,R_5TtxVBDXPPW87l8,email,Saltwater,EN,1,,I agree,About once a month,20 years or more,"Fishing for fun, sport, or relaxation",,"A boat, kayak, or canoe",Good,Off,Off,Off,Off,Off,Off,Off,Off,Off,Off,Off,Off,Off,Off,Off,Off,Off,Off,Off,On,Off,Off,Off,Off,Off,On,Off,Off,Off,Off,On,On,On,Off,Off,Off,On,On,On,Off,Off,Off,On,On,On,On,Off,Off,On,On,On,Off,Off,Off,Off,On,On,Off,Off,Off,Off,On,Off,Off,Off,Off,Off,Off,Off,Off,Off,Off,Off,Off,Off,Off,No,No,No,No,Yes,No,No,No,Sometimes,Sometimes,Sometimes,Often,Often,Rarely,Often,Often,Often,Never,Rarely,Often,Sometimes,Sometimes,,Supportive,Agree,Disagree,Agree,Disagree,Somewhat disagree,Somewhat agree,Somewhat agree,Somewhat agree,Somewhat disagree,Somewhat disagree,0.1,3.03,0.58,0.46,0.38,No,55 - 64,Male,,33570,Hillsborough,,"$100,000 or more",150,"Moderate
(2 - 4 ft.)","Medium
(less than 1 acre)","Deep
(20 ft. or more)","Complex
(lots of holes, edges, and hiding spots)",Not sure,Not sure,Sometimes,Not sure
8/7/2026 9:04,8/7/2026 9:16,IP Address,100,725,TRUE,8/7/2026 9:16,R_3Lp7SrKl9SnIaRO,email,Saltwater,EN,1,,I agree,About once a month,20 years or more,Fishing for your own food,,"A boat, kayak, or canoe",Excellent,Off,Off,Off,Off,Off,Off,Off,Off,Off,Off,Off,Off,Off,Off,Off,Off,Off,Off,Off,Off,Off,Off,Off,On,Off,Off,Off,Off,Off,Off,On,On,On,Off,Off,Off,On,Off,Off,Off,Off,Off,On,On,Off,Off,Off,Off,Off,On,Off,Off,Off,Off,On,On,Off,Off,Off,Off,Off,Off,Off,Off,Off,Off,Off,Off,Off,Off,Off,Off,Off,Off,Off,Off,No,Yes,Yes,Yes,No,No,Yes,Yes,Rarely,Rarely,Rarely,Often,Often,Often,Never,Never,Rarely,Never,Sometimes,Often,Sometimes,Never,,Supportive,Strongly disagree,Disagree,Agree,Strongly disagree,Agree,Strongly disagree,Strongly agree,Strongly disagree,Strongly agree,Strongly disagree,0.29,0.47,0.13,10,10,No,45 - 54,Male,,33578,Hillsborough,,"$25,001 - $50,000",300,"High
(5 ft. or more)","Large
(1 acre or more)","Deep
(20 ft. or more)","Complex
(lots of holes, edges, and hiding spots)",Sometimes,Rarely,Often,Never
8/7/2026 9:07,8/7/2026 9:17,IP Address,100,594,TRUE,8/7/2026 9:17,R_6OW2iniT20V55KI,email,Saltwater,EN,1,,I agree,About once a month,20 years or more,"Fishing for fun, sport, or relaxation",,"A boat, kayak, or canoe",Good,Off,Off,Off,On,On,Off,Off,Off,On,On,On,On,Off,Off,On,Off,On,On,Off,On,On,Off,On,On,Off,On,On,On,Off,On,On,On,On,On,Off,On,On,On,On,Off,Off,On,On,On,On,On,On,On,On,On,On,On,Off,On,On,On,On,On,On,On,On,On,On,On,On,On,On,On,On,On,Off,Off,Off,Off,Off,Off,Yes,Yes,Yes,Yes,No,Yes,Yes,Yes,Rarely,Sometimes,Often,Often,Often,Often,Often,Often,Often,Sometimes,Sometimes,Often,Often,Never,.,Neutral,Somewhat disagree,Somewhat disagree,Somewhat agree,Somewhat disagree,Somewhat agree,Somewhat disagree,Agree,Disagree,Somewhat agree,Agree,7.05,5.95,1.58,5.11,5.05,No,45 - 54,Male,,34208,Manatee,,"$100,000 or more",500,"Moderate
(2 - 4 ft.)","Medium
(less than 1 acre)","Deep
(20 ft. or more)","Moderate
(some nooks and crannies)",Sometimes,Sometimes,Sometimes,Sometimes
8/7/2026 9:14,8/7/2026 9:21,IP Address,100,399,TRUE,8/7/2026 9:21,R_3CzUGuliCYL53YR,email,Saltwater,EN,1,,I agree,About once a month,5 - 9 years,"Fishing for fun, sport, or relaxation,Fishing for your own food",,"A boat, kayak, or canoe",Fair,Off,Off,Off,Off,Off,Off,Off,Off,Off,Off,Off,Off,Off,Off,Off,Off,Off,Off,Off,Off,Off,Off,Off,Off,Off,Off,Off,Off,Off,Off,Off,Off,Off,Off,Off,Off,Off,Off,Off,Off,Off,Off,Off,Off,Off,Off,Off,Off,Off,Off,Off,Off,Off,Off,Off,Off,Off,Off,On,Off,Off,Off,Off,On,On,On,On,On,On,On,Off,Off,Off,Off,Off,Off,Yes,No,No,Yes,No,No,No,Yes,Rarely,Often,Often,Often,Often,Sometimes,Sometimes,Often,Often,Rarely,Sometimes,Often,Rarely,Rarely,,Supportive,Agree,Disagree,Agree,Strongly disagree,Agree,Agree,Strongly disagree,Agree,Strongly disagree,Agree,7.05,10,2.21,0.98,1.36,No,35 - 44,Male,,33647,Hillsborough,,"$25,000 or less",150,"Moderate
(2 - 4 ft.)","Medium
(less than 1 acre)","Deep
(20 ft. or more)","Moderate
(some nooks and crannies)",Sometimes,Rarely,Often,Sometimes
8/7/2026 9:18,8/7/2026 9:25,IP Address,100,391,TRUE,8/7/2026 9:25,R_7QJKR0DxpgqgW50,email,Saltwater,EN,1,,I agree,About once a month,20 years or more,"Fishing for fun, sport, or relaxation",,"A boat, kayak, or canoe",Good,Off,Off,Off,Off,Off,Off,Off,Off,Off,Off,Off,Off,Off,Off,Off,Off,Off,Off,Off,Off,Off,Off,Off,Off,Off,Off,Off,Off,Off,Off,Off,Off,Off,Off,Off,Off,Off,Off,Off,Off,On,Off,Off,Off,On,On,Off,On,Off,Off,On,On,On,Off,On,On,On,On,Off,Off,On,On,On,Off,Off,On,On,On,On,On,On,On,Off,Off,Off,Off,No,No,No,No,No,No,No,No,Often,Often,Often,Sometimes,Rarely,Sometimes,Often,Sometimes,Often,Sometimes,Rarely,Rarely,Rarely,Rarely,,Supportive,Agree,Somewhat disagree,Agree,Somewhat disagree,Agree,Somewhat agree,Somewhat agree,Somewhat agree,Agree,Somewhat disagree,4.99,6.03,6.04,8.03,7.2,No,55 - 64,Male,,34219,Manatee,,"$100,000 or more",40,"Moderate
(2 - 4 ft.)","Large
(1 acre or more)","Moderate
(10 - 20 ft.)","Complex
(lots of holes, edges, and hiding spots)",Often,Sometimes,Sometimes,Not sure
8/7/2026 9:19,8/7/2026 9:27,IP Address,100,447,TRUE,8/7/2026 9:27,R_6luKyZTOVii7yl4,email,Saltwater,EN,1,,I agree,About once a week,20 years or more,"Fishing for fun, sport, or relaxation",,"A boat, kayak, or canoe",Excellent,Off,Off,Off,Off,Off,Off,Off,Off,Off,Off,Off,Off,Off,Off,Off,Off,On,Off,Off,Off,Off,Off,On,Off,Off,Off,On,Off,Off,On,Off,Off,Off,On,Off,Off,On,Off,On,On,Off,Off,Off,Off,On,Off,On,On,Off,Off,On,Off,Off,On,Off,Off,On,Off,Off,Off,Off,On,Off,Off,Off,Off,Off,Off,Off,Off,Off,Off,Off,Off,Off,Off,No,Yes,Yes,Yes,Yes,Yes,No,No,Sometimes,Always,Always,Always,Always,Often,Often,Always,Always,Often,Sometimes,Always,Always,Always,Flounder,Supportive,Strongly agree,Disagree,Strongly agree,Strongly disagree,Strongly agree,Somewhat agree,Agree,Somewhat agree,Somewhat disagree,Somewhat agree,5.1,10,9.98,5.29,5.36,No,65 or older,Male,,33572,Hillsborough,,"$100,000 or more",50,"High
(5 ft. or more)","Large
(1 acre or more)","Moderate
(10 - 20 ft.)","Complex
(lots of holes, edges, and hiding spots)",Sometimes,Sometimes,Always,Rarely
8/7/2026 9:23,8/7/2026 9:29,IP Address,100,319,TRUE,8/7/2026 9:29,R_3xztfFzBild4WQQ,email,Saltwater,EN,1,,I agree,A few times,20 years or more,"Fishing for fun, sport, or relaxation,Fishing for your own food",,"The shoreline or bank of a water body,A fishing pier or boardwalk",Good,Off,Off,Off,Off,Off,Off,Off,Off,Off,Off,Off,Off,Off,Off,Off,Off,Off,Off,Off,Off,Off,Off,Off,Off,Off,Off,Off,Off,Off,Off,Off,Off,Off,Off,Off,Off,Off,Off,Off,Off,Off,Off,Off,Off,Off,Off,Off,Off,Off,Off,Off,Off,Off,On,Off,Off,Off,Off,Off,Off,Off,On,Off,Off,Off,Off,Off,Off,Off,Off,Off,Off,Off,Off,Off,Off,Yes,Yes,Yes,Yes,Yes,Yes,No,No,Rarely,Often,Often,Sometimes,Sometimes,Often,Sometimes,Often,Sometimes,Never,Often,Often,Sometimes,Often,Pompano ,Supportive,Agree,Somewhat disagree,Somewhat agree,Somewhat disagree,Agree,Disagree,Agree,Somewhat agree,Somewhat agree,Disagree,4.08,6.01,4.2,6.69,6.66,No,65 or older,Female,,34237,Sarasota,,"$50,001 - $75,000",25,"Moderate
(2 - 4 ft.)","Medium
(less than 1 acre)","Moderate
(10 - 20 ft.)","Simple
(mostly flat or smooth)",Sometimes,Sometimes,Often,Rarely
8/7/2026 9:32,8/7/2026 9:40,IP Address,100,488,TRUE,8/7/2026 9:40,R_6CC8KtuZAtFUxdU,email,Saltwater,EN,1,,I agree,A few times,20 years or more,Fishing for your own food,,"A boat, kayak, or canoe",Fair,Off,Off,Off,Off,Off,On,Off,Off,Off,Off,On,On,Off,Off,Off,Off,On,Off,Off,Off,Off,Off,Off,Off,Off,On,Off,Off,Off,Off,Off,On,On,Off,Off,Off,Off,Off,Off,Off,Off,Off,Off,Off,Off,Off,Off,Off,Off,Off,Off,Off,Off,Off,Off,Off,Off,Off,Off,Off,Off,Off,Off,Off,Off,Off,Off,Off,Off,Off,Off,Off,Off,Off,Off,Off,Yes,Yes,No,Yes,No,Yes,Yes,Yes,Rarely,Often,Often,Often,Often,Often,Rarely,Often,Sometimes,Rarely,Sometimes,Often,Often,Never,,Neutral,Somewhat agree,Disagree,Somewhat agree,Disagree,Somewhat agree,Agree,Agree,Disagree,Disagree,Disagree,0,7.86,2.66,5.61,9.23,No,45 - 54,Male,,33948,Other county:,Charlotte ,"$100,000 or more",125,"Moderate
(2 - 4 ft.)","Small
(several square yards)","Moderate
(10 - 20 ft.)","Moderate
(some nooks and crannies)",Often,Sometimes,Sometimes,Not sure
8/7/2026 9:45,8/7/2026 9:51,IP Address,100,377,TRUE,8/7/2026 9:51,R_1oSKjA1W0KLMTJg,email,Saltwater,EN,1,,I agree,About once a month,20 years or more,"Fishing for fun, sport, or relaxation",,"A boat, kayak, or canoe",Excellent,Off,Off,Off,Off,Off,Off,Off,Off,Off,Off,Off,Off,Off,Off,Off,Off,Off,On,Off,Off,Off,Off,On,On,Off,Off,Off,Off,Off,Off,Off,Off,Off,Off,Off,On,Off,Off,Off,Off,On,Off,Off,Off,Off,Off,On,On,Off,Off,Off,Off,Off,On,On,Off,Off,Off,Off,Off,Off,Off,Off,Off,Off,Off,Off,Off,Off,Off,Off,Off,Off,On,Off,Off,Yes,Yes,No,Yes,Yes,Yes,Yes,No,Never,Often,Always,Sometimes,Often,Often,Always,Sometimes,Always,Often,Rarely,Often,Often,Never,,Supportive,Agree,Somewhat disagree,Agree,Somewhat disagree,Agree,Agree,Somewhat agree,Agree,Somewhat agree,Somewhat agree,0.92,7.94,2.7,1.34,1.49,No,45 - 54,Male,,33702,Pinellas,,"$100,000 or more",250,"Moderate
(2 - 4 ft.)","Medium
(less than 1 acre)","Moderate
(10 - 20 ft.)","Moderate
(some nooks and crannies)",Sometimes,Not sure,Often,Not sure
8/7/2026 9:48,8/7/2026 9:57,IP Address,100,551,TRUE,8/7/2026 9:57,R_3r8ugIAO1AdaCGa,email,Saltwater,EN,1,,I agree,About once a month,20 years or more,Fishing for your own food,,"A boat, kayak, or canoe",Excellent,Off,Off,Off,Off,Off,Off,Off,Off,Off,Off,Off,Off,Off,Off,Off,Off,Off,Off,Off,Off,Off,Off,Off,Off,Off,Off,Off,Off,Off,Off,Off,Off,Off,Off,Off,Off,Off,Off,Off,On,On,Off,Off,Off,On,Off,On,On,Off,Off,On,Off,Off,On,On,Off,On,On,Off,Off,On,On,Off,Off,Off,On,On,Off,Off,Off,Off,Off,Off,Off,Off,Off,No,No,No,No,No,Yes,No,No,Often,Often,Often,Rarely,Never,Sometimes,Rarely,Often,Often,Never,Never,Sometimes,Rarely,Often,Cobia,Supportive,Strongly agree,Strongly disagree,Somewhat agree,Disagree,Strongly agree,Somewhat agree,Agree,Somewhat disagree,Somewhat agree,Somewhat agree,0.85,4.56,4.63,8.54,6.07,No,65 or older,Male,,33805,Polk,,"$100,000 or more",300,,,,,,,,
8/7/2026 9:51,8/7/2026 9:57,IP Address,100,355,TRUE,8/7/2026 9:57,R_6UuZe5DSAP8gDm1,email,Saltwater,EN,1,,I agree,About once a week,5 - 9 years,"Fishing for fun, sport, or relaxation",,The shoreline or bank of a water body,Excellent,Off,Off,Off,Off,Off,Off,Off,Off,Off,Off,Off,Off,Off,Off,Off,Off,Off,Off,Off,Off,Off,Off,Off,Off,Off,Off,Off,Off,Off,Off,Off,Off,Off,Off,Off,Off,Off,Off,Off,On,Off,Off,Off,Off,Off,Off,Off,Off,Off,Off,Off,Off,Off,Off,Off,Off,Off,Off,Off,Off,Off,Off,Off,Off,Off,Off,Off,Off,Off,Off,Off,Off,On,On,On,On,No,No,No,No,Yes,Yes,No,No,Rarely,Often,Often,Often,Often,Often,Always,Always,Always,Always,Often,Often,Often,Often,N/A,Supportive,Agree,Somewhat disagree,Somewhat agree,Somewhat disagree,Agree,Disagree,Somewhat agree,Somewhat disagree,Somewhat agree,Somewhat agree,4.03,6.32,6.24,7.13,4.87,No,18 - 24,Male,,33774,Pinellas,,"$25,000 or less",8,Not sure,Not sure,"Deep
(20 ft. or more)",Not sure,Often,Sometimes,Sometimes,Never
8/7/2026 9:40,8/7/2026 10:04,IP Address,100,1435,TRUE,8/7/2026 10:04,R_3ihxwc5hYcUZPa4,email,Saltwater,EN,1,,I agree,About once a month,10 - 19 years,"Fishing for fun, sport, or relaxation",,"A fishing pier or boardwalk,A boat, kayak, or canoe",Excellent,Off,Off,Off,Off,Off,Off,Off,Off,Off,Off,Off,Off,Off,Off,Off,Off,Off,Off,Off,On,On,Off,Off,Off,Off,On,On,Off,Off,Off,On,On,On,On,Off,On,On,On,On,Off,Off,Off,On,On,On,Off,Off,Off,On,On,On,Off,Off,Off,Off,On,On,Off,Off,Off,On,Off,Off,Off,Off,Off,Off,Off,Off,Off,Off,Off,Off,Off,Off,Off,No,Yes,Yes,Yes,No,No,No,No,Rarely,Sometimes,Often,Often,Often,Sometimes,Sometimes,Sometimes,Sometimes,Rarely,Sometimes,Often,Rarely,Often,,Supportive,Agree,Disagree,Agree,Disagree,Agree,Somewhat agree,Somewhat agree,Somewhat agree,Somewhat disagree,Somewhat agree,0.83,6.53,4.98,6.26,3.6,No,65 or older,Male,,33572,Hillsborough,,"$75,001 - $100,000",500,"Moderate
(2 - 4 ft.)","Medium
(less than 1 acre)","Moderate
(10 - 20 ft.)","Moderate
(some nooks and crannies)",Often,Rarely,Often,Not sure
8/7/2026 7:54,8/7/2026 10:06,IP Address,100,7890,TRUE,8/7/2026 10:06,R_7OOgFGxiKQQzkZr,email,Saltwater,EN,1,,I agree,About once a week,1 - 4 years,"Fishing for fun, sport, or relaxation",,"A boat, kayak, or canoe",Poor,Off,Off,Off,Off,Off,Off,Off,Off,Off,Off,Off,Off,Off,Off,Off,Off,Off,Off,Off,Off,Off,Off,Off,Off,Off,Off,Off,Off,Off,Off,Off,Off,Off,Off,Off,Off,Off,Off,Off,On,On,Off,Off,Off,Off,Off,On,On,Off,Off,Off,Off,Off,Off,Off,Off,Off,Off,Off,Off,Off,Off,Off,Off,Off,Off,Off,Off,Off,Off,Off,Off,Off,Off,Off,Off,No,No,No,No,No,No,No,No,Rarely,Often,Often,Sometimes,Never,Often,Sometimes,Often,Often,Never,Never,Sometimes,Rarely,Sometimes,Flounder,Supportive,Agree,Somewhat disagree,Somewhat agree,Disagree,Somewhat agree,Somewhat agree,Somewhat disagree,Somewhat agree,Somewhat disagree,Somewhat agree,1.85,7.85,4.92,4.91,0.69,No,55 - 64,Male,,33706,Pinellas,,"$100,000 or more",50,,,,,,,,
8/7/2026 10:04,8/7/2026 10:13,IP Address,100,571,TRUE,8/7/2026 10:13,R_6k15r5hI0KdMb2F,email,Saltwater,EN,1,,I agree,A few times,20 years or more,"Fishing for fun, sport, or relaxation,Fishing for your own food",,"The shoreline or bank of a water body,A boat, kayak, or canoe",Good,Off,Off,Off,Off,Off,Off,Off,Off,Off,Off,Off,Off,Off,Off,Off,Off,Off,Off,Off,Off,Off,Off,On,Off,Off,Off,Off,Off,Off,Off,Off,Off,Off,Off,On,Off,Off,Off,Off,Off,Off,On,On,On,Off,Off,On,On,Off,Off,Off,Off,Off,On,On,On,Off,Off,Off,Off,On,Off,Off,Off,Off,Off,Off,Off,Off,Off,Off,Off,Off,Off,Off,Off,No,No,Yes,No,No,Yes,Yes,No,Rarely,Often,Always,Often,Sometimes,Sometimes,Often,Never,Sometimes,Often,Sometimes,Rarely,Often,Rarely,,Supportive,Agree,Somewhat disagree,Agree,Somewhat disagree,Agree,Somewhat agree,Agree,Somewhat agree,Somewhat agree,Somewhat agree,4.03,5.93,5.11,8.13,3.99,No,45 - 54,Male,,33703,Pinellas,,"$100,000 or more",750,Not sure,Not sure,Not sure,Not sure,Rarely,Rarely,Often,Rarely
8/7/2026 10:08,8/7/2026 10:22,IP Address,100,867,TRUE,8/7/2026 10:22,R_7Dnfi9wLOu2howm,email,Saltwater,EN,0.699999988,,I agree,About once a week,20 years or more,"Fishing for fun, sport, or relaxation,Fishing for your own food",,"The shoreline or bank of a water body,A fishing pier or boardwalk,A boat, kayak, or canoe",Good,Off,Off,On,On,On,On,Off,Off,Off,On,On,On,Off,Off,Off,On,On,On,Off,Off,Off,Off,Off,Off,Off,Off,On,Off,Off,Off,Off,Off,Off,On,Off,Off,Off,Off,On,On,On,On,Off,On,On,On,On,On,On,On,On,On,Off,On,On,On,On,On,Off,Off,On,On,Off,Off,Off,Off,On,Off,Off,On,Off,Off,On,On,Off,Off,Yes,Yes,No,No,No,Yes,No,No,Sometimes,Rarely,Sometimes,Often,Rarely,Often,Rarely,Sometimes,Sometimes,Never,Often,Always,Often,Sometimes,,Supportive,Strongly agree,Disagree,Strongly agree,Disagree,Strongly agree,Agree,Somewhat agree,Agree,Somewhat disagree,Somewhat agree,5.03,6.2,3.82,8.01,7.49,No,45 - 54,Female,,33567,Hillsborough,,"$75,001 - $100,000",50,Not sure,"Medium
(less than 1 acre)","Moderate
(10 - 20 ft.)","Complex
(lots of holes, edges, and hiding spots)",Sometimes,Sometimes,Sometimes,Never
8/7/2026 10:13,8/7/2026 10:24,IP Address,100,645,TRUE,8/7/2026 10:24,R_6xA9JhYucg5pDmi,email,Saltwater,EN,0.6000000238418579,,I agree,A few times,20 years or more,"Fishing for fun, sport, or relaxation,Fishing for your own food",,"The shoreline or bank of a water body,A fishing pier or boardwalk,A boat, kayak, or canoe",Excellent,On,On,On,On,On,On,On,On,Off,Off,Off,Off,Off,Off,Off,Off,Off,Off,Off,Off,Off,Off,Off,Off,Off,Off,Off,Off,Off,Off,Off,Off,Off,Off,Off,Off,Off,Off,Off,Off,Off,Off,Off,Off,Off,Off,Off,Off,Off,Off,Off,Off,Off,Off,Off,Off,Off,Off,Off,Off,Off,Off,Off,Off,Off,Off,Off,Off,Off,Off,Off,Off,Off,On,On,Off,Yes,Yes,Yes,Yes,No,No,No,No,Sometimes,Sometimes,Always,Never,Never,Always,Rarely,Always,Always,Never,Always,Always,Often,Always,"Flounder, Hardhead Catfish, Mullet",Supportive,Strongly agree,Disagree,Agree,Strongly disagree,Strongly agree,Strongly agree,Agree,Somewhat disagree,Somewhat agree,Strongly agree,7.06,10,5.17,2,0.1,No,25 - 34,Male,,34698,Pinellas,,"$25,001 - $50,000",40,,,,,,,,
8/7/2026 10:11,8/7/2026 10:27,IP Address,100,927,TRUE,8/7/2026 10:27,R_1ntbbjKCYHlMbgl,email,Saltwater,EN,1,,I agree,About once a week,20 years or more,Something else:,Sport Angling (catch & release) seeking trophy sized fish,The shoreline or bank of a water body,Excellent,Off,Off,Off,On,On,On,Off,Off,Off,Off,Off,Off,Off,Off,Off,Off,On,On,Off,Off,Off,On,Off,Off,Off,Off,Off,Off,Off,Off,Off,Off,Off,Off,Off,Off,Off,Off,Off,On,Off,Off,Off,Off,Off,Off,On,Off,Off,Off,Off,Off,Off,On,Off,Off,Off,Off,Off,Off,Off,Off,Off,Off,Off,Off,Off,Off,Off,Off,Off,Off,Off,Off,Off,Off,Yes,Yes,Yes,Yes,Yes,Yes,Yes,Yes,Often,Often,Often,Sometimes,Rarely,Sometimes,Sometimes,Rarely,Often,Often,Rarely,Never,Rarely,Never,,Neutral,Agree,Disagree,Somewhat agree,Disagree,Strongly agree,Disagree,Agree,Strongly disagree,Somewhat disagree,Strongly disagree,1.21,4.36,10,10,10,No,45 - 54,Male,,33810,Polk,,"$75,001 - $100,000",275,Not sure,"Small
(several square yards)",Not sure,"Complex
(lots of holes, edges, and hiding spots)",Sometimes,Never,Often,Never
8/7/2026 10:19,8/7/2026 10:27,IP Address,100,514,TRUE,8/7/2026 10:27,R_1r7zl10iDRA7MZ5,email,Saltwater,EN,1,,I agree,About once a month,20 years or more,"Fishing for fun, sport, or relaxation",,"A boat, kayak, or canoe",Good,Off,Off,Off,Off,Off,Off,Off,Off,Off,Off,Off,Off,Off,Off,Off,Off,Off,Off,Off,Off,Off,On,Off,Off,Off,Off,Off,Off,Off,On,On,Off,Off,Off,Off,On,On,Off,Off,Off,Off,Off,Off,On,Off,Off,Off,Off,Off,On,Off,Off,Off,Off,On,On,Off,Off,On,On,Off,Off,Off,Off,Off,Off,Off,Off,Off,Off,Off,Off,Off,Off,Off,Off,Yes,Yes,No,Yes,No,Yes,Yes,No,Rarely,Often,Sometimes,Often,Often,Sometimes,Never,Often,Sometimes,Never,Often,Often,Often,Never,,Supportive,Somewhat agree,Somewhat disagree,Agree,Somewhat disagree,Agree,Strongly disagree,Somewhat agree,Somewhat disagree,Agree,Somewhat disagree,0.39,8.31,9.14,9.05,4.9,No,55 - 64,Male,,33702,Pinellas,,"$100,000 or more",100,"Moderate
(2 - 4 ft.)","Medium
(less than 1 acre)","Deep
(20 ft. or more)","Moderate
(some nooks and crannies)",Often,Sometimes,Sometimes,Never
8/7/2026 10:11,8/7/2026 10:30,IP Address,100,1166,TRUE,8/7/2026 10:30,R_1cZy5m2Ha2Cwl2L,email,Saltwater,EN,1,,I agree,Many times a week,20 years or more,"Fishing for fun, sport, or relaxation",,"A boat, kayak, or canoe",Excellent,Off,Off,Off,Off,Off,Off,Off,Off,On,Off,Off,Off,Off,Off,Off,On,Off,On,Off,Off,Off,Off,On,On,Off,Off,Off,Off,Off,On,Off,Off,Off,Off,Off,Off,Off,Off,Off,On,On,Off,Off,Off,Off,Off,On,On,Off,Off,On,Off,Off,On,On,On,On,Off,On,Off,On,On,Off,On,Off,Off,Off,Off,Off,Off,Off,Off,Off,Off,Off,Off,Yes,No,No,No,No,No,No,Yes,Sometimes,Often,Always,Always,Always,Always,Always,Always,Always,Often,Sometimes,Often,Often,Rarely,,Supportive,Strongly agree,Strongly disagree,Strongly agree,Strongly disagree,Strongly agree,Strongly disagree,Strongly agree,Strongly disagree,Strongly agree,Strongly disagree,0.93,0.93,0.93,10,10,Yes,45 - 54,Male,,33609,Hillsborough,,"$100,000 or more",200,"Moderate
(2 - 4 ft.)","Large
(1 acre or more)","Deep
(20 ft. or more)","Complex
(lots of holes, edges, and hiding spots)",Often,Sometimes,Always,Not sure
8/7/2026 10:13,8/7/2026 10:31,IP Address,100,1040,TRUE,8/7/2026 10:31,R_5d6xKe8i1OxCCdd,email,Saltwater,EN,1,,I agree,Many times a week,1 - 4 years,"Fishing for fun, sport, or relaxation,Fishing for your own food",,"The shoreline or bank of a water body,A boat, kayak, or canoe",Excellent,Off,Off,Off,On,On,On,On,Off,Off,On,Off,Off,Off,Off,Off,On,Off,On,Off,Off,Off,On,On,On,On,Off,Off,Off,Off,Off,Off,Off,Off,Off,Off,Off,Off,Off,Off,On,On,Off,Off,Off,Off,Off,On,Off,Off,Off,Off,Off,Off,On,Off,Off,Off,Off,Off,Off,Off,Off,Off,Off,Off,Off,Off,Off,Off,Off,Off,Off,On,On,On,On,Yes,No,No,No,No,No,No,No,Rarely,Sometimes,Often,Often,Sometimes,Often,Often,Often,Often,Rarely,Sometimes,Sometimes,Never,Often,,Supportive,Agree,Disagree,Agree,Disagree,Agree,Agree,Somewhat agree,Agree,Somewhat agree,Agree,4.04,5.03,7.13,4.25,0,No,45 - 54,Male,,22782,Pinellas,,"$75,001 - $100,000",20,"Moderate
(2 - 4 ft.)","Medium
(less than 1 acre)","Shallow
(10 ft. or less)",Not sure,Often,Sometimes,Often,Rarely
8/7/2026 10:24,8/7/2026 10:35,IP Address,100,699,TRUE,8/7/2026 10:35,R_70s7xKWgScu2Kt3,email,Saltwater,EN,1,,I agree,A few times,20 years or more,"Fishing for fun, sport, or relaxation",,"A boat, kayak, or canoe",Excellent,Off,Off,Off,Off,Off,Off,Off,Off,Off,Off,Off,Off,Off,Off,Off,Off,Off,Off,Off,Off,Off,Off,Off,Off,Off,Off,Off,Off,Off,Off,Off,Off,Off,Off,Off,Off,Off,Off,Off,Off,Off,Off,Off,Off,Off,Off,On,On,On,Off,Off,Off,Off,On,On,On,On,Off,On,On,On,Off,Off,On,On,Off,Off,Off,Off,Off,Off,Off,Off,Off,Off,Off,No,Yes,No,Yes,Yes,Yes,No,Yes,Never,Rarely,Sometimes,Often,Rarely,Sometimes,Rarely,Never,Rarely,Sometimes,Sometimes,Sometimes,Often,Never,,Supportive,Disagree,Somewhat agree,Somewhat agree,Strongly agree,Disagree,Strongly disagree,Strongly agree,Strongly disagree,Strongly agree,Strongly disagree,0,0,0,9.79,9.92,No,55 - 64,Male,,34683-4741,Pinellas,,"$50,001 - $75,000",150,"Low
(1 ft. or less)",Not sure,Not sure,"Moderate
(some nooks and crannies)",Sometimes,Rarely,Often,Never
8/7/2026 10:01,8/7/2026 10:36,IP Address,100,2095,TRUE,8/7/2026 10:36,R_1pHma05pWqaqBa1,email,Saltwater,EN,1,,I agree,A few times,20 years or more,"Fishing for fun, sport, or relaxation",,"A boat, kayak, or canoe",Good,Off,Off,Off,Off,Off,Off,Off,Off,Off,Off,Off,Off,Off,Off,Off,Off,Off,Off,Off,Off,Off,Off,On,Off,Off,Off,Off,Off,Off,On,Off,Off,Off,Off,Off,Off,Off,Off,Off,Off,Off,Off,Off,Off,Off,Off,On,On,Off,Off,Off,Off,Off,On,On,Off,Off,Off,Off,On,On,Off,Off,Off,Off,Off,Off,Off,Off,Off,Off,Off,Off,Off,Off,Off,Yes,Yes,Yes,Yes,Yes,No,Yes,Yes,Never,Often,Often,Rarely,Sometimes,Often,Often,Often,Often,Never,Often,Often,Often,Never,,Supportive,Agree,Disagree,Agree,Disagree,Agree,Agree,Disagree,Agree,Disagree,Agree,4.97,5.07,5,5.06,5.07,No,65 or older,Male,,33710-3237,Pinellas,,"$75,001 - $100,000",,"Moderate
(2 - 4 ft.)","Large
(1 acre or more)","Deep
(20 ft. or more)","Complex
(lots of holes, edges, and hiding spots)",Often,Sometimes,Sometimes,Never
8/7/2026 10:30,8/7/2026 10:39,IP Address,100,522,TRUE,8/7/2026 10:39,R_7gcJnJ1mydMOa4q,email,Saltwater,EN,1,,I agree,Many times a week,5 - 9 years,"Fishing for fun, sport, or relaxation",,"The shoreline or bank of a water body,A boat, kayak, or canoe",Excellent,Off,Off,Off,Off,Off,Off,Off,Off,Off,Off,Off,Off,Off,Off,Off,Off,Off,Off,Off,Off,Off,Off,Off,Off,Off,Off,On,Off,Off,Off,Off,Off,On,On,Off,Off,On,On,On,Off,Off,Off,Off,On,On,On,Off,Off,Off,Off,On,On,On,Off,Off,Off,Off,Off,Off,Off,Off,Off,Off,Off,Off,Off,Off,Off,Off,Off,Off,Off,Off,Off,Off,Off,Yes,Yes,No,No,Yes,Yes,No,No,Often,Sometimes,Often,Sometimes,Rarely,Sometimes,Often,Often,Often,Sometimes,Rarely,Rarely,Rarely,Rarely,,Supportive,Agree,Disagree,Somewhat agree,Somewhat disagree,Somewhat agree,Somewhat agree,Somewhat agree,Somewhat agree,Somewhat agree,Somewhat agree,6.11,8.12,7.99,4.6,4.74,No,35 - 44,Male,,33572,Hillsborough,,"$100,000 or more",7,"Moderate
(2 - 4 ft.)","Medium
(less than 1 acre)","Deep
(20 ft. or more)","Complex
(lots of holes, edges, and hiding spots)",Not sure,Not sure,Never,Not sure
8/7/2026 10:28,8/7/2026 10:39,IP Address,100,636,TRUE,8/7/2026 10:39,R_5Eh4GKUPdKMmNkq,email,Saltwater,EN,1,,I agree,About once a week,Less than a year,"Fishing for fun, sport, or relaxation,Fishing for your own food",,"A boat, kayak, or canoe",Good,Off,Off,Off,Off,Off,Off,Off,Off,Off,Off,Off,Off,Off,Off,Off,Off,On,Off,Off,Off,Off,Off,On,On,Off,Off,Off,Off,Off,On,On,On,Off,Off,Off,On,On,On,Off,Off,Off,Off,On,On,Off,Off,On,On,On,On,Off,Off,Off,On,On,On,On,Off,On,On,Off,Off,Off,Off,Off,Off,Off,Off,Off,Off,Off,Off,Off,Off,Off,Off,No,No,No,No,No,No,Yes,No,Rarely,Sometimes,Often,Always,Often,Often,Often,Often,Often,Often,Sometimes,Often,Always,Never,,Supportive,Strongly agree,Somewhat disagree,Somewhat agree,Somewhat disagree,Strongly agree,Somewhat agree,Somewhat disagree,Somewhat disagree,Somewhat disagree,Somewhat agree,7.1,9.15,7.08,5.08,5.1,No,55 - 64,Male,,33702,Pinellas,,"$100,000 or more",150,"High
(5 ft. or more)","Medium
(less than 1 acre)","Moderate
(10 - 20 ft.)","Moderate
(some nooks and crannies)",Not sure,Not sure,Sometimes,Not sure
8/7/2026 10:38,8/7/2026 10:51,IP Address,100,749,TRUE,8/7/2026 10:51,R_5nrjYU1T9JY7Xcl,email,Saltwater,EN,0.699999988,,I agree,About once a month,20 years or more,"Fishing for fun, sport, or relaxation",,"A boat, kayak, or canoe",Excellent,Off,Off,Off,Off,Off,Off,Off,Off,Off,Off,Off,Off,Off,Off,Off,Off,Off,Off,Off,Off,Off,Off,Off,Off,Off,Off,Off,Off,Off,Off,Off,Off,Off,Off,Off,Off,Off,Off,Off,Off,Off,Off,Off,Off,Off,Off,Off,Off,Off,Off,Off,Off,Off,On,Off,Off,Off,Off,On,On,On,On,Off,On,On,On,On,On,On,On,Off,Off,Off,Off,Off,Off,No,Yes,Yes,Yes,Yes,No,No,Yes,Rarely,Often,Often,Sometimes,Sometimes,Sometimes,Often,Often,Sometimes,Rarely,Rarely,Sometimes,Rarely,Often,Pilchards/Green Backs,Supportive,Agree,Disagree,Somewhat agree,Disagree,Agree,Agree,Somewhat agree,Somewhat agree,Somewhat agree,Somewhat agree,1.72,1.59,1.59,7.18,8.3,No,45 - 54,Male,,34209,Manatee,,"$100,000 or more",400,"Moderate
(2 - 4 ft.)","Small
(several square yards)","Moderate
(10 - 20 ft.)","Moderate
(some nooks and crannies)",Not sure,Not sure,Often,Not sure
8/7/2026 10:43,8/7/2026 10:53,IP Address,100,583,TRUE,8/7/2026 10:53,R_3FCxjhOQFxj2Upy,email,Saltwater,EN,1,,I agree,About once a week,20 years or more,"Fishing for fun, sport, or relaxation",,"A boat, kayak, or canoe",Excellent,Off,Off,Off,Off,Off,Off,Off,Off,Off,Off,Off,On,Off,Off,Off,Off,On,On,Off,Off,Off,On,On,On,Off,Off,Off,Off,Off,On,Off,Off,Off,Off,Off,Off,Off,Off,Off,On,On,Off,Off,Off,Off,Off,On,On,Off,Off,Off,Off,Off,On,On,On,Off,Off,Off,Off,On,On,Off,Off,Off,On,On,Off,Off,Off,Off,Off,Off,Off,Off,Off,Yes,No,Yes,Yes,No,Yes,No,No,Often,Always,Always,Often,Sometimes,Always,Always,Always,Always,Often,Sometimes,Sometimes,Sometimes,Never,,Supportive,Agree,Disagree,Somewhat agree,Disagree,Somewhat agree,Somewhat agree,Somewhat disagree,Somewhat disagree,Somewhat disagree,Somewhat disagree,4.55,10,7.24,4.65,0.68,No,55 - 64,Female,,33563,Hillsborough,,"$75,001 - $100,000",50,"High
(5 ft. or more)","Medium
(less than 1 acre)","Deep
(20 ft. or more)","Moderate
(some nooks and crannies)",Often,Not sure,Sometimes,Not sure
8/7/2026 10:48,8/7/2026 10:54,IP Address,100,411,TRUE,8/7/2026 10:54,R_17Qfow4h2Ir2FYl,email,Saltwater,EN,1,,I agree,A few times,1 - 4 years,"Fishing for fun, sport, or relaxation,Fishing for your own food",,"A boat, kayak, or canoe",Excellent,Off,Off,Off,Off,Off,Off,Off,Off,Off,Off,Off,Off,Off,Off,Off,Off,On,Off,Off,On,Off,Off,On,Off,Off,On,Off,Off,Off,On,On,On,On,Off,Off,Off,Off,Off,Off,Off,Off,Off,Off,Off,Off,Off,Off,Off,Off,Off,Off,Off,Off,Off,Off,Off,Off,Off,Off,Off,Off,Off,Off,Off,Off,Off,Off,Off,Off,Off,Off,Off,Off,Off,Off,Off,Yes,Yes,Yes,Yes,No,Yes,Yes,No,Never,Often,Often,Often,Always,Sometimes,Often,Rarely,Often,Sometimes,Always,Sometimes,Always,Never,,Supportive,Strongly agree,Disagree,Somewhat agree,Strongly disagree,Strongly agree,Strongly disagree,Agree,Strongly disagree,Somewhat disagree,Strongly disagree,4.82,10,6.99,10,5.32,No,35 - 44,Male,,,Sarasota,,"$100,000 or more",600,"High
(5 ft. or more)","Large
(1 acre or more)","Deep
(20 ft. or more)","Moderate
(some nooks and crannies)",Always,Sometimes,Sometimes,Rarely
8/7/2026 11:02,8/7/2026 11:09,IP Address,100,385,TRUE,8/7/2026 11:09,R_6M4nE5brPda8M6R,email,Saltwater,EN,1,,I agree,A few times,20 years or more,"Fishing for fun, sport, or relaxation",,"A boat, kayak, or canoe",Good,Off,Off,Off,Off,Off,Off,Off,Off,Off,Off,Off,Off,Off,Off,Off,Off,Off,Off,Off,Off,Off,Off,On,Off,Off,Off,Off,Off,On,On,On,Off,Off,Off,On,On,On,Off,Off,Off,Off,On,On,Off,Off,Off,On,On,On,On,Off,Off,Off,On,On,On,Off,Off,Off,Off,Off,Off,Off,Off,Off,Off,Off,Off,Off,Off,Off,Off,Off,Off,Off,Off,Yes,No,No,No,No,No,No,No,Never,Sometimes,Sometimes,Sometimes,Sometimes,Sometimes,Often,Often,Often,Often,Rarely,Sometimes,Sometimes,Never,,Supportive,Somewhat agree,Disagree,Agree,Disagree,Agree,Somewhat agree,Somewhat agree,Somewhat agree,Agree,Somewhat disagree,0.85,7.85,7.92,6.54,7.59,No,45 - 54,Male,,33703,Pinellas,,"$100,000 or more",100,"High
(5 ft. or more)","Medium
(less than 1 acre)","Moderate
(10 - 20 ft.)","Moderate
(some nooks and crannies)",Sometimes,Sometimes,Sometimes,Not sure
8/7/2026 11:02,8/7/2026 11:14,IP Address,100,685,TRUE,8/7/2026 11:14,R_1FwT7PbNEzxhUaq,email,Saltwater,EN,1,,I agree,About once a month,10 - 19 years,"Fishing for fun, sport, or relaxation",,"A boat, kayak, or canoe",Good,Off,On,Off,Off,Off,Off,Off,Off,Off,Off,Off,On,Off,Off,Off,Off,Off,Off,Off,Off,Off,Off,On,Off,Off,Off,Off,Off,Off,Off,Off,Off,Off,Off,Off,Off,Off,Off,On,On,Off,Off,Off,Off,On,Off,On,On,Off,Off,On,Off,Off,On,On,Off,On,On,Off,Off,Off,On,Off,Off,Off,Off,Off,Off,Off,Off,Off,Off,Off,Off,Off,Off,No,No,Yes,Yes,No,No,Yes,Yes,Often,Often,Often,Sometimes,Rarely,Sometimes,Often,Often,Often,Rarely,Sometimes,Often,Sometimes,Sometimes,cobia,Supportive,Agree,Disagree,Agree,Disagree,Agree,Somewhat disagree,Agree,Somewhat agree,Somewhat agree,Disagree,3.01,6.17,7.7,8.86,10,No,45 - 54,Male,,33629,Hillsborough,,"$100,000 or more",200,Not sure,Not sure,Not sure,"Complex
(lots of holes, edges, and hiding spots)",Sometimes,Not sure,Sometimes,Never
8/7/2026 11:09,8/7/2026 11:14,IP Address,100,274,TRUE,8/7/2026 11:14,R_3ksNLZ1ZKBMjzT5,email,Saltwater,EN,0.5,,I agree,About once a month,5 - 9 years,"Fishing for fun, sport, or relaxation",,"A boat, kayak, or canoe",Good,Off,Off,Off,Off,Off,Off,Off,Off,Off,Off,Off,Off,Off,Off,Off,Off,Off,Off,Off,Off,Off,Off,Off,Off,Off,Off,Off,Off,Off,Off,Off,Off,Off,Off,Off,Off,Off,Off,Off,Off,Off,Off,Off,Off,Off,Off,Off,On,Off,Off,Off,Off,Off,Off,On,Off,Off,Off,Off,Off,On,On,Off,On,On,On,On,On,On,On,Off,Off,On,On,On,Off,Yes,No,No,No,Yes,No,Yes,No,Sometimes,Often,Often,Often,Often,Often,Sometimes,Often,Often,Rarely,Rarely,Often,Often,Often,,Supportive,Somewhat agree,Disagree,Somewhat agree,Disagree,Somewhat agree,Strongly disagree,Strongly agree,Disagree,Agree,Strongly disagree,9.14,0.99,9.39,9.39,6.42,Yes,65 or older,Male,,,Manatee,,,,Not sure,"Medium
(less than 1 acre)","Deep
(20 ft. or more)","Complex
(lots of holes, edges, and hiding spots)",Often,Sometimes,Often,Not sure
8/7/2026 11:01,8/7/2026 11:14,IP Address,100,829,TRUE,8/7/2026 11:14,R_1DWBJ8cXBwGeIZH,email,Saltwater,EN,1,,I agree,A few times,10 - 19 years,"Fishing for fun, sport, or relaxation",,"A boat, kayak, or canoe",Good,Off,Off,Off,Off,Off,Off,Off,Off,Off,Off,Off,Off,Off,Off,Off,Off,Off,Off,Off,Off,Off,Off,Off,Off,Off,Off,Off,Off,Off,Off,Off,Off,Off,Off,Off,Off,Off,Off,Off,Off,Off,Off,Off,Off,Off,Off,Off,Off,Off,Off,Off,Off,Off,Off,Off,Off,Off,Off,On,Off,Off,Off,Off,On,On,On,Off,On,On,On,On,Off,Off,Off,Off,Off,No,No,No,No,No,No,No,No,Sometimes,Sometimes,Often,Rarely,Rarely,Sometimes,Sometimes,Often,Often,Rarely,Sometimes,Rarely,Rarely,Sometimes,"whiting, pompano",Supportive,Agree,Disagree,Somewhat agree,Somewhat agree,Somewhat agree,Somewhat agree,Somewhat agree,Somewhat agree,Somewhat agree,Somewhat agree,0.97,7.46,8.8,6.59,7.62,No,65 or older,Male,,34209,Manatee,,"$100,000 or more",300,Not sure,"Medium
(less than 1 acre)","Deep
(20 ft. or more)",Not sure,Not sure,Sometimes,Sometimes,Not sure
8/7/2026 11:01,8/7/2026 11:23,IP Address,100,1332,TRUE,8/7/2026 11:23,R_7jU5WWgWLihzz7e,email,Saltwater,EN,1,,I agree,About once a week,10 - 19 years,"Fishing for fun, sport, or relaxation,Fishing for your own food",,"The shoreline or bank of a water body,A boat, kayak, or canoe",Excellent,Off,Off,Off,Off,Off,Off,On,Off,Off,Off,Off,On,Off,Off,Off,On,Off,On,Off,Off,Off,Off,Off,On,Off,Off,Off,Off,Off,Off,Off,Off,Off,Off,Off,Off,Off,Off,Off,On,On,Off,Off,Off,Off,Off,On,Off,Off,Off,Off,Off,Off,On,Off,Off,Off,Off,Off,Off,Off,Off,Off,Off,Off,Off,Off,Off,Off,Off,Off,Off,Off,Off,Off,Off,No,No,No,No,No,No,No,No,Sometimes,Always,Always,Rarely,Rarely,Often,Always,Always,Always,Rarely,Sometimes,Sometimes,Rarely,Sometimes,Flounder,Supportive,Somewhat agree,Somewhat disagree,Somewhat agree,Somewhat disagree,Somewhat agree,Somewhat agree,Agree,Somewhat agree,Somewhat agree,Somewhat agree,3.26,6.95,7.04,6.56,6.65,No,45 - 54,Male,,33707,Pinellas,,"$25,000 or less",25,Not sure,"Medium
(less than 1 acre)","Moderate
(10 - 20 ft.)","Moderate
(some nooks and crannies)",Not sure,Not sure,Not sure,Not sure
8/7/2026 11:20,8/7/2026 11:24,IP Address,100,237,TRUE,8/7/2026 11:24,R_5YslybyyQsODrT9,email,Saltwater,EN,1,,I agree,A few times,1 - 4 years,"Fishing for fun, sport, or relaxation",,"A boat, kayak, or canoe",Good,Off,Off,Off,On,On,On,Off,Off,Off,Off,Off,Off,Off,Off,Off,Off,On,On,Off,Off,Off,On,On,Off,Off,Off,Off,Off,Off,Off,Off,Off,Off,Off,Off,Off,Off,Off,Off,Off,Off,Off,Off,Off,Off,Off,Off,Off,Off,Off,Off,Off,Off,Off,Off,Off,Off,Off,Off,Off,Off,Off,Off,Off,Off,Off,Off,Off,Off,Off,Off,Off,On,Off,Off,Off,Yes,Yes,Yes,No,No,Yes,No,No,Rarely,Often,Often,Never,Never,Often,Always,Always,Always,Never,Sometimes,Often,Rarely,Never,,Supportive,Strongly agree,Strongly disagree,Strongly agree,Strongly agree,Strongly agree,Somewhat agree,Strongly agree,Disagree,Strongly agree,Strongly disagree,2.74,6.45,6.93,10,10,No,25 - 34,Male,,34638,Pasco,,"$100,000 or more",15,,,,,,,,
8/7/2026 11:15,8/7/2026 11:27,IP Address,100,703,TRUE,8/7/2026 11:27,R_3Pz666T9uln8Fhf,email,Saltwater,EN,1,,I agree,About once a week,10 - 19 years,"Fishing for fun, sport, or relaxation",,"A boat, kayak, or canoe",Excellent,Off,Off,Off,Off,Off,Off,Off,Off,Off,Off,Off,Off,Off,Off,Off,Off,On,On,Off,Off,Off,Off,On,On,Off,On,On,Off,Off,Off,On,On,On,On,Off,On,On,On,On,Off,Off,Off,On,On,On,On,Off,Off,On,On,On,On,Off,Off,Off,On,On,On,Off,Off,On,On,On,Off,Off,Off,Off,Off,Off,Off,Off,Off,Off,Off,Off,Off,Yes,Yes,Yes,Yes,Yes,No,No,Yes,Sometimes,Sometimes,Often,Often,Often,Often,Often,Rarely,Often,Rarely,Sometimes,Often,Often,Rarely,Mackerel ,Supportive,Agree,Somewhat disagree,Somewhat agree,Disagree,Somewhat agree,Somewhat agree,Somewhat agree,Somewhat agree,Somewhat disagree,Somewhat agree,8.17,5.01,3.29,3.29,3.14,No,55 - 64,Male,,33572,Hillsborough,,"$100,000 or more",700,"High
(5 ft. or more)","Large
(1 acre or more)","Moderate
(10 - 20 ft.)","Complex
(lots of holes, edges, and hiding spots)",Often,Rarely,Often,Never
8/7/2026 11:23,8/7/2026 11:29,IP Address,100,347,TRUE,8/7/2026 11:29,R_3n6po05FzZlsXox,email,Saltwater,EN,1,,I agree,About once a week,20 years or more,"Fishing for fun, sport, or relaxation",,"A boat, kayak, or canoe",Excellent,Off,Off,Off,Off,Off,Off,Off,Off,Off,Off,Off,Off,Off,Off,Off,Off,Off,Off,Off,Off,Off,Off,Off,Off,Off,Off,Off,Off,Off,Off,Off,Off,Off,Off,Off,Off,Off,Off,Off,On,On,Off,Off,Off,Off,Off,On,On,Off,Off,Off,Off,Off,Off,On,On,Off,Off,Off,Off,On,On,On,On,Off,On,On,On,On,On,On,On,Off,Off,On,On,Yes,No,No,No,Yes,Yes,Yes,Yes,Always,Always,Always,Always,Always,Always,Always,Always,Always,Always,Always,Always,Always,Always,All panfish,Neutral,Strongly agree,Strongly disagree,Strongly agree,Strongly disagree,Strongly agree,Strongly agree,Strongly disagree,Strongly agree,Strongly disagree,Strongly agree,10,10,0,0.13,0.2,No,55 - 64,Male,,34202,Manatee,,"$100,000 or more",100,"Moderate
(2 - 4 ft.)","Small
(several square yards)","Shallow
(10 ft. or less)","Complex
(lots of holes, edges, and hiding spots)",Always,Sometimes,Always,Sometimes
8/7/2026 11:21,8/7/2026 11:29,IP Address,100,488,TRUE,8/7/2026 11:29,R_3Rh35WimXdfDv57,email,Saltwater,EN,1,,I agree,A few times,20 years or more,"Fishing for fun, sport, or relaxation,Fishing for your own food",,"The shoreline or bank of a water body,A fishing pier or boardwalk,A boat, kayak, or canoe",Fair,Off,Off,Off,Off,Off,Off,Off,Off,Off,Off,Off,Off,Off,On,On,Off,Off,Off,Off,On,On,Off,Off,Off,Off,Off,Off,Off,Off,Off,Off,Off,Off,Off,Off,Off,Off,On,On,Off,On,Off,Off,Off,On,On,Off,Off,Off,Off,Off,Off,Off,Off,Off,Off,Off,Off,Off,Off,Off,On,Off,Off,Off,Off,Off,Off,Off,Off,Off,Off,Off,Off,Off,Off,Yes,Yes,Yes,Yes,Yes,Yes,No,No,Sometimes,Sometimes,Often,Never,Rarely,Sometimes,Often,Never,Never,Sometimes,Sometimes,Often,Often,Rarely,,Supportive,Agree,Agree,Agree,Somewhat agree,Agree,Disagree,Strongly agree,Somewhat disagree,Agree,Disagree,1.83,5.22,0,10,10,No,55 - 64,Female,,33594,Hillsborough,,"$100,000 or more",500,Not sure,Not sure,Not sure,Not sure,Often,Not sure,Sometimes,Not sure
8/7/2026 11:31,8/7/2026 11:42,IP Address,100,659,TRUE,8/7/2026 11:42,R_6QozZSdZuCdcOME,email,Saltwater,EN,0.8999999761581421,,I agree,About once a month,20 years or more,Fishing for your own food,,"A boat, kayak, or canoe",Excellent,Off,Off,Off,Off,Off,Off,Off,Off,Off,Off,Off,Off,Off,Off,Off,Off,On,Off,Off,Off,Off,Off,On,Off,Off,Off,Off,Off,Off,On,Off,Off,Off,Off,Off,Off,Off,Off,Off,On,Off,Off,Off,Off,Off,Off,On,Off,Off,Off,Off,Off,Off,Off,Off,Off,Off,Off,Off,Off,Off,Off,Off,Off,Off,Off,Off,Off,Off,Off,Off,Off,Off,Off,On,On,Yes,Yes,No,Yes,No,Yes,Yes,No,Sometimes,Often,Often,Often,Often,Always,Always,Always,Always,Rarely,Always,Always,Always,Always,Pompano,Supportive,Strongly agree,Strongly disagree,Strongly agree,Strongly disagree,Strongly agree,Somewhat agree,Agree,Disagree,Agree,Somewhat disagree,0,5.21,2.96,2.92,10,Yes,65 or older,Male,,33702,Pinellas,,"$75,001 - $100,000",100,"Moderate
(2 - 4 ft.)","Medium
(less than 1 acre)","Moderate
(10 - 20 ft.)","Complex
(lots of holes, edges, and hiding spots)",Often,Sometimes,Often,Sometimes
8/7/2026 11:28,8/7/2026 11:43,IP Address,100,904,TRUE,8/7/2026 11:43,R_1XAdrxIwXcLxUY1,email,Saltwater,EN,1,,I agree,About once a week,1 - 4 years,"Fishing for fun, sport, or relaxation,Fishing for your own food",,"The shoreline or bank of a water body,A fishing pier or boardwalk,A boat, kayak, or canoe",Excellent,Off,Off,Off,Off,Off,Off,Off,Off,Off,Off,Off,Off,Off,Off,Off,Off,Off,Off,Off,Off,Off,Off,Off,Off,Off,Off,Off,Off,Off,Off,Off,Off,On,Off,Off,Off,Off,Off,On,On,On,Off,Off,Off,Off,Off,On,On,Off,Off,On,Off,On,On,Off,On,Off,Off,Off,Off,On,Off,Off,Off,Off,Off,On,Off,Off,On,Off,Off,Off,Off,Off,Off,Yes,No,No,Yes,No,No,No,No,Sometimes,Often,Often,Sometimes,Sometimes,Often,Sometimes,Sometimes,Always,Rarely,Sometimes,Sometimes,Sometimes,Often,Pompano ,Supportive,Strongly disagree,Disagree,Strongly disagree,Disagree,Agree,Somewhat agree,Somewhat agree,Somewhat agree,Somewhat agree,Somewhat agree,2.95,8.99,5.4,7.07,7.19,No,45 - 54,Female,,33573,Hillsborough,,"$25,000 or less",50,"Moderate
(2 - 4 ft.)","Small
(several square yards)","Shallow
(10 ft. or less)","Moderate
(some nooks and crannies)",Sometimes,Sometimes,Sometimes,Never
8/7/2026 11:48,8/7/2026 11:57,IP Address,100,529,TRUE,8/7/2026 11:57,R_394GyXV8Riemcp3,email,Saltwater,EN,1,,I agree,About once a week,20 years or more,"Fishing for fun, sport, or relaxation,Fishing for your own food",,"A boat, kayak, or canoe",Good,Off,Off,Off,Off,Off,Off,Off,Off,Off,Off,Off,Off,Off,Off,Off,Off,Off,Off,Off,Off,Off,Off,Off,Off,Off,Off,Off,Off,Off,Off,Off,Off,Off,Off,On,Off,Off,Off,Off,On,On,On,Off,Off,Off,Off,On,On,Off,Off,Off,Off,Off,Off,Off,Off,Off,Off,Off,Off,Off,Off,Off,Off,Off,Off,Off,Off,Off,Off,Off,Off,Off,Off,Off,Off,Yes,No,No,No,No,No,Yes,Yes,Rarely,Often,Often,Sometimes,Sometimes,Often,Sometimes,Often,Sometimes,Sometimes,Sometimes,Often,Sometimes,Rarely,Cobia,Supportive,Agree,Disagree,Agree,Disagree,Agree,Somewhat disagree,Strongly agree,Somewhat disagree,Somewhat disagree,Somewhat disagree,0.87,0.85,0.87,0.93,8.17,No,55 - 64,Female,,33711,Pinellas,,"$100,000 or more",150,"Low
(1 ft. or less)","Medium
(less than 1 acre)","Moderate
(10 - 20 ft.)","Moderate
(some nooks and crannies)",Sometimes,Rarely,Sometimes,Never
8/7/2026 12:18,8/7/2026 12:36,IP Address,100,1042,TRUE,8/7/2026 12:36,R_5fP3DWvUXchtj67,email,Saltwater,EN,1,,I agree,About once a week,5 - 9 years,"Fishing for fun, sport, or relaxation",,"A boat, kayak, or canoe",Excellent,Off,Off,Off,Off,Off,Off,Off,Off,Off,Off,Off,Off,Off,Off,Off,Off,Off,Off,Off,Off,Off,Off,Off,Off,Off,Off,Off,Off,Off,Off,Off,Off,Off,Off,Off,Off,Off,Off,Off,Off,Off,Off,Off,Off,Off,Off,Off,Off,Off,Off,Off,Off,Off,Off,Off,Off,Off,On,Off,Off,Off,On,On,Off,Off,Off,On,Off,On,On,Off,Off,Off,Off,Off,Off,No,No,No,Yes,Yes,No,No,No,Sometimes,Often,Always,Sometimes,Never,Rarely,Often,Sometimes,Often,Sometimes,Sometimes,Never,Never,Never,,Supportive,Somewhat disagree,Somewhat agree,Agree,Somewhat agree,Agree,Somewhat agree,Strongly agree,Disagree,Somewhat agree,Somewhat agree,3.72,5.94,4.78,9.14,5.19,No,55 - 64,Other description:,The tower boat guides are destroying g the fishing ,34211,Manatee,,"$100,000 or more",25,,,,,,,,
8/7/2026 12:31,8/7/2026 12:40,IP Address,100,560,TRUE,8/7/2026 12:40,R_5PVtZD5WDn97Jnj,email,Saltwater,EN,1,,I agree,About once a month,20 years or more,"Fishing for fun, sport, or relaxation",,"A boat, kayak, or canoe",Good,On,On,Off,On,On,On,Off,Off,On,On,Off,On,Off,Off,Off,On,Off,Off,Off,Off,Off,Off,On,On,Off,Off,Off,Off,On,On,On,On,Off,Off,On,Off,Off,Off,Off,Off,Off,Off,Off,Off,Off,Off,Off,Off,Off,Off,Off,Off,Off,Off,On,On,Off,Off,Off,Off,Off,Off,Off,On,Off,Off,Off,Off,Off,Off,Off,Off,Off,Off,Off,Off,No,No,Yes,Yes,Yes,No,No,No,Rarely,Often,Often,Sometimes,Rarely,Sometimes,Often,Often,Often,Often,Rarely,Rarely,Rarely,Never,,Supportive,Agree,Somewhat disagree,Somewhat agree,Somewhat disagree,Agree,Agree,Somewhat agree,Somewhat agree,Somewhat disagree,Somewhat disagree,0.9,0.88,0.88,7.95,8.04,No,45 - 54,Male,,33609,Hillsborough,,"$100,000 or more",50,"Moderate
(2 - 4 ft.)","Small
(several square yards)","Shallow
(10 ft. or less)","Simple
(mostly flat or smooth)",Not sure,Not sure,Not sure,Not sure
8/7/2026 12:48,8/7/2026 12:55,IP Address,100,462,TRUE,8/7/2026 12:55,R_71NFBQo0P2JifU5,email,Saltwater,EN,1,,I agree,About once a month,1 - 4 years,"Fishing for fun, sport, or relaxation",,"A boat, kayak, or canoe",Excellent,Off,Off,Off,Off,Off,Off,Off,Off,Off,Off,Off,Off,Off,Off,Off,Off,Off,Off,Off,Off,Off,Off,On,Off,Off,Off,Off,Off,On,On,Off,Off,Off,Off,On,Off,Off,Off,Off,On,On,Off,Off,Off,Off,Off,On,Off,Off,Off,On,Off,Off,Off,Off,Off,Off,On,Off,Off,Off,On,On,Off,Off,Off,Off,Off,Off,Off,Off,Off,On,On,Off,Off,Yes,No,No,Yes,No,No,No,No,Often,Often,Often,Rarely,Never,Sometimes,Always,Always,Always,Rarely,Rarely,Rarely,Rarely,Never,,Supportive,Strongly agree,Strongly disagree,Strongly agree,Disagree,Agree,Somewhat agree,Agree,Agree,Disagree,Somewhat agree,1.07,8.1,7.13,6.52,10,No,35 - 44,Male,,33778,Pinellas,,"$75,001 - $100,000",25,,,,,,,,
8/7/2026 10:37,8/7/2026 12:56,IP Address,100,8351,TRUE,8/7/2026 12:56,R_7QMp4yVY9l4Kc4I,email,Saltwater,EN,0.699999988,,I agree,About once a week,20 years or more,"Fishing for fun, sport, or relaxation,Fishing for your own food",,"The shoreline or bank of a water body,A fishing pier or boardwalk,A boat, kayak, or canoe",Good,Off,Off,Off,Off,Off,Off,Off,Off,Off,Off,Off,Off,Off,Off,Off,Off,Off,Off,Off,Off,Off,On,On,On,Off,Off,Off,Off,Off,On,Off,Off,Off,Off,Off,On,On,Off,Off,Off,On,Off,On,Off,Off,Off,Off,On,Off,Off,Off,Off,Off,On,On,On,Off,Off,On,On,On,Off,Off,Off,Off,Off,Off,Off,Off,Off,Off,Off,On,On,On,Off,Yes,Yes,Yes,Yes,Yes,Yes,Yes,Yes,Sometimes,Often,Often,Often,Sometimes,Often,Often,Often,Often,Sometimes,Sometimes,Often,Often,Rarely,,Supportive,Strongly agree,Strongly disagree,Strongly agree,Strongly disagree,Strongly agree,Strongly agree,Somewhat agree,Strongly agree,Somewhat agree,Strongly agree,10,10,10,5.28,0.11,No,55 - 64,Male,,33708,Pinellas,,"$100,000 or more",100,"Moderate
(2 - 4 ft.)","Small
(several square yards)","Deep
(20 ft. or more)","Moderate
(some nooks and crannies)",Sometimes,Sometimes,Often,Not sure
8/7/2026 10:25,8/7/2026 13:06,IP Address,100,9634,TRUE,8/7/2026 13:06,R_1YVzx0zCVJEEGIF,email,Saltwater,EN,1,,I agree,Many times a week,5 - 9 years,"Fishing for fun, sport, or relaxation",,"The shoreline or bank of a water body,A boat, kayak, or canoe",Excellent,On,On,On,On,Off,Off,Off,On,Off,Off,Off,Off,Off,Off,Off,Off,Off,On,Off,Off,Off,Off,Off,On,Off,Off,Off,Off,On,Off,Off,Off,Off,Off,On,Off,Off,Off,Off,On,On,On,Off,Off,Off,Off,On,Off,Off,Off,Off,Off,Off,On,Off,Off,Off,On,Off,Off,Off,On,On,On,Off,Off,On,On,On,On,On,On,On,On,On,On,Yes,No,No,Yes,Yes,No,No,No,Never,Often,Often,Never,Never,Sometimes,Always,Always,Always,Rarely,Never,Never,Never,Never,,Supportive,Somewhat agree,Somewhat disagree,Somewhat agree,Somewhat disagree,Somewhat agree,Strongly disagree,Strongly agree,Strongly disagree,Strongly agree,Strongly disagree,0,4.11,10,10,10,No,55 - 64,Male,,33765,Pinellas,,"$100,000 or more",30,,,,,,,,
8/7/2026 12:59,8/7/2026 13:06,IP Address,100,470,TRUE,8/7/2026 13:06,R_60TbrUChrrv7m4K,email,Saltwater,EN,0.8999999761581421,,I agree,About once a month,20 years or more,"Fishing for fun, sport, or relaxation,Fishing for your own food",,"A boat, kayak, or canoe",Excellent,Off,Off,Off,Off,Off,Off,Off,Off,Off,Off,Off,Off,Off,Off,Off,Off,Off,Off,Off,Off,Off,Off,Off,Off,Off,Off,Off,Off,Off,Off,Off,Off,Off,Off,Off,Off,Off,Off,On,On,Off,On,Off,Off,On,Off,On,On,Off,Off,On,Off,Off,On,On,On,On,On,Off,Off,On,On,Off,On,On,On,On,On,Off,Off,Off,Off,Off,On,On,On,Yes,Yes,Yes,Yes,Yes,Yes,Yes,Yes,Sometimes,Always,Always,Always,Always,Always,Always,Always,Always,Rarely,Sometimes,Always,Always,Sometimes,Kingfish,Supportive,Strongly agree,Strongly disagree,Agree,Strongly disagree,Strongly agree,Somewhat agree,Somewhat disagree,Somewhat disagree,Somewhat agree,Disagree,0.92,10,10,10,10,No,35 - 44,Male,,33811,Polk,,"$100,000 or more",50000,"Moderate
(2 - 4 ft.)","Medium
(less than 1 acre)","Deep
(20 ft. or more)","Moderate
(some nooks and crannies)",Always,Not sure,Always,Not sure
8/7/2026 13:01,8/7/2026 13:09,IP Address,100,469,TRUE,8/7/2026 13:09,R_5PdQuh7E3GgcQUr,email,Saltwater,EN,1,,I agree,A few times,20 years or more,"Fishing for fun, sport, or relaxation",,"A boat, kayak, or canoe",Good,Off,Off,Off,Off,Off,Off,Off,Off,Off,Off,Off,Off,Off,Off,Off,Off,Off,Off,Off,Off,Off,Off,Off,Off,Off,Off,Off,Off,Off,Off,Off,Off,Off,Off,Off,Off,Off,Off,Off,Off,Off,Off,Off,Off,Off,Off,Off,On,Off,Off,Off,Off,Off,On,On,Off,Off,Off,On,Off,On,Off,Off,On,Off,Off,Off,Off,Off,Off,Off,Off,Off,Off,Off,Off,No,Yes,Yes,Yes,Yes,Yes,No,No,Sometimes,Sometimes,Often,Often,Often,Often,Sometimes,Sometimes,Sometimes,Often,Sometimes,Often,Often,Never,,Supportive,Agree,Somewhat disagree,Agree,Somewhat agree,Agree,Somewhat disagree,Agree,Somewhat disagree,Somewhat agree,Somewhat disagree,0.46,4.89,1.08,9.83,10,No,45 - 54,Male,,34689,Pinellas,,,,"High
(5 ft. or more)","Medium
(less than 1 acre)","Moderate
(10 - 20 ft.)","Complex
(lots of holes, edges, and hiding spots)",Sometimes,Sometimes,Often,Rarely
8/7/2026 12:09,8/7/2026 13:12,IP Address,100,3752,TRUE,8/7/2026 13:12,R_7dzmxAKsGTL8vR1,email,Saltwater,EN,1,,I agree,About once a week,1 - 4 years,"Fishing for fun, sport, or relaxation",,"The shoreline or bank of a water body,A fishing pier or boardwalk",Fair,On,On,Off,On,On,On,Off,Off,Off,Off,Off,Off,Off,Off,Off,Off,On,On,Off,Off,Off,Off,Off,Off,Off,Off,Off,Off,Off,Off,Off,Off,Off,Off,Off,Off,Off,Off,Off,On,Off,Off,Off,Off,Off,Off,On,Off,Off,Off,Off,Off,Off,On,Off,Off,Off,Off,Off,Off,Off,Off,Off,Off,Off,Off,Off,Off,Off,Off,Off,Off,Off,On,On,On,No,No,No,No,No,No,No,No,Rarely,Rarely,Often,Often,Often,Often,Rarely,Sometimes,Sometimes,Rarely,Often,Often,Rarely,Rarely,,Supportive,Strongly agree,Disagree,Agree,Disagree,Agree,Agree,Somewhat disagree,Somewhat disagree,Somewhat disagree,Somewhat disagree,4.94,4.97,10,10,10,No,35 - 44,Male,,33635,Hillsborough,,"$100,000 or more",20,Not sure,Not sure,Not sure,Not sure,Rarely,Rarely,Often,Never
8/7/2026 13:23,8/7/2026 13:35,IP Address,100,692,TRUE,8/7/2026 13:35,R_66JWLcMJaP2aXpD,email,Saltwater,EN,0.8999999761581421,,I agree,Many times a week,20 years or more,Fishing for your own food,,"A boat, kayak, or canoe",Good,Off,Off,Off,Off,Off,Off,Off,Off,Off,Off,Off,Off,Off,Off,Off,Off,Off,Off,Off,Off,Off,On,On,Off,Off,Off,Off,Off,Off,Off,Off,Off,Off,Off,Off,Off,Off,Off,Off,Off,Off,Off,Off,Off,Off,Off,Off,Off,Off,Off,Off,Off,Off,On,On,Off,Off,Off,Off,Off,Off,On,Off,Off,Off,Off,Off,Off,Off,Off,Off,Off,On,On,Off,Off,Yes,No,Yes,Yes,No,No,No,No,Rarely,Often,Sometimes,Rarely,Rarely,Often,Sometimes,Always,Always,Rarely,Sometimes,Sometimes,Rarely,Rarely,,Supportive,Agree,Disagree,Agree,Disagree,Agree,Disagree,Disagree,Somewhat agree,Somewhat agree,Disagree,6.21,8.13,3.03,0.96,1.01,No,65 or older,Male,,33772,Pinellas,,"$25,001 - $50,000",10,"Low
(1 ft. or less)","Medium
(less than 1 acre)","Deep
(20 ft. or more)",Not sure,Rarely,Sometimes,Often,Never
8/7/2026 13:44,8/7/2026 13:50,IP Address,100,322,TRUE,8/7/2026 13:50,R_5XLXUrWyHtP6JA5,email,Saltwater,EN,1,,I agree,About once a month,20 years or more,"Fishing for fun, sport, or relaxation",,"The shoreline or bank of a water body,A fishing pier or boardwalk,A boat, kayak, or canoe",Good,Off,Off,Off,Off,Off,Off,Off,Off,Off,Off,Off,On,Off,Off,Off,Off,Off,On,Off,Off,Off,Off,Off,On,Off,Off,Off,Off,Off,Off,Off,Off,Off,Off,Off,Off,Off,Off,Off,Off,Off,Off,Off,Off,Off,Off,Off,Off,Off,Off,Off,Off,Off,Off,Off,Off,Off,Off,Off,Off,Off,Off,Off,Off,Off,Off,Off,Off,Off,Off,Off,Off,Off,On,Off,On,No,No,No,No,No,No,No,No,Rarely,Sometimes,Often,Never,Never,Sometimes,Often,Often,Often,Rarely,Often,Often,Sometimes,Sometimes,,Supportive,Strongly agree,Disagree,Somewhat agree,Somewhat agree,Strongly agree,Agree,Somewhat agree,Somewhat agree,Somewhat agree,Somewhat agree,8.9,4.61,3.01,2.23,1.59,No,45 - 54,Male,,33616,Hillsborough,,"$100,000 or more",30,,,,,,,,
8/7/2026 14:10,8/7/2026 14:19,IP Address,100,496,TRUE,8/7/2026 14:19,R_6FhpXs5H3Hgdcf6,email,Saltwater,EN,1,,I agree,Many times a week,20 years or more,"Fishing for fun, sport, or relaxation,Something else:","Fun,Sport,Food,Relaxation ",The shoreline or bank of a water body,Good,Off,Off,Off,Off,Off,Off,Off,Off,Off,Off,Off,On,Off,Off,Off,On,On,On,On,Off,Off,On,On,On,On,Off,Off,Off,On,On,Off,Off,Off,Off,On,Off,Off,Off,Off,Off,On,On,Off,Off,Off,Off,Off,Off,Off,Off,Off,Off,Off,Off,Off,Off,Off,Off,Off,Off,Off,Off,Off,Off,Off,Off,Off,Off,Off,Off,Off,Off,Off,Off,Off,Off,No,Yes,No,Yes,No,Yes,No,Yes,Sometimes,Often,Often,Sometimes,Sometimes,Often,Always,Often,Often,Sometimes,Sometimes,Often,Often,Sometimes,,Supportive,Agree,Somewhat disagree,Agree,Somewhat disagree,Agree,Disagree,Agree,Somewhat agree,Strongly agree,Disagree,0.82,2.97,2.82,10,10,No,35 - 44,Male,,33702,Pinellas,,"$25,001 - $50,000",100,"High
(5 ft. or more)","Small
(several square yards)","Shallow
(10 ft. or less)","Moderate
(some nooks and crannies)",Often,Sometimes,Often,Never
8/7/2026 14:14,8/7/2026 14:24,IP Address,100,637,TRUE,8/7/2026 14:24,R_14w94faf9z4jPQu,email,Saltwater,EN,1,,I agree,About once a month,10 - 19 years,"Fishing for fun, sport, or relaxation",,"A boat, kayak, or canoe",Excellent,Off,Off,Off,Off,Off,Off,Off,Off,Off,Off,Off,Off,Off,Off,Off,Off,Off,Off,Off,Off,Off,Off,Off,Off,Off,Off,Off,Off,Off,Off,Off,Off,Off,Off,Off,Off,Off,Off,Off,On,On,On,Off,Off,Off,Off,On,On,On,Off,Off,Off,Off,On,On,Off,Off,Off,Off,Off,Off,Off,Off,Off,Off,Off,Off,Off,Off,Off,Off,Off,Off,Off,Off,Off,No,No,Yes,Yes,No,No,No,No,Rarely,Often,Often,Often,Sometimes,Sometimes,Often,Often,Often,Sometimes,Rarely,Often,Rarely,Never,,Supportive,Agree,Disagree,Somewhat agree,Disagree,Agree,Somewhat disagree,Somewhat agree,Somewhat agree,Somewhat agree,Somewhat disagree,1.87,1.85,0.87,8.14,10,No,65 or older,Male,,33715,Pinellas,,,50,"Moderate
(2 - 4 ft.)","Medium
(less than 1 acre)","Moderate
(10 - 20 ft.)","Complex
(lots of holes, edges, and hiding spots)",Often,Rarely,Sometimes,Never
8/7/2026 14:22,8/7/2026 14:28,IP Address,100,393,TRUE,8/7/2026 14:28,R_5HkvVkcu9WykphB,email,Saltwater,EN,1,,I agree,About once a week,20 years or more,"Fishing for fun, sport, or relaxation,Fishing for your own food",,"A boat, kayak, or canoe",Excellent,Off,Off,Off,Off,Off,Off,Off,Off,Off,Off,Off,Off,Off,Off,Off,Off,Off,Off,Off,Off,Off,Off,Off,Off,Off,Off,Off,Off,Off,Off,Off,Off,Off,Off,Off,Off,Off,Off,Off,On,Off,Off,Off,Off,Off,Off,Off,Off,Off,Off,Off,Off,Off,Off,Off,Off,Off,Off,Off,Off,Off,Off,Off,Off,Off,Off,Off,Off,Off,Off,Off,Off,On,On,On,On,No,No,No,No,No,No,No,No,Sometimes,Sometimes,Always,Never,Never,Often,Always,Never,Always,Always,Never,Sometimes,Never,Never,,Supportive,Somewhat agree,Somewhat disagree,Somewhat agree,Somewhat disagree,Somewhat agree,Somewhat agree,Strongly agree,Somewhat agree,Somewhat disagree,Somewhat agree,5.07,4.92,4.86,6.16,5.32,Yes,35 - 44,Male,,33710,Pinellas,,"$100,000 or more",20,,,,,,,,
8/7/2026 14:13,8/7/2026 14:19,IP Address,100,408,TRUE,8/7/2026 14:34,R_31i7l7W4lRu0Zot,email,Saltwater,EN,1,,I agree,About once a month,1 - 4 years,"Fishing for fun, sport, or relaxation,Fishing for your own food",,The shoreline or bank of a water body,Good,Off,Off,Off,Off,Off,Off,Off,Off,Off,On,Off,Off,Off,Off,Off,On,On,Off,Off,Off,Off,Off,On,Off,Off,Off,Off,Off,Off,Off,Off,Off,Off,Off,Off,Off,Off,Off,Off,On,On,Off,Off,Off,Off,Off,On,On,Off,Off,Off,Off,Off,On,Off,Off,Off,Off,Off,Off,On,On,On,On,Off,On,On,On,On,On,On,On,Off,Off,Off,Off,Yes,Yes,Yes,Yes,No,Yes,No,No,Sometimes,Often,Often,Sometimes,Sometimes,Often,Often,Often,Often,Rarely,Sometimes,Often,Rarely,Often,Pompano,Supportive,Agree,Somewhat agree,Disagree,Strongly agree,Somewhat agree,Strongly disagree,Somewhat agree,Strongly disagree,Somewhat agree,Somewhat disagree,0,10,10,10,10,No,25 - 34,Male,,34208,Manatee,,"$75,001 - $100,000",30,"Moderate
(2 - 4 ft.)","Small
(several square yards)",Not sure,Not sure,Often,Not sure,Often,Rarely
8/7/2026 14:28,8/7/2026 14:45,IP Address,100,971,TRUE,8/7/2026 14:45,R_6PzHTXMhT7o1lPc,email,Saltwater,EN,1,,I agree,A few times,1 - 4 years,"Fishing for fun, sport, or relaxation",,"A boat, kayak, or canoe",Excellent,Off,Off,On,On,On,Off,Off,Off,Off,Off,Off,Off,Off,Off,Off,Off,Off,Off,Off,Off,Off,Off,Off,Off,Off,Off,Off,Off,Off,Off,Off,Off,Off,Off,Off,Off,Off,Off,Off,Off,On,Off,Off,Off,Off,Off,Off,On,Off,Off,Off,Off,Off,Off,On,On,Off,Off,Off,On,On,On,Off,Off,On,On,On,On,On,On,Off,Off,Off,Off,Off,Off,No,Yes,No,Yes,Yes,Yes,Yes,No,Sometimes,Sometimes,Sometimes,Sometimes,Rarely,Sometimes,Rarely,Sometimes,Sometimes,Never,Never,Sometimes,Sometimes,Never,,Supportive,Somewhat agree,Somewhat agree,Somewhat agree,Somewhat agree,Somewhat agree,Strongly disagree,Strongly agree,Somewhat agree,Somewhat agree,Strongly disagree,0.04,10,0,0,0,No,55 - 64,Female,,34653,Pasco,,"$25,001 - $50,000",50,Not sure,Not sure,"Moderate
(10 - 20 ft.)","Moderate
(some nooks and crannies)",Not sure,Not sure,Sometimes,Not sure
8/7/2026 15:29,8/7/2026 15:38,IP Address,100,508,TRUE,8/7/2026 15:38,R_7kLnOPXF0YODr6J,email,Saltwater,EN,0.6000000238418579,,I agree,A few times,5 - 9 years,"Fishing for fun, sport, or relaxation",,"A boat, kayak, or canoe",Good,Off,On,Off,Off,Off,Off,Off,Off,Off,Off,Off,Off,Off,Off,Off,Off,Off,Off,Off,Off,Off,Off,Off,Off,Off,Off,Off,Off,Off,Off,Off,Off,Off,Off,Off,Off,Off,Off,Off,Off,Off,Off,Off,Off,Off,Off,Off,Off,Off,Off,Off,Off,Off,Off,Off,Off,Off,Off,Off,Off,Off,Off,Off,Off,Off,Off,Off,Off,Off,Off,Off,Off,On,On,On,On,No,No,No,No,No,No,Yes,No,Rarely,Often,Often,Sometimes,Rarely,Sometimes,Sometimes,Often,Often,Sometimes,Rarely,Rarely,Never,Never,,Supportive,Strongly agree,Disagree,Strongly agree,Disagree,Strongly agree,Somewhat agree,Somewhat agree,Agree,Somewhat agree,Somewhat agree,1.42,3.54,5.49,7.04,9.25,No,55 - 64,Male,,34698,Pinellas,,"$100,000 or more",50,Not sure,Not sure,"Moderate
(10 - 20 ft.)","Moderate
(some nooks and crannies)",Sometimes,Sometimes,Often,Never
8/7/2026 15:33,8/7/2026 15:52,IP Address,100,1151,TRUE,8/7/2026 15:52,R_6r5UAwjT2OOZtFT,email,Saltwater,EN,1,,I agree,About once a week,20 years or more,"Fishing for fun, sport, or relaxation",,"The shoreline or bank of a water body,A boat, kayak, or canoe",Excellent,Off,Off,Off,Off,Off,Off,Off,Off,Off,Off,Off,Off,Off,Off,Off,Off,Off,Off,Off,Off,Off,Off,Off,Off,Off,Off,Off,Off,Off,Off,Off,Off,Off,Off,Off,Off,On,On,Off,On,On,Off,On,On,Off,Off,On,On,On,On,Off,Off,Off,On,On,On,Off,Off,On,On,On,On,Off,On,On,On,On,On,On,On,Off,Off,On,On,On,On,Yes,No,No,No,Yes,No,No,Yes,Never,Often,Often,Often,Often,Often,Often,Often,Often,Often,Often,Often,Sometimes,Sometimes,King Mackeral,Neutral,Agree,Disagree,Agree,Disagree,Agree,Somewhat disagree,Agree,Disagree,Disagree,Disagree,1.92,9.17,9.24,1.94,0.13,No,65 or older,Male,,33708,Pinellas,,"$100,000 or more",300,"Low
(1 ft. or less)","Small
(several square yards)","Shallow
(10 ft. or less)","Moderate
(some nooks and crannies)",Sometimes,Never,Sometimes,Never
8/7/2026 15:48,8/7/2026 16:02,IP Address,100,831,TRUE,8/7/2026 16:02,R_5SGkgBvQwiUK4OH,email,Saltwater,EN,0.800000012,,I agree,About once a week,1 - 4 years,Fishing for your own food,,A fishing pier or boardwalk,Good,Off,Off,Off,Off,Off,Off,Off,Off,Off,Off,Off,Off,Off,Off,Off,Off,Off,Off,Off,Off,Off,Off,Off,Off,Off,Off,Off,Off,Off,Off,Off,Off,Off,Off,Off,Off,Off,Off,Off,Off,On,Off,Off,Off,Off,Off,Off,Off,Off,Off,Off,Off,Off,Off,Off,Off,Off,Off,Off,Off,Off,Off,Off,Off,Off,Off,Off,Off,Off,Off,Off,Off,Off,Off,Off,Off,Yes,No,No,No,No,No,No,Yes,Never,Never,Never,Never,Never,Always,Never,Never,Never,Never,Never,Never,Never,Always,Pompano,Neutral,Somewhat agree,Somewhat agree,Somewhat agree,Somewhat agree,Somewhat agree,Somewhat agree,Somewhat agree,Somewhat agree,Somewhat agree,Somewhat agree,5.03,10,0.76,10,10,No,55 - 64,Male,,33572,Hillsborough,,"$100,000 or more",100,,,,,,,,
8/7/2026 16:07,8/7/2026 16:17,IP Address,100,558,TRUE,8/7/2026 16:17,R_6q4Pl3pndles2ml,email,Saltwater,EN,1,,I agree,About once a month,20 years or more,"Fishing for fun, sport, or relaxation",,"A boat, kayak, or canoe",Good,Off,Off,Off,Off,Off,Off,Off,Off,Off,Off,Off,Off,Off,Off,Off,Off,Off,Off,Off,Off,Off,On,On,Off,Off,Off,Off,Off,On,On,Off,Off,Off,Off,On,Off,Off,Off,Off,On,On,Off,Off,Off,Off,Off,Off,On,Off,Off,Off,Off,Off,Off,On,Off,Off,Off,Off,Off,On,On,Off,Off,Off,Off,Off,Off,Off,Off,Off,Off,Off,Off,Off,On,Yes,Yes,Yes,Yes,Yes,No,Yes,Yes,Rarely,Often,Often,Sometimes,Rarely,Often,Often,Often,Often,Often,Sometimes,Sometimes,Sometimes,Sometimes,sharks,Supportive,Agree,Disagree,Agree,Disagree,Agree,Somewhat agree,Agree,Somewhat agree,Somewhat agree,Somewhat disagree,0.94,1.8,2.48,7.99,10,No,55 - 64,Male,,33704,Pinellas,,"$100,000 or more",100,"Moderate
(2 - 4 ft.)","Medium
(less than 1 acre)","Moderate
(10 - 20 ft.)","Moderate
(some nooks and crannies)",Sometimes,Sometimes,Often,Never
8/7/2026 16:07,8/7/2026 16:17,IP Address,100,564,TRUE,8/7/2026 16:17,R_6WuIHv4DsIHaNDS,email,Saltwater,EN,1,,I agree,Many times a week,20 years or more,"Fishing for fun, sport, or relaxation",,"The shoreline or bank of a water body,A fishing pier or boardwalk,A boat, kayak, or canoe",Fair,Off,Off,Off,Off,Off,Off,Off,Off,Off,Off,Off,Off,Off,Off,Off,Off,Off,Off,On,On,Off,Off,On,On,On,On,On,Off,Off,On,On,On,On,On,On,On,On,On,On,On,On,On,On,On,On,Off,On,On,On,On,On,Off,Off,On,On,On,On,On,On,On,On,On,Off,On,On,On,On,On,On,On,On,On,Off,On,On,On,Yes,Yes,Yes,Yes,No,No,No,Yes,Often,Often,Always,Rarely,Rarely,Sometimes,Sometimes,Often,Rarely,Never,Rarely,Rarely,Often,Often,Really anything that bites. We rarely keep anything.,Supportive,Somewhat agree,Disagree,Agree,Disagree,Agree,Strongly disagree,Strongly agree,Strongly disagree,Strongly agree,Strongly disagree,0.71,0.73,5.01,10,10,No,35 - 44,Female,,,Polk,,"$100,000 or more",350,Not sure,Not sure,Not sure,Not sure,Not sure,Not sure,Not sure,Not sure
8/7/2026 16:15,8/7/2026 16:27,IP Address,100,724,TRUE,8/7/2026 16:27,R_7dAeR08QqM9KGM5,email,Saltwater,EN,1,,I agree,A few times,5 - 9 years,"Fishing for fun, sport, or relaxation,Fishing for your own food",,"A boat, kayak, or canoe",Fair,Off,Off,Off,Off,Off,Off,Off,Off,Off,Off,Off,Off,Off,Off,Off,Off,Off,Off,Off,Off,Off,Off,Off,Off,Off,Off,Off,Off,Off,On,On,On,Off,Off,Off,On,On,Off,Off,On,On,On,On,Off,Off,Off,On,On,On,Off,Off,Off,Off,On,On,On,Off,Off,On,On,Off,Off,Off,On,On,Off,Off,Off,Off,Off,Off,Off,Off,Off,Off,Off,Yes,Yes,No,Yes,No,No,No,No,Rarely,Sometimes,Sometimes,Often,Sometimes,Sometimes,Sometimes,Often,Rarely,Rarely,Often,Often,Sometimes,Sometimes,hogfish,Supportive,Agree,Somewhat disagree,Somewhat agree,Somewhat disagree,Agree,Somewhat disagree,Somewhat disagree,Somewhat disagree,Somewhat disagree,Somewhat disagree,8.11,4.14,2.8,10,8.55,No,55 - 64,Female,,33603,Hillsborough,,"$75,001 - $100,000",60,Not sure,Not sure,"Deep
(20 ft. or more)","Moderate
(some nooks and crannies)",Sometimes,Not sure,Sometimes,Never
8/7/2026 16:08,8/7/2026 16:31,IP Address,100,1389,TRUE,8/7/2026 16:31,R_1hiNnh3WpfpVW9z,email,Saltwater,EN,1,,I agree,A few times,5 - 9 years,"Fishing for fun, sport, or relaxation",,"A boat, kayak, or canoe",Excellent,Off,Off,Off,Off,Off,Off,Off,Off,Off,Off,Off,Off,Off,Off,Off,Off,Off,Off,Off,Off,Off,Off,Off,Off,Off,Off,Off,Off,Off,Off,Off,Off,Off,Off,Off,Off,Off,Off,Off,Off,Off,Off,Off,Off,Off,Off,Off,Off,Off,Off,Off,Off,Off,On,On,On,Off,Off,On,Off,On,Off,Off,On,Off,On,On,On,Off,Off,Off,Off,Off,Off,Off,Off,Yes,No,No,No,No,No,Yes,Yes,Rarely,Sometimes,Sometimes,Often,Sometimes,Sometimes,Sometimes,Sometimes,Sometimes,Often,Sometimes,Often,Often,Rarely,,Supportive,Agree,Disagree,Agree,Disagree,Agree,Somewhat agree,Somewhat agree,Somewhat agree,Somewhat agree,Disagree,1.92,1.93,1.97,1.92,8.45,No,55 - 64,Male,,34208,Manatee,,"$100,000 or more",800,"High
(5 ft. or more)",Not sure,"Deep
(20 ft. or more)","Complex
(lots of holes, edges, and hiding spots)",Sometimes,Sometimes,Sometimes,Sometimes
8/7/2026 16:37,8/7/2026 16:48,IP Address,100,681,TRUE,8/7/2026 16:48,R_1ONNquEyEXGrL2j,email,Saltwater,EN,1,,I agree,About once a month,20 years or more,"Fishing for fun, sport, or relaxation",,"A boat, kayak, or canoe",Good,On,On,Off,Off,Off,Off,Off,Off,Off,Off,Off,Off,Off,Off,Off,Off,Off,On,Off,Off,Off,Off,Off,On,Off,Off,Off,Off,Off,Off,Off,Off,Off,Off,Off,Off,Off,Off,Off,On,Off,Off,Off,Off,Off,Off,On,Off,Off,Off,Off,Off,Off,On,Off,Off,Off,Off,Off,Off,Off,Off,Off,Off,Off,Off,Off,Off,Off,Off,Off,Off,Off,Off,Off,Off,Yes,No,No,Yes,No,No,No,No,Never,Often,Often,Sometimes,Sometimes,Often,Always,Always,Always,Rarely,Sometimes,Sometimes,Rarely,Never,,Supportive,Strongly agree,Strongly disagree,Strongly agree,Strongly disagree,Strongly agree,Somewhat disagree,Somewhat agree,Somewhat agree,Somewhat agree,Somewhat agree,0.47,0.48,0.56,4.32,10,No,55 - 64,Male,,33626,Hillsborough,,"$100,000 or more",,"High
(5 ft. or more)","Medium
(less than 1 acre)","Moderate
(10 - 20 ft.)","Complex
(lots of holes, edges, and hiding spots)",Often,Often,Sometimes,Never
8/7/2026 17:06,8/7/2026 17:21,IP Address,100,860,TRUE,8/7/2026 17:21,R_6Lh8zfAYwtwu0pJ,email,Saltwater,EN,1,,I agree,A few times,20 years or more,"Fishing for fun, sport, or relaxation,Fishing for your own food",,"The shoreline or bank of a water body,A fishing pier or boardwalk,A boat, kayak, or canoe",Excellent,Off,Off,Off,Off,Off,Off,Off,Off,Off,Off,Off,Off,Off,Off,Off,Off,Off,Off,Off,Off,Off,On,On,Off,Off,Off,Off,Off,On,On,Off,Off,Off,Off,On,Off,Off,Off,Off,On,On,On,Off,Off,Off,Off,On,Off,Off,Off,Off,Off,Off,Off,Off,Off,Off,Off,Off,Off,Off,Off,Off,Off,Off,Off,Off,Off,Off,Off,Off,Off,On,On,On,On,Yes,Yes,Yes,Yes,Yes,Yes,Yes,No,Never,Rarely,Often,Often,Rarely,Sometimes,Never,Often,Often,Never,Often,Often,Often,Sometimes,Blue Crab,Neutral,Agree,Disagree,Somewhat agree,Strongly disagree,Agree,Somewhat disagree,Strongly agree,Strongly disagree,Agree,Strongly disagree,0.31,8.08,9.17,10,10,No,45 - 54,Male,,33772,Pinellas,,"$100,000 or more",75,Not sure,Not sure,"Shallow
(10 ft. or less)","Complex
(lots of holes, edges, and hiding spots)",Not sure,Not sure,Not sure,Not sure
8/7/2026 17:18,8/7/2026 17:25,IP Address,100,405,TRUE,8/7/2026 17:25,R_70tPlrPPDz3fDVB,anonymous,Saltwater,EN,1,,I agree,About once a week,20 years or more,"Fishing for fun, sport, or relaxation",,"A boat, kayak, or canoe",Excellent,Off,Off,Off,Off,Off,Off,Off,Off,Off,Off,Off,Off,Off,Off,Off,Off,Off,Off,Off,Off,Off,Off,Off,Off,Off,Off,Off,Off,Off,Off,Off,Off,Off,Off,Off,Off,Off,Off,Off,Off,Off,Off,Off,Off,On,Off,Off,Off,Off,Off,On,On,Off,Off,On,On,On,On,On,On,On,On,On,On,On,On,On,On,On,On,On,Off,Off,Off,Off,Off,Yes,No,No,No,Yes,Yes,No,No,Rarely,Often,Often,Often,Sometimes,Often,Sometimes,Sometimes,Sometimes,Sometimes,Sometimes,Sometimes,Sometimes,Never,,Supportive,Somewhat agree,Somewhat disagree,Somewhat agree,Somewhat disagree,Somewhat agree,Somewhat disagree,Agree,Somewhat agree,Agree,Disagree,0,0,0,0,10,No,55 - 64,Male,,34221,Manatee,,"$100,000 or more",600,"High
(5 ft. or more)","Small
(several square yards)","Moderate
(10 - 20 ft.)","Complex
(lots of holes, edges, and hiding spots)",Often,Often,Often,Sometimes
8/7/2026 17:52,8/7/2026 17:59,IP Address,100,460,TRUE,8/7/2026 17:59,R_6YrpbkMIEIw8Nc9,email,Saltwater,EN,1,,I agree,About once a month,20 years or more,"Fishing for fun, sport, or relaxation",,"A boat, kayak, or canoe",Good,Off,Off,Off,Off,Off,Off,Off,Off,Off,Off,Off,Off,Off,Off,Off,Off,Off,Off,Off,Off,Off,Off,Off,Off,Off,Off,Off,Off,Off,Off,Off,Off,Off,Off,Off,Off,Off,Off,Off,On,Off,Off,Off,Off,Off,Off,Off,Off,Off,Off,Off,Off,Off,On,On,Off,Off,Off,On,On,Off,Off,Off,Off,Off,Off,Off,Off,Off,Off,Off,Off,On,On,On,On,No,No,No,No,No,No,No,No,Never,Often,Sometimes,Often,Often,Sometimes,Sometimes,Often,Often,Never,Never,Often,Often,Never,,Supportive,Agree,Strongly disagree,Strongly agree,Strongly disagree,Agree,Strongly disagree,Strongly agree,Disagree,Strongly agree,Strongly disagree,0.44,9.66,9.68,10,10,No,65 or older,Male,,34685,Pinellas,,"$100,000 or more",200,"Moderate
(2 - 4 ft.)",Not sure,Not sure,Not sure,Not sure,Not sure,Sometimes,Not sure
8/7/2026 18:04,8/7/2026 18:14,IP Address,100,567,TRUE,8/7/2026 18:14,R_5s0b3Chy4j0sMGo,email,Saltwater,EN,1,,I agree,About once a month,20 years or more,"Fishing for fun, sport, or relaxation,Fishing for your own food",,"A boat, kayak, or canoe",Good,Off,Off,Off,Off,Off,Off,Off,Off,Off,Off,Off,Off,Off,Off,Off,Off,Off,Off,Off,On,On,Off,Off,Off,Off,On,On,Off,Off,Off,Off,Off,On,On,Off,Off,Off,On,On,Off,Off,Off,Off,On,On,On,Off,On,Off,Off,On,Off,Off,Off,On,On,On,On,Off,Off,On,On,Off,Off,Off,Off,Off,Off,Off,Off,Off,Off,Off,Off,Off,Off,Yes,No,Yes,Yes,Yes,Yes,No,Yes,Often,Always,Always,Sometimes,Sometimes,Always,Often,Often,Often,Never,Sometimes,Sometimes,Never,Sometimes,,Neutral,Agree,Somewhat disagree,Agree,Somewhat disagree,Agree,Strongly disagree,Strongly agree,Somewhat agree,Strongly agree,Strongly disagree,10,0.46,0.28,0.17,0.17,No,55 - 64,Male,,,Hillsborough,,"$100,000 or more",75,"Moderate
(2 - 4 ft.)","Medium
(less than 1 acre)","Moderate
(10 - 20 ft.)",Not sure,Often,Never,Sometimes,Never
8/7/2026 18:24,8/7/2026 18:29,IP Address,100,300,TRUE,8/7/2026 18:29,R_3viaFVVvryOR55i,email,Saltwater,EN,0.8999999761581421,,I agree,A few times,1 - 4 years,"Fishing for fun, sport, or relaxation,Fishing for your own food",,"The shoreline or bank of a water body,A fishing pier or boardwalk",Good,Off,Off,Off,Off,Off,Off,On,Off,Off,Off,Off,Off,Off,Off,Off,Off,Off,Off,Off,Off,Off,Off,Off,Off,Off,Off,Off,Off,Off,Off,Off,Off,Off,Off,Off,Off,Off,Off,Off,On,Off,Off,Off,Off,Off,Off,On,Off,Off,Off,Off,Off,Off,On,Off,Off,Off,Off,Off,Off,Off,On,Off,Off,Off,On,Off,Off,Off,Off,Off,Off,Off,Off,Off,Off,Yes,Yes,Yes,Yes,Yes,Yes,Yes,No,Sometimes,Sometimes,Often,Rarely,Sometimes,Often,Often,Sometimes,Often,Often,Often,Often,Sometimes,Always,Whatever bites,Supportive,Strongly agree,Somewhat disagree,Agree,Somewhat disagree,Somewhat agree,Somewhat agree,Somewhat agree,Somewhat agree,Somewhat disagree,Agree,5.23,5.3,0,3.83,0,No,25 - 34,Female,,34275,Sarasota,,"$25,001 - $50,000",30,Not sure,Not sure,Not sure,Not sure,Not sure,Not sure,Not sure,Sometimes
8/7/2026 18:21,8/7/2026 18:32,IP Address,100,698,TRUE,8/7/2026 18:32,R_6MmQMVcU9xTrK4F,email,Saltwater,EN,1,,I agree,About once a week,10 - 19 years,"Fishing for fun, sport, or relaxation,Fishing for your own food",,"A boat, kayak, or canoe",Excellent,Off,Off,Off,Off,Off,Off,Off,Off,Off,Off,Off,Off,Off,Off,Off,Off,Off,Off,Off,Off,Off,Off,Off,Off,Off,Off,Off,Off,Off,Off,Off,Off,Off,Off,Off,Off,Off,Off,Off,Off,Off,Off,Off,Off,Off,Off,Off,Off,Off,Off,Off,Off,Off,Off,Off,Off,Off,Off,On,Off,On,On,Off,On,Off,On,On,Off,Off,Off,Off,Off,Off,Off,Off,Off,No,No,No,No,No,No,Yes,No,Rarely,Always,Often,Rarely,Rarely,Sometimes,Sometimes,Always,Sometimes,Rarely,Sometimes,Rarely,Rarely,Never,,Supportive,Agree,Disagree,Agree,Disagree,Agree,Agree,Disagree,Somewhat agree,Disagree,Disagree,5.3,5.03,5.04,5.28,5.23,No,55 - 64,Male,,34221,Manatee,,"$25,001 - $50,000",75,Not sure,Not sure,Not sure,Not sure,Sometimes,Rarely,Never,Never
8/7/2026 18:40,8/7/2026 18:54,IP Address,100,811,TRUE,8/7/2026 18:54,R_7Fydv9CZ0MiqONJ,email,Saltwater,EN,1,,I agree,A few times,1 - 4 years,"Fishing for fun, sport, or relaxation",,"A boat, kayak, or canoe",Good,Off,On,Off,Off,Off,On,Off,Off,Off,Off,Off,Off,Off,Off,Off,Off,Off,Off,Off,Off,Off,Off,Off,Off,Off,Off,Off,Off,Off,Off,Off,Off,Off,Off,Off,Off,Off,Off,Off,Off,Off,Off,Off,Off,Off,Off,Off,Off,Off,Off,Off,Off,Off,Off,Off,Off,Off,Off,Off,Off,Off,On,Off,Off,Off,On,On,On,On,On,Off,Off,Off,On,On,Off,No,No,No,Yes,No,Yes,No,Yes,Often,Sometimes,Often,Sometimes,Sometimes,Often,Rarely,Sometimes,Often,Never,Sometimes,Sometimes,Rarely,Sometimes,"Pompano, Whitings",Supportive,Somewhat agree,Somewhat agree,Somewhat agree,Somewhat disagree,Somewhat agree,Somewhat disagree,Somewhat agree,Somewhat disagree,Somewhat agree,Somewhat disagree,1.82,0,0,7,6.93,No,55 - 64,Male,,33558,Polk,,"$100,000 or more",100,"Moderate
(2 - 4 ft.)","Medium
(less than 1 acre)","Moderate
(10 - 20 ft.)","Moderate
(some nooks and crannies)",Often,Rarely,Sometimes,Never
8/7/2026 18:24,8/7/2026 19:03,IP Address,100,2334,TRUE,8/7/2026 19:03,R_1M5sdLukozjdoCa,email,Saltwater,EN,1,,I agree,A few times,5 - 9 years,"Fishing for fun, sport, or relaxation",,"The shoreline or bank of a water body,A fishing pier or boardwalk",Good,Off,Off,Off,Off,Off,Off,Off,Off,Off,Off,Off,Off,Off,On,On,Off,Off,Off,Off,Off,On,Off,Off,Off,Off,Off,Off,Off,Off,Off,Off,Off,Off,Off,On,Off,Off,Off,Off,Off,Off,Off,Off,Off,Off,Off,Off,Off,Off,Off,Off,Off,Off,Off,Off,Off,Off,Off,Off,Off,Off,Off,Off,Off,Off,Off,Off,Off,Off,Off,Off,Off,Off,Off,Off,Off,No,No,No,No,No,No,No,No,Sometimes,Never,Sometimes,Never,Never,Sometimes,Sometimes,Rarely,Rarely,Rarely,Sometimes,Often,Sometimes,Never,No,Supportive,Somewhat disagree,Somewhat agree,Somewhat disagree,Somewhat agree,Somewhat disagree,Disagree,Disagree,Disagree,Strongly disagree,Strongly agree,2.58,10,1.64,10,10,Yes,55 - 64,Male,,33566,Hillsborough,,"$25,001 - $50,000",250,,,,,,,,
8/7/2026 20:04,8/7/2026 20:12,IP Address,100,482,TRUE,8/7/2026 20:12,R_5IoNiPS0xQI1E72,email,Saltwater,EN,1,,I agree,About once a month,10 - 19 years,"Fishing for fun, sport, or relaxation",,"A boat, kayak, or canoe",Good,Off,Off,Off,Off,Off,Off,Off,Off,Off,Off,Off,Off,Off,Off,Off,Off,Off,Off,Off,Off,Off,Off,Off,Off,Off,Off,Off,Off,Off,Off,Off,Off,Off,Off,Off,Off,Off,Off,Off,On,On,Off,Off,Off,Off,Off,On,On,Off,Off,Off,Off,Off,On,On,On,Off,Off,Off,Off,On,Off,Off,Off,Off,Off,Off,Off,Off,Off,Off,Off,Off,Off,Off,Off,No,Yes,Yes,Yes,No,No,No,No,Never,Always,Often,Often,Always,Always,Often,Always,Often,Rarely,Always,Always,Always,Sometimes,Permit,Supportive,Agree,Disagree,Strongly agree,Somewhat agree,Agree,Disagree,Strongly agree,Somewhat disagree,Strongly agree,Somewhat disagree,3,6.08,4.03,10,10,No,55 - 64,Female,,33710,Pinellas,,"$50,001 - $75,000",75,Not sure,"Small
(several square yards)","Deep
(20 ft. or more)","Complex
(lots of holes, edges, and hiding spots)",Always,Rarely,Always,Never
8/7/2026 20:33,8/7/2026 20:42,IP Address,100,554,TRUE,8/7/2026 20:42,R_7QheRqF426vkySg,email,Saltwater,EN,1,,I agree,About once a week,10 - 19 years,"Fishing for fun, sport, or relaxation,Fishing for your own food",,"A boat, kayak, or canoe",Fair,Off,Off,Off,Off,Off,Off,Off,Off,Off,Off,Off,Off,Off,Off,Off,Off,Off,Off,Off,On,Off,Off,Off,Off,Off,On,Off,Off,Off,Off,Off,Off,Off,Off,Off,Off,On,Off,On,Off,Off,Off,Off,Off,On,Off,On,Off,Off,Off,Off,Off,Off,Off,Off,On,On,Off,Off,On,Off,On,Off,Off,Off,Off,Off,Off,Off,Off,Off,Off,Off,Off,On,Off,Yes,No,Yes,Yes,Yes,Yes,No,No,Often,Often,Always,Sometimes,Rarely,Sometimes,Sometimes,Often,Always,Rarely,Always,Often,Sometimes,Always,Flounder and mackarel,Supportive,Agree,Disagree,Agree,Disagree,Agree,Disagree,Somewhat disagree,Somewhat disagree,Disagree,Somewhat disagree,1.43,4.15,8.21,8.27,8.99,No,55 - 64,Female,,33584,Hillsborough,,"$25,001 - $50,000",150,"High
(5 ft. or more)","Large
(1 acre or more)","Deep
(20 ft. or more)","Moderate
(some nooks and crannies)",Often,Rarely,Often,Never
8/7/2026 20:42,8/7/2026 20:55,IP Address,100,808,TRUE,8/7/2026 20:55,R_5MJBFHxCpR622NE,email,Saltwater,EN,1,,I agree,About once a week,20 years or more,"Fishing for fun, sport, or relaxation,Fishing for your own food",,"A fishing pier or boardwalk,A boat, kayak, or canoe",Excellent,Off,Off,Off,Off,Off,Off,Off,Off,Off,Off,Off,Off,Off,Off,Off,Off,Off,Off,Off,Off,Off,Off,Off,Off,Off,Off,Off,Off,Off,Off,Off,Off,Off,Off,Off,Off,Off,Off,Off,On,On,Off,Off,Off,Off,Off,On,On,Off,Off,Off,Off,Off,On,On,Off,Off,Off,On,On,On,On,Off,On,On,On,On,On,On,On,On,On,Off,Off,Off,Off,No,No,No,No,Yes,No,No,No,Sometimes,Sometimes,Rarely,Often,Often,Often,Sometimes,Sometimes,Sometimes,Rarely,Often,Always,Always,Always,Wahoo,Supportive,Agree,Disagree,Agree,Strongly disagree,Agree,Disagree,Agree,Somewhat disagree,Disagree,Somewhat disagree,0.04,1.91,4.7,8.13,10,No,45 - 54,Male,,34221,Manatee,,"$100,000 or more",400,"Moderate
(2 - 4 ft.)","Medium
(less than 1 acre)","Deep
(20 ft. or more)","Complex
(lots of holes, edges, and hiding spots)",Often,Often,Often,Rarely
8/7/2026 20:52,8/7/2026 21:00,IP Address,100,454,TRUE,8/7/2026 21:00,R_5BbKFj3HgP6RiWc,email,Saltwater,EN,1,,I agree,A few times,20 years or more,"Fishing for fun, sport, or relaxation,Fishing for your own food",,"A boat, kayak, or canoe",Fair,Off,Off,Off,Off,Off,Off,Off,Off,Off,Off,Off,Off,Off,Off,Off,Off,Off,Off,Off,Off,Off,Off,Off,Off,Off,Off,Off,Off,Off,Off,Off,Off,Off,Off,Off,Off,Off,Off,Off,Off,Off,Off,Off,Off,Off,Off,Off,Off,Off,Off,Off,Off,Off,Off,Off,Off,Off,Off,Off,Off,Off,Off,Off,On,On,On,On,On,On,Off,Off,Off,Off,Off,Off,Off,Yes,Yes,Yes,No,Yes,Yes,No,No,Never,Often,Often,Often,Sometimes,Sometimes,Rarely,Rarely,Rarely,Never,Often,Often,Never,Sometimes,Pompano,Supportive,Strongly agree,Disagree,Somewhat agree,Somewhat disagree,Somewhat agree,Strongly disagree,Agree,Disagree,Agree,Disagree,0.45,0.64,0.9,10,10,No,45 - 54,Male,,34293,Sarasota,,"$50,001 - $75,000",80,Not sure,"Large
(1 acre or more)","Moderate
(10 - 20 ft.)","Complex
(lots of holes, edges, and hiding spots)",Sometimes,Not sure,Sometimes,Never
8/7/2026 22:58,8/7/2026 23:05,IP Address,100,423,TRUE,8/7/2026 23:05,R_1lE9dyobaddKOJA,email,Saltwater,EN,1,,I agree,About once a month,1 - 4 years,"Fishing for fun, sport, or relaxation",,A fishing pier or boardwalk,Good,Off,Off,On,On,On,On,On,Off,Off,Off,Off,On,Off,Off,Off,On,Off,Off,Off,Off,Off,Off,Off,Off,Off,Off,Off,Off,Off,Off,Off,Off,Off,Off,Off,Off,Off,Off,Off,On,On,Off,Off,Off,Off,Off,On,Off,Off,Off,Off,Off,Off,On,Off,Off,Off,Off,Off,Off,Off,Off,Off,Off,Off,Off,Off,Off,Off,Off,Off,Off,On,On,On,Off,No,No,No,Yes,No,No,Yes,No,Sometimes,Sometimes,Often,Sometimes,Rarely,Often,Often,Sometimes,Sometimes,Sometimes,Often,Often,Never,Sometimes,,Supportive,Somewhat agree,Disagree,Agree,Disagree,Somewhat disagree,Somewhat disagree,Somewhat agree,Somewhat agree,Somewhat agree,Disagree,5.75,7.32,5.24,7.2,5.21,No,25 - 34,Female,,34653,Pasco,,"$50,001 - $75,000",50,Not sure,Not sure,Not sure,Not sure,Often,Not sure,Sometimes,Not sure
9/7/2026 1:37,9/7/2026 1:47,IP Address,100,594,TRUE,9/7/2026 1:47,R_8yD55i63uDAtGmt,email,Saltwater,EN,1,,I agree,A few times,10 - 19 years,"Fishing for fun, sport, or relaxation",,"A boat, kayak, or canoe",Excellent,Off,Off,Off,On,On,On,Off,Off,On,On,On,On,Off,Off,Off,On,On,On,Off,Off,Off,On,On,On,Off,Off,Off,Off,Off,Off,Off,Off,Off,Off,Off,Off,Off,Off,Off,Off,Off,Off,Off,Off,Off,Off,Off,Off,Off,Off,Off,Off,Off,Off,Off,Off,Off,Off,Off,Off,Off,Off,Off,Off,Off,Off,Off,Off,Off,Off,Off,Off,Off,Off,Off,Off,No,No,No,No,No,No,No,No,Rarely,Often,Rarely,Never,Rarely,Always,Always,Always,Sometimes,Rarely,Rarely,Often,Rarely,Never,,Supportive,Agree,Disagree,Agree,Disagree,Agree,Strongly disagree,Strongly agree,Strongly disagree,Strongly agree,Strongly disagree,0.88,2.19,5.96,10,10,No,55 - 64,Male,,33629,Hillsborough,,"$25,000 or less",250,"Moderate
(2 - 4 ft.)","Medium
(less than 1 acre)","Shallow
(10 ft. or less)","Simple
(mostly flat or smooth)",Not sure,Not sure,Sometimes,Never
9/7/2026 3:17,9/7/2026 3:24,IP Address,100,378,TRUE,9/7/2026 3:24,R_6B9B63ZhFYATJlG,email,Saltwater,EN,1,,I agree,About once a month,Less than a year,"Fishing for fun, sport, or relaxation",,"The shoreline or bank of a water body,A fishing pier or boardwalk",Fair,Off,Off,Off,Off,Off,Off,Off,Off,Off,Off,Off,Off,Off,Off,Off,Off,Off,Off,Off,Off,Off,Off,Off,Off,Off,Off,Off,Off,Off,Off,Off,Off,Off,Off,Off,Off,Off,Off,Off,Off,On,On,Off,Off,Off,Off,Off,Off,Off,Off,Off,Off,Off,Off,Off,Off,Off,Off,Off,Off,Off,On,Off,Off,Off,Off,Off,Off,Off,Off,Off,Off,Off,Off,Off,Off,No,No,Yes,No,Yes,No,No,No,Rarely,Rarely,Never,Rarely,Never,Rarely,Rarely,Rarely,Rarely,Sometimes,Sometimes,Sometimes,Sometimes,Often,"Sharks, Baracuda",Neutral,Somewhat agree,Somewhat disagree,Somewhat agree,Somewhat disagree,Somewhat agree,Somewhat disagree,Somewhat disagree,Somewhat agree,Somewhat disagree,Somewhat agree,4.99,7.14,3.92,3.87,7.22,No,35 - 44,Male,,33612,Hillsborough,,"$25,000 or less",75,,,,,,,,
9/7/2026 5:29,9/7/2026 5:36,IP Address,100,374,TRUE,9/7/2026 5:36,R_3SxDZkhc7Bxf6nf,email,Saltwater,EN,1,,I agree,About once a month,20 years or more,"Fishing for fun, sport, or relaxation",,"A boat, kayak, or canoe",Excellent,Off,Off,Off,Off,Off,Off,Off,Off,Off,Off,Off,Off,Off,Off,Off,Off,Off,Off,Off,Off,Off,Off,Off,Off,Off,Off,Off,Off,Off,Off,Off,Off,On,On,Off,Off,Off,On,On,Off,Off,Off,Off,Off,On,Off,Off,Off,Off,Off,On,Off,Off,Off,Off,Off,On,Off,On,Off,Off,On,Off,Off,Off,Off,Off,Off,Off,Off,Off,Off,Off,Off,Off,Off,No,No,No,Yes,Yes,Yes,No,No,Sometimes,Always,Always,Sometimes,Rarely,Always,Always,Always,Always,Sometimes,Sometimes,Often,Never,Rarely,,Neutral,Strongly agree,Somewhat disagree,Agree,Somewhat disagree,Agree,Disagree,Agree,Somewhat agree,Agree,Disagree,4.98,9.93,10,10,10,No,55 - 64,Male,,33572,Hillsborough,,"$100,000 or more",150,"High
(5 ft. or more)","Small
(several square yards)","Moderate
(10 - 20 ft.)","Complex
(lots of holes, edges, and hiding spots)",Often,Sometimes,Sometimes,Never
9/7/2026 6:59,9/7/2026 7:05,IP Address,100,368,TRUE,9/7/2026 7:05,R_3mCmSjxXTrvu6aT,email,Saltwater,EN,1,,I agree,A few times,10 - 19 years,"Fishing for fun, sport, or relaxation",,"A boat, kayak, or canoe",Good,Off,Off,Off,Off,Off,Off,Off,Off,Off,Off,Off,Off,Off,Off,Off,Off,Off,Off,Off,Off,Off,Off,Off,Off,Off,Off,Off,Off,Off,Off,Off,Off,Off,Off,Off,Off,Off,Off,Off,On,On,Off,Off,Off,Off,Off,On,On,Off,Off,Off,Off,Off,On,Off,Off,Off,Off,Off,Off,Off,Off,Off,On,Off,Off,Off,On,Off,Off,Off,Off,Off,Off,Off,Off,No,No,No,No,Yes,No,No,No,Never,Often,Often,Often,Never,Often,Always,Always,Never,Never,Never,Never,Never,Never,,Supportive,Agree,Disagree,Agree,Disagree,Agree,Agree,Agree,Disagree,Agree,Disagree,0.87,0.89,0.82,0.92,9.97,No,55 - 64,Male,,33884,Polk,,"$100,000 or more",100,,,,,,,,
9/7/2026 7:25,9/7/2026 7:34,IP Address,100,546,TRUE,9/7/2026 7:34,R_3esIPW8ZTvLpf88,email,Saltwater,EN,0.699999988,,I agree,A few times,10 - 19 years,"Fishing for fun, sport, or relaxation",,"A boat, kayak, or canoe",Good,Off,Off,Off,Off,Off,Off,Off,Off,Off,Off,Off,Off,Off,Off,Off,Off,Off,Off,Off,Off,Off,Off,Off,Off,Off,Off,Off,Off,Off,Off,Off,Off,Off,Off,Off,Off,Off,Off,Off,Off,Off,Off,Off,Off,Off,Off,Off,Off,Off,Off,Off,Off,Off,On,Off,Off,Off,Off,On,On,On,On,Off,On,On,On,On,On,On,Off,Off,Off,Off,Off,Off,Off,No,No,Yes,Yes,Yes,No,No,No,Sometimes,Often,Often,Sometimes,Often,Often,Often,Often,Often,Often,Sometimes,Sometimes,Sometimes,Often,Flounder,Supportive,Strongly agree,Disagree,Strongly agree,Disagree,Strongly agree,Agree,Strongly agree,Agree,Agree,Somewhat disagree,1.83,0.94,0.96,10,10,No,65 or older,Male,,34217,Manatee,,"$100,000 or more",100,Not sure,"Medium
(less than 1 acre)","Deep
(20 ft. or more)","Moderate
(some nooks and crannies)",Often,Often,Often,Never
8/7/2026 19:32,9/7/2026 8:07,IP Address,100,45281,TRUE,9/7/2026 8:07,R_6c9dVeJ5JRfCQoh,email,Saltwater,EN,1,,I agree,About once a month,20 years or more,"Fishing for fun, sport, or relaxation",,"A boat, kayak, or canoe",Excellent,Off,Off,Off,Off,Off,Off,Off,Off,Off,Off,Off,Off,Off,Off,Off,Off,Off,Off,Off,Off,Off,Off,Off,Off,Off,Off,Off,Off,Off,Off,Off,Off,Off,Off,Off,Off,Off,Off,Off,Off,Off,Off,Off,Off,Off,Off,Off,Off,Off,Off,Off,Off,Off,Off,Off,Off,On,On,Off,Off,On,On,On,On,On,On,On,On,On,On,Off,Off,Off,Off,Off,Off,No,No,No,No,No,No,No,No,Sometimes,Always,Often,Rarely,Never,Sometimes,Often,Often,Often,Sometimes,Rarely,Rarely,Never,Sometimes,Flounder,Supportive,Somewhat agree,Somewhat disagree,Somewhat agree,Somewhat agree,Somewhat agree,Strongly disagree,Strongly agree,Strongly disagree,Strongly agree,Strongly disagree,0,0,0,0,10,No,55 - 64,Male,,34209,Manatee,,"$75,001 - $100,000",50,,,,,,,,
9/7/2026 8:14,9/7/2026 8:24,IP Address,100,617,TRUE,9/7/2026 8:25,R_5JIBi81En1WWSeV,email,Saltwater,EN,1,,I agree,About once a month,20 years or more,"Fishing for fun, sport, or relaxation",,"A boat, kayak, or canoe",Good,Off,Off,Off,Off,Off,Off,Off,Off,Off,Off,Off,Off,Off,Off,Off,Off,Off,Off,Off,Off,Off,Off,Off,Off,Off,Off,Off,Off,Off,Off,Off,Off,Off,Off,On,Off,Off,Off,Off,On,On,On,Off,Off,On,Off,On,On,Off,Off,Off,On,On,On,On,On,On,On,On,On,On,On,On,On,On,On,On,Off,Off,Off,Off,Off,On,On,On,On,No,No,No,Yes,Yes,Yes,No,No,Never,Often,Often,Sometimes,Sometimes,Sometimes,Sometimes,Often,Often,Sometimes,Rarely,Sometimes,Rarely,Sometimes,,Supportive,Somewhat disagree,Somewhat agree,Somewhat agree,Somewhat agree,Somewhat disagree,Disagree,Agree,Somewhat agree,Agree,Disagree,8.76,5.41,3.14,0.89,9.91,No,55 - 64,Male,,33707,Pinellas,,"$100,000 or more",300,Not sure,Not sure,"Deep
(20 ft. or more)","Complex
(lots of holes, edges, and hiding spots)",Never,Never,Sometimes,Never
9/7/2026 8:17,9/7/2026 8:25,IP Address,100,481,TRUE,9/7/2026 8:25,R_6cnFim1UPw2LM5P,email,Saltwater,EN,1,,I agree,About once a week,20 years or more,"Fishing for fun, sport, or relaxation",,"A boat, kayak, or canoe",Good,Off,Off,Off,Off,Off,On,On,Off,Off,Off,Off,On,Off,Off,Off,Off,Off,On,Off,Off,Off,On,On,On,Off,Off,Off,Off,Off,Off,Off,Off,Off,Off,Off,Off,Off,Off,On,On,Off,Off,Off,Off,On,Off,On,Off,Off,Off,On,Off,Off,Off,Off,Off,Off,On,Off,Off,Off,On,Off,Off,Off,Off,Off,Off,Off,Off,Off,Off,Off,Off,Off,Off,No,No,No,No,No,Yes,No,Yes,Often,Often,Often,Sometimes,Sometimes,Often,Often,Often,Often,Rarely,Rarely,Rarely,Rarely,Never,,Neutral,Somewhat agree,Somewhat disagree,Somewhat agree,Somewhat disagree,Somewhat agree,Somewhat disagree,Somewhat agree,Somewhat disagree,Somewhat agree,Somewhat disagree,0.37,0.28,0.27,0.45,10,No,45 - 54,Male,,33545,Pasco,,"$100,000 or more",300,"Moderate
(2 - 4 ft.)","Large
(1 acre or more)","Moderate
(10 - 20 ft.)","Moderate
(some nooks and crannies)",Often,Rarely,Often,Rarely
9/7/2026 9:09,9/7/2026 9:18,IP Address,100,537,TRUE,9/7/2026 9:18,R_7ki9QDwupnYFKeX,email,Saltwater,EN,1,,I agree,About once a week,20 years or more,"Fishing for fun, sport, or relaxation",,The shoreline or bank of a water body,Excellent,On,Off,Off,Off,Off,Off,Off,Off,Off,Off,Off,Off,Off,Off,Off,Off,Off,Off,Off,Off,Off,Off,Off,Off,Off,Off,Off,Off,Off,Off,Off,Off,Off,Off,Off,Off,Off,Off,Off,Off,Off,Off,Off,Off,Off,Off,Off,Off,Off,Off,Off,Off,Off,Off,Off,Off,Off,Off,Off,Off,Off,Off,Off,Off,Off,Off,Off,Off,Off,Off,Off,Off,Off,Off,Off,Off,No,No,No,No,No,No,No,No,Sometimes,Sometimes,Always,Rarely,Sometimes,Sometimes,Sometimes,Sometimes,Sometimes,Never,Sometimes,Never,Sometimes,Never,,Supportive,Somewhat disagree,Disagree,Somewhat agree,Disagree,Agree,Disagree,Disagree,Somewhat agree,Somewhat agree,Somewhat agree,1.85,4.07,9.01,10,10,No,65 or older,Male,,34695,Pinellas,,"$75,001 - $100,000",100,Not sure,"Large
(1 acre or more)",Not sure,"Moderate
(some nooks and crannies)",Never,Rarely,Rarely,Never
9/7/2026 9:51,9/7/2026 10:01,IP Address,100,596,TRUE,9/7/2026 10:01,R_3Q4GcPrf1t4qkvL,email,Saltwater,EN,1,,I agree,About once a month,5 - 9 years,"Fishing for fun, sport, or relaxation",,"A boat, kayak, or canoe",Excellent,Off,On,Off,Off,On,On,Off,Off,On,Off,Off,Off,Off,Off,Off,On,Off,Off,Off,Off,Off,On,On,Off,Off,Off,Off,Off,On,On,Off,Off,Off,Off,On,On,Off,Off,Off,On,On,On,On,Off,Off,Off,On,On,Off,Off,Off,Off,Off,On,Off,Off,Off,Off,Off,Off,Off,Off,Off,Off,Off,Off,Off,Off,Off,Off,Off,Off,Off,Off,Off,Off,No,No,No,No,No,No,No,No,Rarely,Always,Sometimes,Sometimes,Sometimes,Sometimes,Rarely,Often,Often,Rarely,Sometimes,Often,Rarely,Sometimes,,Supportive,Somewhat agree,Somewhat disagree,Somewhat agree,Somewhat disagree,Somewhat agree,Somewhat agree,Somewhat disagree,Somewhat agree,Somewhat disagree,Somewhat agree,1.7,5.11,2.43,3.31,2.43,No,45 - 54,Male,,33703,Pinellas,,,30,"Moderate
(2 - 4 ft.)","Small
(several square yards)","Shallow
(10 ft. or less)","Moderate
(some nooks and crannies)",Rarely,Rarely,Sometimes,Rarely
9/7/2026 11:09,9/7/2026 11:17,IP Address,100,480,TRUE,9/7/2026 11:17,R_1kpoTMuFd7X6oxe,email,Saltwater,EN,1,,I agree,About once a week,20 years or more,Fishing for your own food,,"A boat, kayak, or canoe",Good,Off,Off,Off,Off,Off,Off,Off,Off,Off,Off,Off,Off,Off,Off,Off,Off,Off,Off,Off,Off,Off,Off,Off,Off,Off,Off,Off,Off,Off,Off,Off,Off,Off,Off,Off,Off,Off,Off,Off,Off,Off,Off,Off,On,On,Off,Off,On,Off,Off,On,Off,Off,Off,Off,Off,Off,Off,Off,Off,Off,On,Off,Off,Off,Off,Off,Off,Off,Off,Off,Off,Off,Off,Off,Off,No,No,No,No,No,No,Yes,No,Rarely,Often,Sometimes,Never,Sometimes,Rarely,Rarely,Often,Sometimes,Never,Rarely,Often,Rarely,Never,,Supportive,Somewhat agree,Disagree,Agree,Disagree,Agree,Somewhat agree,Somewhat agree,Agree,Disagree,Disagree,4.09,6.37,2.01,3.05,0.9,No,65 or older,Male,,33860,Polk,,"$100,000 or more",40,Not sure,Not sure,Not sure,Not sure,Not sure,Not sure,Not sure,Not sure
9/7/2026 11:12,9/7/2026 11:20,IP Address,100,479,TRUE,9/7/2026 11:20,R_5aOA4pDBBNmDq7j,email,Saltwater,EN,1,,I agree,A few times,1 - 4 years,"Fishing for fun, sport, or relaxation",,"A boat, kayak, or canoe",Fair,Off,Off,Off,Off,Off,Off,Off,Off,Off,Off,Off,Off,Off,Off,Off,Off,Off,Off,Off,Off,Off,Off,Off,Off,Off,Off,Off,Off,Off,Off,Off,Off,Off,Off,Off,Off,On,Off,Off,Off,Off,Off,On,On,Off,Off,Off,On,On,On,On,Off,Off,Off,On,On,On,Off,On,On,On,Off,Off,On,On,On,Off,On,On,Off,Off,Off,Off,Off,Off,Off,No,No,No,No,No,No,Yes,Yes,Rarely,Sometimes,Sometimes,Often,Often,Often,Sometimes,Sometimes,Sometimes,Sometimes,Never,Sometimes,Often,Sometimes,,Supportive,Agree,Disagree,Somewhat agree,Disagree,Agree,Strongly disagree,Strongly agree,Disagree,Agree,Disagree,1.65,1.64,2.1,9.11,9.63,No,45 - 54,Male,,33810,Polk,,"$100,000 or more",300,Not sure,"Large
(1 acre or more)","Deep
(20 ft. or more)","Complex
(lots of holes, edges, and hiding spots)",Often,Often,Sometimes,Not sure
9/7/2026 11:15,9/7/2026 11:26,IP Address,100,662,TRUE,9/7/2026 11:26,R_7ylrVmzx6InfPNd,email,Saltwater,EN,1,,I agree,A few times,20 years or more,"Fishing for fun, sport, or relaxation",,"A boat, kayak, or canoe",Good,Off,Off,Off,Off,Off,Off,Off,Off,Off,Off,Off,Off,Off,Off,Off,Off,Off,Off,Off,Off,Off,Off,Off,Off,Off,Off,Off,Off,Off,Off,Off,Off,Off,Off,Off,Off,Off,Off,Off,Off,Off,Off,Off,Off,Off,Off,Off,Off,Off,Off,On,On,Off,Off,Off,On,Off,On,Off,Off,On,On,On,On,On,On,On,On,On,On,On,On,Off,Off,Off,Off,No,Yes,Yes,Yes,Yes,Yes,No,Yes,Often,Often,Often,Often,Sometimes,Often,Often,Often,Often,Never,Rarely,Often,Often,Sometimes,Permit,Supportive,Somewhat agree,Disagree,Strongly agree,Strongly disagree,Strongly agree,Disagree,Agree,Agree,Agree,Somewhat agree,2.4,8.62,4.87,9.45,8.01,No,45 - 54,Male,,34221,Manatee,,"$75,001 - $100,000",150,"Low
(1 ft. or less)","Small
(several square yards)","Shallow
(10 ft. or less)","Moderate
(some nooks and crannies)",Rarely,Sometimes,Sometimes,Not sure
9/7/2026 11:29,9/7/2026 11:49,IP Address,100,1211,TRUE,9/7/2026 11:49,R_55MIgg6lUBeXrr7,email,Saltwater,EN,0.8999999761581421,,I agree,About once a month,20 years or more,"Fishing for fun, sport, or relaxation",,"The shoreline or bank of a water body,A boat, kayak, or canoe",Good,Off,Off,Off,Off,Off,Off,Off,Off,Off,Off,Off,Off,Off,Off,Off,Off,Off,Off,Off,Off,Off,Off,Off,Off,Off,Off,Off,Off,On,On,Off,Off,Off,Off,On,Off,Off,Off,Off,On,On,On,Off,Off,Off,Off,On,On,On,Off,Off,Off,Off,Off,On,On,Off,Off,Off,Off,Off,Off,Off,Off,Off,Off,Off,Off,Off,Off,Off,Off,Off,Off,Off,On,Yes,Yes,No,No,Yes,No,No,No,Never,Often,Often,Sometimes,Rarely,Often,Sometimes,Sometimes,Sometimes,Sometimes,Sometimes,Sometimes,Sometimes,Sometimes,Pompano,Supportive,Strongly agree,Disagree,Agree,Strongly disagree,Agree,Agree,Agree,Agree,Agree,Somewhat disagree,1.92,3.83,6.56,6.87,7.99,No,45 - 54,Male,,33703,Pinellas,,"$100,000 or more",100,Not sure,"Small
(several square yards)",Not sure,Not sure,Sometimes,Not sure,Often,Not sure
9/7/2026 12:11,9/7/2026 12:32,IP Address,100,1286,TRUE,9/7/2026 12:32,R_6rMIRTHZz2woTmH,email,Saltwater,EN,1,,I agree,About once a week,10 - 19 years,"Fishing for fun, sport, or relaxation,Fishing for your own food",,"A boat, kayak, or canoe",Good,Off,Off,Off,Off,On,On,Off,Off,Off,Off,Off,Off,Off,Off,Off,Off,Off,On,Off,Off,Off,Off,Off,Off,Off,Off,Off,Off,Off,Off,Off,Off,Off,Off,Off,Off,Off,Off,Off,Off,Off,Off,Off,Off,Off,Off,Off,Off,Off,Off,Off,Off,Off,Off,Off,Off,Off,Off,Off,Off,Off,Off,Off,Off,Off,Off,Off,Off,Off,Off,Off,Off,Off,Off,Off,Off,No,No,No,No,No,No,No,No,Always,Rarely,Always,Never,Rarely,Often,Often,Often,Often,Never,Often,Often,Never,Sometimes,"Pompano, Spanish mackere, gruntl ",Supportive,Strongly agree,Strongly disagree,Strongly agree,Disagree,Agree,Agree,Somewhat agree,Agree,Somewhat agree,Agree,0,4.65,10,10,10,No,45 - 54,Male,,33615,Hillsborough,,"$25,001 - $50,000",20,Not sure,"Large
(1 acre or more)","Shallow
(10 ft. or less)","Simple
(mostly flat or smooth)",Always,Never,Never,Never
9/7/2026 12:59,9/7/2026 13:11,IP Address,100,704,TRUE,9/7/2026 13:11,R_7HSObPYAU0jSIEd,email,Saltwater,EN,1,,I agree,A few times,20 years or more,"Fishing for fun, sport, or relaxation,Fishing for your own food",,"A boat, kayak, or canoe",Good,Off,Off,Off,Off,Off,Off,Off,Off,Off,Off,Off,Off,On,On,Off,Off,Off,Off,On,On,On,Off,On,On,On,On,On,Off,Off,On,Off,On,On,On,Off,On,Off,Off,On,Off,Off,Off,On,Off,Off,Off,On,On,Off,Off,Off,Off,Off,On,On,Off,Off,Off,On,On,On,Off,Off,On,On,On,Off,On,On,Off,Off,Off,Off,Off,Off,Off,No,No,No,No,No,No,No,No,Sometimes,Often,Often,Often,Sometimes,Sometimes,Sometimes,Often,Often,Sometimes,Sometimes,Often,Sometimes,Rarely,,Supportive,Strongly agree,Strongly disagree,Agree,Strongly disagree,Strongly agree,Somewhat disagree,Agree,Somewhat agree,Agree,Strongly disagree,2.96,6.97,7.01,9.99,6.38,No,45 - 54,Male,,33607,Hillsborough,,"$100,000 or more",125,"Moderate
(2 - 4 ft.)","Small
(several square yards)","Moderate
(10 - 20 ft.)","Complex
(lots of holes, edges, and hiding spots)",Sometimes,Rarely,Often,Never
9/7/2026 13:31,9/7/2026 13:39,IP Address,100,516,TRUE,9/7/2026 13:39,R_5BKEC2nEBPC9Vjr,email,Saltwater,EN,1,,I agree,About once a week,10 - 19 years,"Fishing for fun, sport, or relaxation",,The shoreline or bank of a water body,Excellent,Off,Off,Off,Off,Off,Off,Off,Off,Off,Off,Off,Off,Off,Off,Off,Off,Off,Off,Off,Off,Off,Off,Off,Off,Off,Off,Off,Off,Off,Off,Off,Off,Off,Off,Off,Off,Off,Off,Off,On,On,Off,Off,Off,Off,Off,On,On,Off,Off,Off,Off,Off,On,On,Off,Off,Off,Off,Off,On,On,Off,Off,Off,Off,Off,Off,Off,Off,Off,Off,Off,On,On,On,Yes,Yes,No,Yes,Yes,Yes,Yes,Yes,Sometimes,Often,Always,Often,Often,Always,Often,Often,Sometimes,Sometimes,Sometimes,Often,Often,Always,Puffer fish,Supportive,Somewhat disagree,Disagree,Somewhat disagree,Somewhat agree,Agree,Somewhat agree,Somewhat agree,Disagree,Disagree,Agree,1.97,7.19,8.71,4.99,6.04,No,18 - 24,Male,,33772,Pinellas,,"$25,001 - $50,000",1600,"High
(5 ft. or more)","Large
(1 acre or more)","Deep
(20 ft. or more)","Moderate
(some nooks and crannies)",Sometimes,Rarely,Often,Sometimes
9/7/2026 14:53,9/7/2026 15:04,IP Address,100,698,TRUE,9/7/2026 15:04,R_3LB5LEI4d0mzhx2,email,Saltwater,EN,0.8999999761581421,,I agree,About once a week,5 - 9 years,"Fishing for fun, sport, or relaxation",,"A boat, kayak, or canoe",Good,Off,Off,Off,Off,Off,Off,Off,Off,Off,Off,Off,Off,Off,Off,Off,Off,Off,Off,Off,Off,Off,Off,Off,Off,Off,Off,Off,Off,Off,Off,Off,Off,Off,Off,Off,Off,Off,Off,Off,Off,Off,Off,Off,Off,Off,Off,Off,Off,Off,Off,Off,Off,Off,Off,On,On,Off,Off,Off,On,On,Off,Off,Off,Off,On,Off,Off,On,On,On,Off,Off,Off,Off,Off,No,No,No,No,No,No,No,No,Sometimes,Rarely,Sometimes,Sometimes,Often,Often,Sometimes,Rarely,Rarely,Sometimes,Often,Often,Often,Never,,Supportive,Somewhat agree,Somewhat disagree,Somewhat agree,Somewhat disagree,Agree,Somewhat agree,Somewhat disagree,Somewhat disagree,Somewhat disagree,Somewhat agree,1.83,5.08,1.11,1.35,0.73,No,55 - 64,Male,,34208,Manatee,,"$25,000 or less",50,"Moderate
(2 - 4 ft.)","Medium
(less than 1 acre)","Moderate
(10 - 20 ft.)","Complex
(lots of holes, edges, and hiding spots)",Often,Rarely,Sometimes,Never
9/7/2026 16:49,9/7/2026 17:02,IP Address,100,771,TRUE,9/7/2026 17:02,R_6OI1d1VUArGtwcB,email,Saltwater,EN,1,,I agree,About once a month,20 years or more,"Fishing for fun, sport, or relaxation,Fishing for your own food",,"A boat, kayak, or canoe",Good,Off,Off,Off,Off,Off,Off,Off,Off,Off,Off,Off,Off,Off,Off,Off,Off,On,On,Off,Off,Off,Off,On,Off,Off,Off,Off,Off,Off,Off,Off,Off,Off,Off,Off,On,Off,On,Off,Off,Off,On,On,Off,On,Off,Off,Off,Off,Off,On,Off,Off,Off,Off,Off,On,Off,Off,Off,Off,Off,Off,Off,Off,Off,Off,Off,Off,Off,Off,Off,Off,Off,Off,Off,Yes,Yes,Yes,Yes,Yes,Yes,No,No,Rarely,Sometimes,Sometimes,Sometimes,Sometimes,Sometimes,Rarely,Sometimes,Sometimes,Rarely,Rarely,Often,Rarely,Sometimes,Spanish mackerel ,Supportive,Agree,Disagree,Somewhat agree,Strongly disagree,Strongly agree,Somewhat agree,Somewhat agree,Somewhat agree,Agree,Disagree,1.58,5.19,10,6.03,5.05,No,55 - 64,Male,,33611,Hillsborough,,"$50,001 - $75,000",80,"Low
(1 ft. or less)","Small
(several square yards)","Moderate
(10 - 20 ft.)",Not sure,Not sure,Not sure,Not sure,Not sure
9/7/2026 17:13,9/7/2026 17:23,IP Address,100,618,TRUE,9/7/2026 17:23,R_6nkHMXRhHv21O2x,email,Saltwater,EN,1,,I agree,About once a week,1 - 4 years,"Fishing for fun, sport, or relaxation",,"The shoreline or bank of a water body,A fishing pier or boardwalk",Good,Off,Off,Off,Off,Off,Off,Off,Off,Off,Off,Off,Off,Off,Off,Off,Off,Off,Off,Off,Off,Off,Off,Off,Off,Off,Off,Off,Off,Off,Off,Off,Off,Off,Off,On,Off,Off,Off,Off,On,On,On,Off,Off,Off,Off,Off,Off,Off,Off,Off,Off,Off,Off,Off,Off,Off,Off,Off,Off,Off,Off,Off,Off,Off,Off,Off,Off,Off,Off,Off,Off,On,On,On,On,No,No,No,No,No,No,No,No,Sometimes,Rarely,Sometimes,Sometimes,Sometimes,Often,Rarely,Often,Rarely,Never,Often,Sometimes,Rarely,Never,,Supportive,Somewhat agree,Disagree,Somewhat agree,Disagree,Agree,Agree,Agree,Somewhat agree,Agree,Somewhat disagree,9.63,10,10,10,10,No,65 or older,Male,,33781,Pinellas,,"$50,001 - $75,000",40,Not sure,"Medium
(less than 1 acre)","Shallow
(10 ft. or less)","Moderate
(some nooks and crannies)",Often,Not sure,Sometimes,Never
9/7/2026 18:45,9/7/2026 18:57,IP Address,100,709,TRUE,9/7/2026 18:57,R_6iFjUyfV5NNyVHg,email,Saltwater,EN,1,,I agree,A few times,20 years or more,"Fishing for fun, sport, or relaxation",,"A boat, kayak, or canoe",Good,Off,Off,Off,Off,Off,Off,Off,Off,Off,Off,Off,Off,Off,Off,Off,Off,Off,Off,Off,Off,Off,Off,Off,Off,Off,Off,On,Off,Off,Off,Off,Off,Off,On,Off,Off,Off,Off,On,Off,Off,Off,Off,Off,On,On,Off,Off,Off,Off,Off,Off,Off,Off,Off,Off,Off,Off,Off,Off,Off,Off,Off,Off,Off,Off,Off,Off,Off,Off,Off,Off,Off,Off,Off,Off,No,No,No,No,Yes,No,Yes,No,Often,Often,Often,Sometimes,Rarely,Rarely,Often,Always,Often,Rarely,Rarely,Rarely,Rarely,Never,,Supportive,Agree,Disagree,Agree,Somewhat disagree,Somewhat agree,Somewhat agree,Somewhat agree,Somewhat agree,Somewhat agree,Somewhat agree,4.86,6.5,2.93,2.41,2.17,No,55 - 64,Male,,33880,Polk,,"$50,001 - $75,000",,Not sure,"Medium
(less than 1 acre)","Moderate
(10 - 20 ft.)","Moderate
(some nooks and crannies)",Not sure,Not sure,Sometimes,Never
10/7/2026 7:53,10/7/2026 7:58,IP Address,100,288,TRUE,10/7/2026 7:58,R_3Hcxbf44hpYVt0v,email,Saltwater,EN,0.8999999761581421,,I agree,A few times,5 - 9 years,"Fishing for fun, sport, or relaxation",,"The shoreline or bank of a water body,A fishing pier or boardwalk,A boat, kayak, or canoe",Good,Off,Off,On,Off,Off,Off,Off,On,Off,Off,Off,Off,Off,Off,Off,Off,Off,Off,Off,Off,Off,Off,Off,Off,Off,Off,Off,Off,Off,Off,Off,Off,Off,Off,Off,Off,Off,Off,Off,Off,Off,Off,Off,Off,Off,Off,Off,Off,Off,Off,Off,Off,Off,Off,Off,Off,Off,Off,Off,Off,Off,Off,Off,Off,Off,Off,Off,Off,Off,Off,Off,Off,On,On,On,Off,Yes,No,No,Yes,No,No,No,No,Rarely,Often,Often,Rarely,Rarely,Often,Sometimes,Sometimes,Sometimes,Sometimes,Sometimes,Rarely,Rarely,Never,,Supportive,Agree,Strongly disagree,Agree,Disagree,Agree,Disagree,Agree,Disagree,Agree,Disagree,0.84,10,10,9.88,9.73,No,45 - 54,Male,,33764,Pinellas,,"$100,000 or more",250,Not sure,Not sure,Not sure,Not sure,Not sure,Not sure,Not sure,Not sure
10/7/2026 8:11,10/7/2026 8:24,IP Address,100,726,TRUE,10/7/2026 8:24,R_7zMHGn5iOaLw3Qh,email,Saltwater,EN,1,,I agree,About once a week,20 years or more,"Fishing for fun, sport, or relaxation",,"A boat, kayak, or canoe",Excellent,Off,Off,Off,Off,Off,Off,Off,Off,Off,Off,Off,Off,Off,Off,Off,Off,Off,Off,Off,Off,Off,Off,Off,Off,Off,Off,On,Off,Off,Off,Off,Off,Off,Off,Off,Off,Off,Off,On,Off,Off,Off,Off,Off,On,Off,Off,Off,Off,Off,On,On,Off,Off,Off,Off,Off,Off,Off,Off,Off,On,Off,Off,Off,Off,Off,Off,Off,Off,Off,Off,Off,Off,Off,Off,No,No,No,No,No,No,No,No,Often,Often,Always,Sometimes,Sometimes,Sometimes,Always,Sometimes,Always,Sometimes,Rarely,Sometimes,Sometimes,Sometimes,Triple tail and Cobia,Supportive,Strongly agree,Somewhat agree,Somewhat agree,Somewhat disagree,Strongly agree,Somewhat agree,Somewhat agree,Agree,Somewhat disagree,Agree,1.48,7.92,4.91,6.23,2.99,No,45 - 54,Male,,33510,Hillsborough,,"$100,000 or more",100,"Moderate
(2 - 4 ft.)","Large
(1 acre or more)","Moderate
(10 - 20 ft.)","Complex
(lots of holes, edges, and hiding spots)",Sometimes,Not sure,Not sure,Not sure
10/7/2026 8:52,10/7/2026 9:18,IP Address,100,1559,TRUE,10/7/2026 9:18,R_6kZbFD8sdm0CQ5X,email,Saltwater,EN,1,,I agree,About once a month,20 years or more,"Fishing for fun, sport, or relaxation,Fishing for your own food",,"A boat, kayak, or canoe",Excellent,Off,Off,Off,Off,Off,Off,Off,Off,Off,Off,Off,Off,Off,Off,Off,Off,Off,Off,Off,Off,Off,Off,Off,Off,Off,Off,Off,Off,Off,Off,Off,Off,Off,Off,Off,Off,Off,Off,Off,On,On,Off,Off,Off,Off,Off,On,On,Off,Off,Off,Off,Off,Off,On,Off,On,Off,Off,Off,On,On,Off,Off,Off,On,On,Off,Off,Off,Off,Off,Off,Off,Off,On,No,No,Yes,No,Yes,No,No,No,Sometimes,Often,Often,Sometimes,Often,Often,Sometimes,Often,Often,Rarely,Sometimes,Often,Sometimes,Sometimes,mackerel,Supportive,Somewhat agree,Somewhat disagree,Somewhat agree,Somewhat disagree,Somewhat agree,Somewhat agree,Agree,Somewhat agree,Somewhat agree,Somewhat disagree,2.72,3.14,2.65,6.82,6.85,No,55 - 64,Male,,33707,Pinellas,,"$75,001 - $100,000",,"Moderate
(2 - 4 ft.)","Medium
(less than 1 acre)","Moderate
(10 - 20 ft.)","Moderate
(some nooks and crannies)",Sometimes,Sometimes,Often,Sometimes
10/7/2026 9:11,10/7/2026 9:22,IP Address,100,714,TRUE,10/7/2026 9:23,R_3VQugL458hNUGmV,email,Saltwater,EN,0.800000012,,I agree,A few times,20 years or more,"Fishing for fun, sport, or relaxation,Fishing for your own food,Providing chartered fishing trips for other people to fish",,"The shoreline or bank of a water body,A boat, kayak, or canoe",Excellent,Off,Off,Off,Off,Off,Off,Off,Off,Off,Off,Off,Off,Off,Off,Off,Off,Off,Off,Off,Off,Off,Off,On,Off,Off,Off,Off,Off,Off,On,Off,Off,Off,Off,On,Off,Off,Off,Off,Off,Off,On,Off,Off,Off,Off,Off,Off,Off,Off,Off,Off,Off,Off,Off,Off,Off,Off,Off,Off,Off,Off,Off,Off,Off,Off,Off,Off,Off,Off,Off,Off,Off,Off,Off,Off,Yes,No,No,No,No,No,No,No,Rarely,Often,Often,Sometimes,Sometimes,Often,Always,Always,Always,Sometimes,Sometimes,Sometimes,Sometimes,Never,,Supportive,Strongly agree,Strongly disagree,Strongly agree,Strongly disagree,Strongly agree,Somewhat agree,Agree,Somewhat disagree,Somewhat agree,Strongly disagree,0,0,0,10,10,No,65 or older,Male,,33704,Pinellas,,"$100,000 or more",700,"Moderate
(2 - 4 ft.)","Medium
(less than 1 acre)","Moderate
(10 - 20 ft.)","Complex
(lots of holes, edges, and hiding spots)",Often,Sometimes,Rarely,Never
10/7/2026 9:49,10/7/2026 9:55,IP Address,100,405,TRUE,10/7/2026 9:55,R_6qmumm8oZmpJLzf,email,Saltwater,EN,1,,I agree,About once a month,1 - 4 years,"Fishing for fun, sport, or relaxation",,The shoreline or bank of a water body,Fair,Off,Off,Off,Off,Off,Off,Off,Off,Off,Off,Off,Off,Off,Off,Off,Off,Off,Off,Off,Off,Off,Off,Off,Off,Off,Off,Off,Off,On,On,Off,Off,Off,Off,Off,Off,Off,Off,Off,On,Off,On,Off,Off,Off,Off,On,Off,Off,Off,Off,Off,Off,On,On,Off,Off,Off,Off,Off,Off,Off,Off,Off,Off,Off,Off,Off,Off,Off,Off,Off,Off,Off,Off,Off,Yes,Yes,No,No,No,Yes,No,No,Never,Often,Often,Never,Never,Rarely,Often,Often,Often,Sometimes,Rarely,Rarely,Rarely,Often,other inshore species,Supportive,Agree,Somewhat disagree,Agree,Strongly disagree,Strongly agree,Disagree,Strongly agree,Strongly disagree,Strongly agree,Strongly disagree,10,2.07,7.07,10,10,No,55 - 64,Male,,33704,Pinellas,,"$100,000 or more",10,,,,,,,,
10/7/2026 10:26,10/7/2026 10:32,IP Address,100,348,TRUE,10/7/2026 10:32,R_7fjfnSgDax2H83f,email,Saltwater,EN,1,,I agree,A few times,Less than a year,"Fishing for fun, sport, or relaxation,Fishing for your own food",,"A boat, kayak, or canoe",Excellent,Off,Off,Off,Off,Off,Off,Off,Off,Off,Off,Off,Off,Off,Off,Off,Off,Off,Off,Off,Off,Off,Off,Off,Off,Off,Off,Off,Off,Off,Off,Off,Off,Off,Off,Off,Off,Off,Off,Off,On,Off,Off,Off,Off,Off,Off,On,Off,Off,Off,Off,Off,Off,On,Off,Off,Off,Off,On,On,Off,Off,Off,On,On,Off,Off,Off,Off,Off,Off,Off,Off,Off,On,Off,No,No,No,No,No,No,No,No,Never,Rarely,Rarely,Often,Often,Often,Rarely,Rarely,Rarely,Sometimes,Always,Always,Always,Sometimes,King fish or mahi mahi,Supportive,Agree,Disagree,Agree,Disagree,Agree,Somewhat agree,Agree,Somewhat agree,Agree,Disagree,7.07,7.13,10,10,4.39,No,25 - 34,Male,,32212,Other county:,Saint Johns,"$75,001 - $100,000",450,Not sure,Not sure,Not sure,"Complex
(lots of holes, edges, and hiding spots)",Often,Sometimes,Often,Not sure
10/7/2026 12:53,10/7/2026 13:01,IP Address,100,470,TRUE,10/7/2026 13:01,R_64HJyNteB3WCEcK,email,Saltwater,EN,1,,I agree,About once a week,20 years or more,"Fishing for fun, sport, or relaxation",,"The shoreline or bank of a water body,A boat, kayak, or canoe",Good,Off,Off,Off,Off,Off,Off,Off,Off,Off,Off,Off,Off,Off,Off,Off,Off,Off,Off,Off,Off,Off,Off,Off,Off,Off,Off,Off,Off,Off,Off,Off,Off,Off,Off,Off,Off,Off,Off,Off,Off,Off,Off,Off,Off,Off,Off,Off,Off,Off,Off,Off,Off,Off,Off,Off,Off,On,On,Off,Off,Off,On,On,Off,Off,Off,On,Off,Off,Off,Off,Off,Off,Off,Off,Off,No,No,No,No,Yes,Yes,Yes,Yes,Sometimes,Often,Often,Rarely,Rarely,Sometimes,Often,Often,Often,Sometimes,Rarely,Rarely,Rarely,Never,,Neutral,Somewhat agree,Somewhat agree,Somewhat agree,Somewhat agree,Somewhat agree,Strongly disagree,Strongly disagree,Strongly disagree,Agree,Strongly disagree,0.61,0.63,0.84,0.43,0.85,No,65 or older,Male,,33578,Hillsborough,,"$100,000 or more",50,Not sure,"Medium
(less than 1 acre)","Moderate
(10 - 20 ft.)","Moderate
(some nooks and crannies)",Rarely,Never,Sometimes,Never
9/7/2026 14:30,10/7/2026 16:46,IP Address,100,94552,TRUE,10/7/2026 16:46,R_5jIc3GLTZzgtwn7,email,Saltwater,EN,1,,I agree,About once a week,1 - 4 years,"Fishing for fun, sport, or relaxation,Fishing for your own food",,"A boat, kayak, or canoe",Fair,Off,Off,Off,Off,Off,Off,Off,Off,Off,Off,Off,Off,Off,Off,Off,Off,Off,Off,Off,Off,Off,Off,Off,Off,Off,Off,Off,Off,Off,Off,Off,Off,On,On,Off,Off,Off,On,On,Off,Off,Off,Off,On,On,Off,Off,On,On,Off,On,Off,Off,Off,On,On,On,Off,Off,Off,On,On,Off,Off,Off,Off,Off,Off,Off,Off,Off,Off,Off,Off,Off,Off,Yes,No,No,Yes,Yes,No,No,No,Sometimes,Often,Often,Often,Often,Often,Often,Often,Often,Rarely,Sometimes,Often,Sometimes,Sometimes,,Supportive,Somewhat agree,Disagree,Somewhat agree,Somewhat disagree,Agree,Somewhat disagree,Somewhat agree,Disagree,Somewhat agree,Disagree,0.77,8.03,5.56,9.08,0.32,No,35 - 44,Male,,33572,Hillsborough,,"$100,000 or more",150,"Moderate
(2 - 4 ft.)","Small
(several square yards)","Moderate
(10 - 20 ft.)","Moderate
(some nooks and crannies)",Not sure,Not sure,Not sure,Not sure
10/7/2026 20:01,10/7/2026 20:10,IP Address,100,526,TRUE,10/7/2026 20:10,R_39nB6SzwPIcAOKh,email,Saltwater,EN,1,,I agree,About once a month,20 years or more,Something else:,"Fun, sport, relaxation, and food ","A boat, kayak, or canoe",Good,Off,Off,Off,Off,Off,Off,Off,Off,Off,Off,Off,Off,Off,Off,Off,Off,Off,Off,Off,Off,Off,On,On,Off,Off,Off,Off,Off,On,On,Off,Off,Off,Off,On,On,On,On,On,On,On,On,On,On,On,Off,On,On,On,On,On,On,Off,On,On,On,On,On,Off,On,On,On,On,Off,Off,Off,Off,Off,Off,Off,Off,Off,On,On,On,On,Yes,Yes,Yes,Yes,Yes,Yes,Yes,Yes,Rarely,Always,Always,Always,Always,Always,Often,Sometimes,Often,Often,Sometimes,Often,Often,Often,,Neutral,Somewhat disagree,Somewhat agree,Somewhat agree,Agree,Agree,Somewhat agree,Strongly agree,Strongly disagree,Strongly disagree,Strongly disagree,0,7.78,3.74,0,10,No,35 - 44,Male,,,Pinellas,,"$25,001 - $50,000",800,"Moderate
(2 - 4 ft.)","Medium
(less than 1 acre)","Moderate
(10 - 20 ft.)","Moderate
(some nooks and crannies)",Sometimes,Rarely,Often,Often
10/7/2026 21:30,10/7/2026 21:37,IP Address,100,405,TRUE,10/7/2026 21:37,R_5Qch5ZttLiHQliR,email,Saltwater,EN,1,,I agree,About once a month,20 years or more,"Fishing for fun, sport, or relaxation",,"A boat, kayak, or canoe",Excellent,Off,Off,Off,Off,Off,Off,Off,Off,Off,Off,Off,Off,Off,Off,Off,Off,Off,Off,On,On,On,Off,Off,Off,Off,On,On,Off,Off,Off,Off,Off,On,On,Off,Off,Off,Off,On,Off,Off,Off,Off,Off,On,Off,Off,Off,Off,Off,On,Off,Off,Off,Off,Off,On,Off,On,On,On,On,Off,On,On,On,On,On,On,On,On,On,Off,Off,Off,Off,Yes,Yes,Yes,Yes,Yes,No,No,No,Sometimes,Often,Often,Sometimes,Rarely,Rarely,Often,Sometimes,Often,Always,Rarely,Rarely,Rarely,Rarely,,Supportive,Agree,Disagree,Agree,Disagree,Agree,Somewhat disagree,Somewhat agree,Agree,Somewhat agree,Somewhat agree,5.12,8.77,8.77,8.55,9.01,No,65 or older,Male,,34208,Manatee,,"$100,000 or more",50,"Moderate
(2 - 4 ft.)","Medium
(less than 1 acre)","Moderate
(10 - 20 ft.)","Moderate
(some nooks and crannies)",Often,Rarely,Rarely,Not sure
10/7/2026 22:22,10/7/2026 22:40,IP Address,100,1083,TRUE,10/7/2026 22:40,R_5AHa6JaoXu7gqUK,email,Saltwater,EN,1,,I agree,About once a month,1 - 4 years,"Fishing for fun, sport, or relaxation,Fishing for your own food",,"The shoreline or bank of a water body,A fishing pier or boardwalk",Good,Off,Off,Off,Off,Off,Off,Off,Off,Off,Off,Off,Off,Off,Off,Off,Off,Off,Off,Off,Off,Off,Off,Off,Off,Off,Off,Off,Off,Off,Off,Off,Off,Off,Off,Off,Off,Off,Off,Off,Off,Off,Off,Off,Off,Off,Off,Off,Off,Off,Off,Off,Off,Off,Off,Off,Off,Off,Off,Off,Off,Off,Off,Off,On,Off,On,On,On,On,On,On,On,Off,Off,Off,Off,No,Yes,Yes,No,Yes,Yes,Yes,No,Rarely,Rarely,Always,Sometimes,Sometimes,Often,Often,Sometimes,Often,Often,Sometimes,Rarely,Rarely,Rarely,,Supportive,Agree,Somewhat disagree,Somewhat disagree,Somewhat agree,Disagree,Agree,Agree,Somewhat agree,Agree,Agree,1.98,3.14,0.99,8.65,3.14,No,25 - 34,Male,,34203,Manatee,,"$25,001 - $50,000",60,"Moderate
(2 - 4 ft.)","Small
(several square yards)","Shallow
(10 ft. or less)","Moderate
(some nooks and crannies)",Often,Never,Sometimes,Never
11/7/2026 8:29,11/7/2026 8:36,IP Address,100,399,TRUE,11/7/2026 8:36,R_5NDKtK1zNy0MBVo,email,Saltwater,EN,1,,I agree,About once a week,Less than a year,"Fishing for fun, sport, or relaxation,Fishing for your own food",,"The shoreline or bank of a water body,A fishing pier or boardwalk,A boat, kayak, or canoe",Excellent,Off,Off,Off,Off,Off,Off,Off,Off,On,Off,Off,On,Off,Off,Off,On,On,Off,On,Off,Off,On,On,On,On,Off,Off,Off,On,On,Off,Off,Off,Off,On,Off,Off,Off,Off,On,On,On,Off,Off,On,Off,On,On,On,Off,On,On,Off,On,On,Off,Off,Off,On,On,Off,On,Off,On,Off,On,On,On,Off,Off,Off,Off,Off,Off,Off,Off,No,No,No,No,No,No,Yes,No,Rarely,Sometimes,Often,Often,Sometimes,Often,Sometimes,Sometimes,Sometimes,Rarely,Often,Often,Sometimes,Never,,Supportive,Agree,Disagree,Agree,Disagree,Agree,Strongly agree,Disagree,Agree,Disagree,Agree,3.38,10,1.91,10,9.33,No,35 - 44,Male,,33701,Pinellas,,"$50,001 - $75,000",250,"Moderate
(2 - 4 ft.)","Medium
(less than 1 acre)","Moderate
(10 - 20 ft.)","Complex
(lots of holes, edges, and hiding spots)",Often,Sometimes,Often,Sometimes
11/7/2026 9:03,11/7/2026 9:10,IP Address,100,443,TRUE,11/7/2026 9:10,R_6P4I8DrEUnto27s,email,Saltwater,EN,1,,I agree,A few times,20 years or more,"Fishing for fun, sport, or relaxation",,"The shoreline or bank of a water body,A boat, kayak, or canoe",Excellent,On,Off,Off,Off,Off,Off,On,Off,On,On,Off,Off,On,On,Off,Off,Off,Off,Off,Off,Off,Off,Off,Off,Off,Off,Off,On,Off,Off,Off,Off,Off,Off,Off,Off,Off,Off,Off,Off,Off,Off,Off,Off,Off,Off,Off,Off,Off,Off,On,Off,Off,Off,Off,On,On,Off,Off,Off,On,On,Off,Off,Off,Off,On,Off,Off,On,On,On,Off,Off,Off,Off,Yes,No,No,No,No,Yes,Yes,No,Often,Sometimes,Often,Often,Never,Sometimes,Sometimes,Never,Sometimes,Sometimes,Never,Never,Never,Often,Sharks,Supportive,Somewhat agree,Somewhat agree,Agree,Disagree,Somewhat agree,Agree,Agree,Disagree,Agree,Disagree,1.27,5.71,0.92,0.89,1.76,No,35 - 44,Male,,33801,Polk,,"$75,001 - $100,000",200,,,,,,,,
11/7/2026 10:51,11/7/2026 11:01,IP Address,100,636,TRUE,11/7/2026 11:01,R_6f8Woif5tFcXgyQ,email,Saltwater,EN,1,,I agree,About once a week,10 - 19 years,"Fishing for fun, sport, or relaxation",,"A boat, kayak, or canoe",Excellent,Off,On,On,On,Off,Off,Off,On,On,On,Off,Off,Off,Off,Off,On,On,Off,Off,Off,Off,Off,On,Off,Off,Off,Off,Off,On,On,Off,Off,Off,Off,On,On,Off,Off,Off,On,On,On,On,Off,Off,Off,On,On,On,On,On,Off,Off,On,On,On,On,On,On,On,On,On,Off,On,On,On,On,On,On,On,On,Off,On,On,On,On,Yes,No,Yes,Yes,Yes,Yes,No,No,Sometimes,Often,Often,Rarely,Sometimes,Often,Always,Sometimes,Often,Often,Rarely,Never,Sometimes,Sometimes,,Supportive,Agree,Disagree,Somewhat agree,Disagree,Agree,Somewhat disagree,Somewhat agree,Somewhat disagree,Agree,Disagree,0.29,9.17,8.94,2.63,3.56,No,35 - 44,Male,,33755,Pinellas,,"$50,001 - $75,000",200,Not sure,Not sure,"Moderate
(10 - 20 ft.)","Complex
(lots of holes, edges, and hiding spots)",Not sure,Not sure,Often,Not sure
11/7/2026 19:03,11/7/2026 19:16,IP Address,100,771,TRUE,11/7/2026 19:16,R_7sdqApTFFRSrkvn,email,Saltwater,EN,1,,I agree,About once a month,10 - 19 years,"Fishing for fun, sport, or relaxation",,"The shoreline or bank of a water body,A boat, kayak, or canoe",Good,On,On,On,On,Off,Off,Off,On,Off,Off,Off,Off,Off,Off,Off,Off,Off,Off,Off,Off,Off,Off,Off,Off,Off,Off,Off,Off,Off,Off,Off,Off,Off,Off,Off,Off,Off,Off,Off,Off,Off,Off,Off,Off,Off,Off,Off,Off,Off,Off,Off,Off,Off,Off,Off,Off,Off,Off,Off,Off,Off,Off,Off,Off,Off,On,On,Off,Off,Off,Off,Off,Off,Off,Off,Off,No,No,No,No,No,No,No,No,Rarely,Sometimes,Sometimes,Rarely,Rarely,Sometimes,Often,Sometimes,Often,Rarely,Rarely,Often,Sometimes,Never,None,Supportive,Agree,Somewhat disagree,Somewhat agree,Somewhat disagree,Somewhat agree,Somewhat agree,Somewhat agree,Somewhat disagree,Somewhat agree,Somewhat agree,0.86,8.4,0.61,8.41,2.6,No,45 - 54,Male,,33626,Hillsborough,,"$100,000 or more",200,Not sure,Not sure,"Shallow
(10 ft. or less)","Moderate
(some nooks and crannies)",Often,Not sure,Sometimes,Not sure
11/7/2026 20:21,11/7/2026 20:30,IP Address,100,547,TRUE,11/7/2026 20:30,R_1cZXUvZzx3WKpaN,email,Saltwater,EN,1,,I agree,A few times,5 - 9 years,"Fishing for fun, sport, or relaxation",,"A boat, kayak, or canoe",Good,Off,Off,Off,Off,Off,Off,Off,Off,Off,Off,Off,Off,Off,Off,Off,Off,Off,Off,Off,Off,Off,Off,Off,Off,Off,Off,Off,Off,Off,Off,Off,Off,Off,Off,Off,Off,Off,Off,Off,Off,Off,Off,Off,Off,Off,Off,Off,Off,Off,Off,Off,Off,Off,Off,Off,On,Off,Off,Off,Off,Off,Off,Off,Off,Off,Off,Off,Off,Off,Off,Off,Off,Off,Off,Off,Off,No,No,No,No,No,No,No,No,Never,Never,Never,Never,Never,Often,Often,Often,Often,Often,Often,Often,Often,Often,,Supportive,Agree,Disagree,Agree,Disagree,Agree,Somewhat agree,Agree,Somewhat agree,Agree,Disagree,3.86,3.24,3.52,10,10,No,55 - 64,Male,,33764,Pinellas,,,,,,,,,,,
12/7/2026 7:15,12/7/2026 7:24,IP Address,100,523,TRUE,12/7/2026 7:24,R_6gbSYwCh4zb5CEu,email,Saltwater,EN,1,,I agree,A few times,Less than a year,"Fishing for fun, sport, or relaxation",,"A boat, kayak, or canoe",Fair,Off,Off,Off,Off,Off,Off,Off,Off,Off,Off,Off,Off,Off,Off,Off,Off,Off,Off,Off,Off,On,Off,Off,Off,Off,Off,On,On,Off,Off,Off,Off,Off,On,Off,Off,Off,Off,Off,Off,Off,Off,Off,Off,Off,Off,Off,Off,Off,Off,Off,Off,Off,Off,Off,Off,Off,Off,Off,Off,Off,Off,Off,Off,Off,Off,Off,Off,Off,Off,Off,Off,Off,Off,Off,Off,No,No,Yes,No,No,No,Yes,No,Often,Sometimes,Sometimes,Rarely,Sometimes,Sometimes,Sometimes,Often,Sometimes,Rarely,Sometimes,Rarely,Never,Never,,Supportive,Strongly agree,Disagree,Strongly agree,Somewhat disagree,Strongly agree,Disagree,Strongly agree,Somewhat agree,Strongly disagree,Disagree,0,4.55,4.93,10,10,No,45 - 54,Male,,33578,Hillsborough,,"$100,000 or more",250,"Moderate
(2 - 4 ft.)","Small
(several square yards)","Moderate
(10 - 20 ft.)","Moderate
(some nooks and crannies)",Not sure,Not sure,Sometimes,Never
12/7/2026 10:00,12/7/2026 10:21,IP Address,100,1292,TRUE,12/7/2026 10:21,R_7kmPtLHLuh1anK7,email,Saltwater,EN,1,,I agree,A few times,20 years or more,"Fishing for fun, sport, or relaxation",,The shoreline or bank of a water body,Excellent,Off,Off,Off,Off,Off,Off,Off,Off,Off,Off,Off,Off,Off,Off,Off,Off,Off,Off,Off,Off,Off,Off,Off,Off,Off,Off,Off,Off,Off,Off,Off,Off,Off,Off,Off,Off,Off,Off,Off,On,Off,Off,Off,Off,Off,Off,On,Off,Off,Off,Off,Off,Off,On,Off,Off,Off,Off,Off,Off,Off,Off,Off,On,Off,Off,Off,On,Off,Off,Off,Off,On,On,On,Off,No,No,No,No,No,No,No,No,Never,Never,Always,Rarely,Rarely,Sometimes,Sometimes,Sometimes,Sometimes,Rarely,Rarely,Sometimes,Rarely,Rarely,,Supportive,Agree,Disagree,Somewhat agree,Disagree,Somewhat agree,Somewhat disagree,Disagree,Somewhat disagree,Disagree,Somewhat disagree,1.99,2.99,1.72,1.24,1.68,No,65 or older,Male,,33543,Pasco,,"$100,000 or more",50,"Low
(1 ft. or less)","Small
(several square yards)","Shallow
(10 ft. or less)","Simple
(mostly flat or smooth)",Sometimes,Never,Sometimes,Never
12/7/2026 11:10,12/7/2026 11:24,IP Address,100,839,TRUE,12/7/2026 11:24,R_6VfjmkzyC4WZz6s,email,Saltwater,EN,1,,I agree,About once a month,20 years or more,"Fishing for fun, sport, or relaxation,Fishing for your own food",,"The shoreline or bank of a water body,A fishing pier or boardwalk,A boat, kayak, or canoe",Good,Off,Off,Off,Off,Off,Off,Off,Off,Off,Off,Off,Off,Off,Off,Off,Off,On,On,Off,Off,Off,Off,On,Off,Off,Off,Off,Off,Off,On,Off,Off,Off,Off,Off,Off,Off,Off,Off,On,On,On,Off,Off,Off,Off,On,On,Off,Off,Off,Off,Off,On,On,Off,Off,Off,Off,Off,On,On,Off,Off,Off,Off,Off,Off,Off,Off,Off,Off,Off,Off,Off,Off,No,Yes,Yes,Yes,No,Yes,Yes,Yes,Sometimes,Often,Often,Sometimes,Rarely,Sometimes,Sometimes,Often,Often,Rarely,Sometimes,Often,Sometimes,Often,Flounder,Supportive,Agree,Disagree,Somewhat agree,Disagree,Agree,Somewhat disagree,Somewhat agree,Somewhat disagree,Somewhat agree,Somewhat disagree,5.03,8.17,7.21,5.07,5.08,No,45 - 54,Male,,33713,Pinellas,,"$25,001 - $50,000",300,"High
(5 ft. or more)","Large
(1 acre or more)","Deep
(20 ft. or more)","Complex
(lots of holes, edges, and hiding spots)",Often,Rarely,Sometimes,Rarely
12/7/2026 20:00,12/7/2026 20:06,IP Address,100,397,TRUE,12/7/2026 20:07,R_6CvPUsTpQShGwGs,email,Saltwater,EN,1,,I agree,About once a month,Less than a year,"Fishing for fun, sport, or relaxation",,"A boat, kayak, or canoe",Good,Off,Off,Off,Off,Off,Off,Off,Off,Off,Off,Off,Off,Off,Off,Off,Off,Off,Off,Off,Off,Off,Off,Off,Off,Off,Off,Off,Off,Off,Off,Off,Off,Off,Off,Off,Off,Off,Off,Off,Off,On,Off,Off,Off,Off,Off,On,On,On,Off,Off,Off,Off,On,On,On,Off,Off,On,On,On,Off,Off,On,On,On,Off,Off,Off,Off,Off,Off,Off,Off,Off,Off,No,No,No,No,No,No,No,No,Rarely,Sometimes,Sometimes,Sometimes,Sometimes,Sometimes,Sometimes,Rarely,Often,Often,Rarely,Often,Often,Never,,Supportive,Somewhat agree,Somewhat disagree,Somewhat agree,Somewhat disagree,Somewhat agree,Disagree,Agree,Somewhat disagree,Agree,Disagree,4.99,9.1,9.06,9.1,10,No,55 - 64,Male,,33811,Polk,,"$100,000 or more",100,Not sure,Not sure,Not sure,Not sure,Often,Not sure,Often,Not sure
12/7/2026 20:49,12/7/2026 20:59,IP Address,100,601,TRUE,12/7/2026 20:59,R_52VDjChdpEbGgpz,email,Saltwater,EN,1,,I agree,About once a month,20 years or more,"Fishing for fun, sport, or relaxation",,"A boat, kayak, or canoe",Good,Off,Off,Off,Off,Off,Off,Off,Off,Off,Off,Off,On,Off,Off,Off,On,Off,On,Off,Off,Off,Off,On,On,Off,Off,Off,Off,Off,Off,Off,Off,Off,Off,Off,Off,Off,Off,Off,Off,On,On,Off,Off,Off,Off,On,On,Off,Off,Off,Off,Off,On,On,Off,Off,Off,On,Off,Off,Off,Off,On,Off,Off,Off,Off,Off,Off,Off,Off,Off,Off,Off,Off,Yes,Yes,Yes,Yes,Yes,No,No,No,Rarely,Often,Often,Rarely,Rarely,Sometimes,Often,Often,Often,Often,Never,Sometimes,Rarely,Rarely,,Supportive,Agree,Disagree,Agree,Somewhat disagree,Somewhat agree,Somewhat disagree,Strongly agree,Somewhat disagree,Strongly agree,Strongly disagree,0.73,0.79,0.67,0.81,10,No,55 - 64,Male,,33629,Hillsborough,,"$100,000 or more",250,Not sure,Not sure,"Moderate
(10 - 20 ft.)",Not sure,Not sure,Not sure,Not sure,Not sure
13/7/2026 6:03,13/7/2026 6:12,IP Address,100,561,TRUE,13/7/2026 6:12,R_7drZIFajH4l4L0g,email,Saltwater,EN,1,,I agree,About once a week,20 years or more,"Fishing for fun, sport, or relaxation,Fishing for your own food",,"A boat, kayak, or canoe",Excellent,Off,Off,Off,Off,Off,Off,Off,Off,Off,Off,Off,Off,Off,Off,Off,Off,Off,Off,Off,Off,Off,Off,On,Off,Off,Off,Off,Off,On,On,Off,Off,On,On,On,Off,Off,On,On,On,On,On,Off,On,On,On,On,Off,Off,On,On,Off,Off,On,Off,Off,On,Off,Off,Off,Off,On,Off,Off,Off,On,On,On,On,On,Off,Off,Off,Off,Off,Off,No,Yes,Yes,Yes,Yes,No,No,No,Often,Often,Often,Sometimes,Rarely,Often,Often,Sometimes,Often,Sometimes,Rarely,Sometimes,Sometimes,Sometimes,na,Supportive,Agree,Disagree,Somewhat agree,Somewhat disagree,Disagree,Disagree,Agree,Disagree,Agree,Somewhat disagree,0.93,4.83,4.69,7.9,10,No,55 - 64,Male,,33812,Polk,,"$100,000 or more",200,"Moderate
(2 - 4 ft.)","Medium
(less than 1 acre)","Moderate
(10 - 20 ft.)","Complex
(lots of holes, edges, and hiding spots)",Often,Rarely,Sometimes,Not sure
13/7/2026 6:20,13/7/2026 6:26,IP Address,100,329,TRUE,13/7/2026 6:26,R_11vyTCBAGsBbpw3,email,Saltwater,EN,1,,I agree,About once a week,5 - 9 years,Fishing for your own food,,"A fishing pier or boardwalk,A boat, kayak, or canoe",Excellent,Off,Off,Off,Off,Off,Off,Off,Off,Off,Off,Off,Off,Off,Off,Off,Off,Off,Off,Off,Off,Off,Off,Off,Off,Off,Off,Off,Off,Off,Off,Off,Off,Off,Off,Off,Off,Off,Off,Off,Off,Off,Off,Off,Off,Off,Off,Off,Off,Off,Off,Off,Off,Off,Off,Off,Off,On,On,Off,Off,Off,On,On,Off,Off,On,On,On,On,On,On,On,Off,Off,Off,Off,No,No,No,No,No,No,Yes,Yes,Sometimes,Often,Always,Often,Sometimes,Always,Sometimes,Often,Often,Rarely,Often,Always,Rarely,Rarely,,Supportive,Agree,Disagree,Strongly agree,Disagree,Strongly agree,Agree,Somewhat agree,Strongly agree,Disagree,Agree,4.07,10,10,0,0,No,35 - 44,Male,,34208,Manatee,,"$100,000 or more",100,Not sure,"Small
(several square yards)","Shallow
(10 ft. or less)",Not sure,Not sure,Not sure,Not sure,Not sure
13/7/2026 8:58,13/7/2026 9:05,IP Address,100,413,TRUE,13/7/2026 9:05,R_3Ppo3D9xuLiesef,email,Saltwater,EN,1,,I agree,About once a month,20 years or more,"Fishing for your own food,Providing chartered fishing trips for other people to fish",,"A boat, kayak, or canoe",Excellent,On,On,On,On,On,Off,Off,Off,Off,Off,Off,Off,Off,Off,Off,Off,Off,Off,Off,Off,Off,Off,On,Off,Off,Off,Off,Off,On,On,Off,Off,Off,Off,On,On,On,Off,Off,On,Off,On,On,On,Off,Off,On,On,On,On,Off,Off,Off,On,On,On,On,Off,On,On,On,Off,Off,On,On,On,Off,On,Off,Off,Off,Off,On,On,On,On,Yes,Yes,Yes,Yes,Yes,No,Yes,Yes,Often,Often,Often,Often,Rarely,Often,Often,Sometimes,Sometimes,Often,Often,Often,Often,Often,Hogfish,Supportive,Strongly agree,Disagree,Agree,Somewhat agree,Agree,Somewhat agree,Strongly agree,Somewhat agree,Strongly agree,Strongly disagree,10,8.43,10,10,10,No,35 - 44,Male,,33710,Pinellas,,"$50,001 - $75,000",400,Not sure,Not sure,Not sure,"Complex
(lots of holes, edges, and hiding spots)",Not sure,Not sure,Not sure,Not sure
13/7/2026 9:44,13/7/2026 11:48,IP Address,100,7412,TRUE,13/7/2026 11:48,R_6OJiDdNwDE8Xa8h,email,Saltwater,EN,1,,I agree,Many times a week,1 - 4 years,"Fishing for fun, sport, or relaxation,Fishing for your own food,Something else:",supporting community efforts to get youth fishing,"The shoreline or bank of a water body,A fishing pier or boardwalk",Excellent,Off,Off,Off,Off,Off,Off,Off,Off,Off,Off,Off,Off,Off,Off,Off,Off,Off,Off,Off,Off,Off,Off,Off,Off,Off,Off,Off,Off,On,On,Off,Off,Off,Off,On,Off,Off,Off,Off,Off,On,On,Off,Off,Off,Off,Off,Off,Off,Off,Off,Off,Off,Off,Off,Off,Off,Off,Off,Off,Off,Off,Off,Off,Off,Off,Off,Off,Off,Off,Off,Off,Off,Off,Off,Off,No,Yes,Yes,Yes,Yes,Yes,No,No,Rarely,Sometimes,Often,Often,Sometimes,Sometimes,Often,Often,Often,Never,Rarely,Sometimes,Sometimes,Often,,Supportive,Somewhat agree,Somewhat disagree,Disagree,Somewhat disagree,Somewhat agree,Disagree,Strongly agree,Strongly disagree,Strongly agree,Strongly disagree,0.08,0.8,0.47,9.91,9.85,No,35 - 44,Male,,33705,Pinellas,,"$100,000 or more",75,"Moderate
(2 - 4 ft.)","Small
(several square yards)","Shallow
(10 ft. or less)","Moderate
(some nooks and crannies)",Sometimes,Sometimes,Often,Rarely
13/7/2026 16:14,13/7/2026 16:22,IP Address,100,514,TRUE,13/7/2026 16:22,R_32QHxi8ZWsbbSDK,email,Saltwater,EN,1,,I agree,About once a month,1 - 4 years,"Fishing for fun, sport, or relaxation,Fishing for your own food",,"A boat, kayak, or canoe",Good,Off,Off,Off,Off,Off,Off,Off,Off,Off,Off,Off,Off,Off,Off,Off,Off,Off,Off,Off,Off,Off,Off,Off,Off,Off,Off,Off,Off,Off,Off,Off,Off,Off,Off,Off,Off,Off,Off,Off,Off,Off,Off,Off,Off,Off,Off,Off,Off,Off,Off,Off,Off,Off,Off,Off,Off,Off,Off,Off,Off,Off,Off,Off,On,Off,Off,Off,Off,Off,Off,Off,Off,Off,Off,Off,Off,Yes,Yes,No,Yes,Yes,Yes,Yes,Yes,Rarely,Rarely,Rarely,Rarely,Rarely,Rarely,Never,Never,Never,Never,Never,Never,Never,Never,,Neutral,Strongly disagree,Strongly disagree,Strongly disagree,Agree,Agree,Somewhat agree,Agree,Agree,Agree,Agree,3.49,3.11,1.78,3.81,2.69,No,55 - 64,Male,,,Pasco,,"$25,000 or less",100,Not sure,Not sure,Not sure,Not sure,Not sure,Not sure,Not sure,Not sure
8/7/2026 7:04,13/7/2026 16:55,IP Address,100,467493,TRUE,13/7/2026 16:55,R_1JwRS7T2LNO6Ehb,email,Saltwater,EN,1,,I agree,About once a month,5 - 9 years,"Fishing for fun, sport, or relaxation,Fishing for your own food",,"The shoreline or bank of a water body,A boat, kayak, or canoe",Fair,Off,Off,Off,Off,Off,Off,Off,Off,Off,Off,Off,Off,Off,Off,Off,Off,On,On,Off,Off,Off,Off,On,On,Off,On,On,On,Off,Off,On,On,On,On,Off,Off,Off,Off,Off,Off,Off,Off,Off,Off,Off,Off,Off,On,On,Off,Off,Off,Off,Off,On,On,On,Off,Off,Off,On,On,Off,Off,Off,Off,Off,Off,Off,Off,Off,Off,Off,Off,Off,Off,No,No,No,No,No,No,No,No,Often,Sometimes,Often,Often,Rarely,Often,Sometimes,Often,Often,Rarely,Sometimes,Often,Sometimes,Rarely,,Supportive,Agree,Somewhat disagree,Somewhat agree,Disagree,Agree,Somewhat agree,Somewhat agree,Somewhat agree,Somewhat agree,Somewhat disagree,5.63,4.32,0,2.71,1.76,No,45 - 54,Female,,33578,Hillsborough,,"$25,001 - $50,000",100,"Moderate
(2 - 4 ft.)","Medium
(less than 1 acre)","Shallow
(10 ft. or less)","Moderate
(some nooks and crannies)",Sometimes,Rarely,Sometimes,Not sure
9/7/2026 10:45,13/7/2026 17:29,IP Address,100,369855,TRUE,13/7/2026 17:29,R_3PqeXBmhoK2dkgb,email,Saltwater,EN,1,,I agree,Many times a week,10 - 19 years,Providing chartered fishing trips for other people to fish,,"A boat, kayak, or canoe",Excellent,Off,Off,Off,Off,Off,Off,Off,Off,Off,Off,Off,Off,Off,Off,Off,On,On,On,Off,Off,Off,On,On,On,Off,Off,Off,Off,On,On,Off,Off,Off,Off,On,On,Off,Off,Off,On,On,On,Off,Off,Off,Off,On,On,Off,Off,Off,Off,Off,Off,Off,Off,Off,Off,Off,Off,Off,Off,Off,Off,Off,Off,Off,Off,Off,Off,Off,Off,On,On,On,On,Yes,Yes,Yes,Yes,Yes,No,Yes,Yes,Never,Often,Often,Often,Sometimes,Often,Always,Always,Always,Always,Often,Often,Sometimes,Always,,Neutral,Agree,Disagree,Agree,Somewhat agree,Agree,Somewhat agree,Disagree,Somewhat disagree,Disagree,Somewhat agree,0.31,1.2,3.15,10,9.96,No,65 or older,Male,,33703,Pinellas,,"$100,000 or more",1000,"Moderate
(2 - 4 ft.)","Medium
(less than 1 acre)","Moderate
(10 - 20 ft.)","Moderate
(some nooks and crannies)",Sometimes,Rarely,Often,Rarely
14/7/2026 15:06,14/7/2026 15:12,IP Address,100,364,TRUE,14/7/2026 15:12,R_1phVyGMQJv9g9Jn,email,Saltwater,EN,1,,I agree,About once a week,10 - 19 years,"Fishing for fun, sport, or relaxation,Fishing for your own food",,"A boat, kayak, or canoe",Excellent,Off,Off,Off,Off,Off,Off,Off,Off,Off,Off,Off,Off,Off,Off,Off,Off,Off,Off,Off,Off,Off,Off,Off,Off,Off,Off,Off,Off,Off,Off,Off,Off,Off,Off,Off,Off,On,Off,Off,Off,Off,Off,On,On,Off,Off,Off,On,On,On,Off,Off,Off,Off,On,On,Off,Off,Off,Off,On,Off,Off,Off,Off,Off,Off,Off,Off,Off,Off,Off,Off,Off,Off,Off,No,No,No,No,No,Yes,No,No,Never,Rarely,Never,Often,Often,Often,Never,Rarely,Never,Never,Often,Always,Always,Often,Grunt,Supportive,Strongly agree,Disagree,Agree,Disagree,Strongly agree,Disagree,Agree,Disagree,Agree,Somewhat agree,0,10,10,10,10,No,35 - 44,Male,,33559,Hillsborough,,"$100,000 or more",100,"Moderate
(2 - 4 ft.)","Medium
(less than 1 acre)","Moderate
(10 - 20 ft.)","Moderate
(some nooks and crannies)",Often,Not sure,Often,Never
15/7/2026 20:00,15/7/2026 20:23,IP Address,100,1369,TRUE,15/7/2026 20:23,R_5pMIOafK5PxxLW3,email,Saltwater,EN,1,,I agree,About once a week,20 years or more,"Fishing for fun, sport, or relaxation",,"The shoreline or bank of a water body,A fishing pier or boardwalk,A boat, kayak, or canoe",Good,Off,Off,On,On,Off,Off,Off,On,On,On,Off,Off,On,On,On,On,On,Off,Off,On,Off,On,On,Off,Off,Off,Off,Off,On,On,Off,Off,Off,Off,On,On,Off,Off,Off,On,On,On,On,Off,Off,Off,On,On,Off,Off,Off,Off,Off,On,On,Off,Off,Off,On,Off,Off,Off,Off,Off,Off,Off,Off,Off,Off,Off,Off,Off,Off,Off,Off,Off,No,No,No,No,No,No,No,No,Rarely,Often,Often,Often,Sometimes,Sometimes,Sometimes,Rarely,Sometimes,Rarely,Sometimes,Sometimes,Sometimes,Never,,Supportive,Strongly agree,Somewhat agree,Somewhat agree,Somewhat agree,Somewhat agree,Agree,Strongly agree,Strongly disagree,Strongly agree,Strongly disagree,0.89,4.96,4.96,10,10,No,45 - 54,Male,,33606,Hillsborough,,"$100,000 or more",,Not sure,"Small
(several square yards)","Moderate
(10 - 20 ft.)","Moderate
(some nooks and crannies)",Not sure,Not sure,Not sure,Not sure
17/7/2026 7:21,17/7/2026 7:27,IP Address,100,346,TRUE,17/7/2026 7:27,R_11HQmWIpIXDGRDb,email,Saltwater,EN,0.800000012,,I agree,About once a month,20 years or more,"Fishing for fun, sport, or relaxation",,"A boat, kayak, or canoe",Good,Off,Off,Off,Off,Off,Off,Off,Off,Off,Off,Off,Off,Off,Off,Off,Off,Off,Off,Off,Off,Off,Off,Off,Off,Off,Off,Off,Off,Off,Off,Off,Off,Off,Off,On,Off,Off,Off,Off,Off,Off,Off,Off,Off,Off,Off,Off,Off,Off,Off,Off,Off,Off,Off,Off,Off,Off,Off,Off,Off,Off,Off,Off,Off,Off,Off,Off,Off,Off,Off,Off,Off,Off,Off,Off,Off,No,No,No,No,No,No,No,No,Never,Always,Always,Rarely,Never,Always,Always,Always,Always,Sometimes,Never,Never,Never,Never,,Supportive,Agree,Disagree,Agree,Disagree,Somewhat agree,Somewhat disagree,Somewhat agree,Somewhat disagree,Somewhat agree,Somewhat disagree,5.13,8.69,8.65,5.3,5.52,No,55 - 64,Male,,33713,Pinellas,,"$75,001 - $100,000",10,,,,,,,,
17/7/2026 12:46,17/7/2026 13:02,IP Address,100,984,TRUE,17/7/2026 13:02,R_6f957JKFzAtpbLb,email,Saltwater,EN,1,,I agree,About once a week,20 years or more,"Fishing for fun, sport, or relaxation",,"A boat, kayak, or canoe",Excellent,Off,Off,Off,Off,Off,Off,Off,Off,Off,Off,Off,Off,Off,Off,Off,Off,Off,Off,Off,Off,Off,Off,Off,Off,Off,Off,Off,Off,Off,Off,Off,Off,Off,On,Off,Off,Off,Off,On,Off,Off,Off,Off,Off,On,On,Off,On,Off,Off,On,On,On,Off,On,On,Off,On,Off,Off,On,On,On,Off,Off,Off,Off,Off,Off,Off,Off,Off,Off,Off,Off,Off,No,No,No,No,Yes,Yes,No,No,Rarely,Sometimes,Always,Sometimes,Rarely,Sometimes,Always,Often,Always,Sometimes,Sometimes,Rarely,Rarely,Rarely,,Supportive,Somewhat agree,Somewhat disagree,Somewhat agree,Somewhat disagree,Somewhat agree,Somewhat disagree,Somewhat agree,Somewhat disagree,Somewhat agree,Somewhat disagree,1.5,1.16,1.55,10,10,No,55 - 64,Male,,33604,Hillsborough,,"$25,001 - $50,000",100,Not sure,Not sure,"Moderate
(10 - 20 ft.)",Not sure,Sometimes,Rarely,Sometimes,Never
18/7/2026 10:42,18/7/2026 10:52,IP Address,100,560,TRUE,18/7/2026 10:52,R_5zbCPwRAJ9bi0J9,email,Saltwater,EN,1,,I agree,About once a month,10 - 19 years,"Fishing for fun, sport, or relaxation",,"A boat, kayak, or canoe",Fair,Off,Off,Off,Off,Off,Off,Off,Off,Off,Off,Off,Off,Off,Off,Off,Off,Off,Off,Off,Off,Off,Off,Off,Off,Off,Off,Off,Off,Off,Off,Off,Off,Off,Off,Off,Off,Off,Off,Off,Off,Off,Off,Off,Off,Off,Off,Off,Off,Off,Off,Off,Off,Off,Off,Off,Off,Off,Off,Off,Off,Off,Off,Off,On,On,On,Off,On,On,Off,Off,Off,Off,Off,Off,Off,Yes,No,Yes,No,No,No,Yes,No,Rarely,Sometimes,Sometimes,Often,Often,Sometimes,Often,Often,Often,Rarely,Often,Often,Often,Never,,Supportive,Agree,Disagree,Agree,Disagree,Agree,Somewhat disagree,Agree,Somewhat disagree,Agree,Disagree,0.49,8.99,4.17,9.03,8.82,No,65 or older,Male,,34209,Manatee,,"$100,000 or more",200,"Moderate
(2 - 4 ft.)","Large
(1 acre or more)","Deep
(20 ft. or more)","Complex
(lots of holes, edges, and hiding spots)",Often,Not sure,Often,Not sure
18/7/2026 18:49,18/7/2026 19:15,IP Address,100,1581,TRUE,18/7/2026 19:15,R_7wPVbPROwXv4f7P,email,Saltwater,EN,1,,I agree,About once a month,10 - 19 years,"Fishing for fun, sport, or relaxation,Fishing for your own food",,"A boat, kayak, or canoe",Excellent,Off,Off,Off,Off,Off,Off,Off,Off,Off,Off,Off,Off,Off,Off,Off,Off,Off,Off,Off,Off,Off,Off,Off,Off,Off,Off,Off,Off,Off,Off,Off,Off,Off,Off,Off,Off,Off,Off,Off,Off,On,Off,Off,Off,Off,Off,On,On,Off,Off,On,Off,Off,On,On,Off,Off,Off,Off,Off,Off,On,Off,On,Off,Off,On,Off,Off,Off,Off,Off,Off,On,Off,Off,No,No,No,Yes,Yes,Yes,No,Yes,Often,Often,Often,Always,Always,Often,Always,Always,Often,Sometimes,Often,Always,Sometimes,Often,"Flounder, Mackerel",Supportive,Agree,Disagree,Agree,Somewhat disagree,Agree,Somewhat agree,Agree,Somewhat agree,Agree,Strongly disagree,0.87,7.77,7.8,0.93,10,No,55 - 64,Male,,34212,Manatee,,"$75,001 - $100,000",75,"Moderate
(2 - 4 ft.)","Large
(1 acre or more)","Deep
(20 ft. or more)","Complex
(lots of holes, edges, and hiding spots)",Often,Often,Always,Rarely
18/7/2026 20:18,18/7/2026 20:27,IP Address,100,542,TRUE,18/7/2026 20:27,R_5OrHkqC1IufH83u,email,Saltwater,EN,1,,I agree,About once a month,20 years or more,"Fishing for fun, sport, or relaxation",,"A boat, kayak, or canoe",Good,Off,Off,Off,Off,Off,On,On,Off,Off,Off,Off,On,Off,Off,Off,Off,Off,On,Off,Off,Off,Off,Off,On,On,Off,Off,Off,Off,Off,Off,Off,Off,Off,Off,Off,Off,Off,On,On,On,On,Off,Off,On,Off,On,On,Off,Off,Off,Off,Off,On,On,On,Off,Off,Off,Off,On,On,Off,Off,Off,Off,On,Off,Off,Off,Off,Off,On,On,On,On,No,Yes,Yes,Yes,No,Yes,No,Yes,Often,Often,Often,Often,Rarely,Often,Often,Often,Often,Rarely,Sometimes,Sometimes,Sometimes,Never,,Supportive,Somewhat agree,Disagree,Somewhat disagree,Disagree,Agree,Disagree,Agree,Disagree,Agree,Disagree,0,0,0,0,10,No,65 or older,Male,,33556,Hillsborough,,"$100,000 or more",200,"High
(5 ft. or more)","Medium
(less than 1 acre)","Deep
(20 ft. or more)","Complex
(lots of holes, edges, and hiding spots)",Often,Not sure,Sometimes,Rarely
19/7/2026 19:30,19/7/2026 19:37,IP Address,100,396,TRUE,19/7/2026 19:37,R_32m9nbbKjeegRnL,email,Saltwater,EN,1,,I agree,A few times,5 - 9 years,"Fishing for fun, sport, or relaxation",,"A boat, kayak, or canoe",Excellent,Off,Off,Off,Off,Off,Off,Off,Off,Off,Off,Off,Off,Off,Off,Off,Off,Off,Off,Off,Off,Off,Off,Off,Off,Off,Off,Off,Off,Off,Off,Off,Off,Off,Off,Off,Off,Off,Off,Off,Off,Off,Off,On,Off,Off,Off,Off,On,On,Off,Off,Off,Off,Off,Off,Off,Off,Off,Off,Off,Off,Off,Off,Off,Off,Off,Off,Off,Off,Off,Off,Off,Off,Off,Off,Off,No,No,No,No,No,No,No,No,Never,Never,Rarely,Often,Sometimes,Rarely,Never,Often,Rarely,Never,Sometimes,Always,Never,Never,,Supportive,Agree,Strongly disagree,Strongly agree,Strongly disagree,Strongly agree,Somewhat agree,Strongly disagree,Strongly agree,Strongly disagree,Somewhat agree,1.9,10,7.13,3.97,1.49,No,65 or older,Male,,34698,Pinellas,,"$100,000 or more",225,"Moderate
(2 - 4 ft.)","Medium
(less than 1 acre)","Moderate
(10 - 20 ft.)","Moderate
(some nooks and crannies)",Often,Never,Sometimes,Never
19/7/2026 20:44,19/7/2026 21:07,IP Address,100,1360,TRUE,19/7/2026 21:07,R_5CQkDbVY5ZgmnTu,email,Saltwater,EN,1,,I agree,A few times,5 - 9 years,"Fishing for fun, sport, or relaxation,Fishing for your own food",,"The shoreline or bank of a water body,A fishing pier or boardwalk",Good,Off,Off,Off,Off,Off,Off,Off,Off,Off,Off,Off,Off,Off,Off,Off,Off,Off,Off,Off,Off,Off,Off,Off,Off,Off,Off,Off,Off,Off,Off,Off,Off,Off,Off,Off,Off,Off,Off,Off,Off,Off,Off,Off,Off,Off,Off,Off,On,Off,Off,Off,Off,Off,On,On,Off,Off,Off,Off,Off,Off,On,Off,Off,Off,Off,Off,Off,Off,Off,Off,Off,On,On,Off,Off,No,No,Yes,Yes,Yes,No,No,No,Rarely,Sometimes,Always,Sometimes,Rarely,Often,Often,Often,Often,Rarely,Sometimes,Sometimes,Rarely,Often,Black Drum,Supportive,Strongly agree,Strongly agree,Strongly agree,Strongly agree,Strongly agree,Strongly disagree,Strongly agree,Strongly disagree,Strongly agree,Strongly disagree,0.86,0.92,0.96,4.72,9.99,No,45 - 54,Male,,33776,Pinellas,,"$100,000 or more",30,Not sure,Not sure,Not sure,Not sure,Not sure,Not sure,Not sure,Not sure
20/7/2026 9:46,20/7/2026 10:00,IP Address,100,842,TRUE,20/7/2026 10:00,R_60e4Dh0qEsvXq8T,email,Saltwater,EN,1,,I agree,About once a week,20 years or more,"Fishing for fun, sport, or relaxation,Fishing for your own food",,"A boat, kayak, or canoe",Excellent,Off,Off,Off,Off,Off,Off,Off,Off,Off,Off,Off,Off,Off,Off,Off,On,On,Off,Off,Off,Off,On,On,Off,Off,Off,Off,Off,On,On,Off,Off,Off,On,On,Off,Off,On,On,On,On,On,Off,On,On,Off,On,On,Off,Off,Off,Off,Off,On,On,On,Off,Off,Off,On,On,On,Off,Off,Off,On,On,Off,Off,Off,Off,Off,Off,Off,On,On,Yes,Yes,Yes,Yes,Yes,Yes,Yes,Yes,Rarely,Often,Often,Rarely,Rarely,Often,Often,Often,Often,Often,Often,Often,Often,Often,"Cobia, Pompano",Supportive,Agree,Disagree,Somewhat agree,Disagree,Strongly agree,Agree,Agree,Disagree,Agree,Disagree,8.08,9.97,0,3.77,3.9,No,55 - 64,Male,,33705,Pinellas,,"$100,000 or more",75,"Moderate
(2 - 4 ft.)","Small
(several square yards)","Moderate
(10 - 20 ft.)","Moderate
(some nooks and crannies)",Sometimes,Rarely,Sometimes,Never
20/7/2026 18:53,20/7/2026 19:10,IP Address,100,997,TRUE,20/7/2026 19:10,R_6Vdz6Ew0ive03kJ,email,Saltwater,EN,1,,I agree,A few times,20 years or more,"Fishing for fun, sport, or relaxation",,"A boat, kayak, or canoe",Excellent,On,On,Off,On,Off,Off,Off,Off,On,Off,Off,Off,Off,Off,Off,On,Off,Off,Off,Off,Off,On,On,Off,Off,Off,Off,Off,On,On,Off,Off,Off,Off,Off,Off,Off,Off,Off,On,On,Off,Off,Off,On,On,On,On,Off,Off,On,On,Off,On,On,On,Off,On,Off,On,On,On,On,Off,Off,Off,Off,Off,Off,Off,Off,Off,On,On,On,On,No,No,No,Yes,Yes,Yes,No,No,Often,Often,Often,Often,Never,Sometimes,Often,Often,Often,Rarely,Rarely,Never,Rarely,Sometimes,Cobia ,Supportive,Agree,Disagree,Agree,Disagree,Agree,Somewhat agree,Somewhat disagree,Somewhat agree,Somewhat disagree,Somewhat agree,2.94,5.08,3.71,5.77,7.08,No,55 - 64,Male,,33781,Pinellas,,"$75,001 - $100,000",50,,,,,,,,
21/7/2026 22:59,21/7/2026 23:06,IP Address,100,452,TRUE,21/7/2026 23:06,R_6njzwK0thp5pB4o,email,Saltwater,EN,1,,I agree,Many times a week,10 - 19 years,"Fishing for fun, sport, or relaxation",,"A boat, kayak, or canoe",Excellent,On,On,Off,On,On,On,On,Off,Off,Off,Off,Off,Off,Off,Off,Off,Off,Off,Off,Off,Off,Off,Off,Off,Off,Off,Off,Off,Off,Off,Off,Off,Off,Off,Off,Off,Off,Off,Off,Off,Off,Off,Off,Off,Off,Off,Off,Off,Off,Off,Off,Off,Off,Off,Off,Off,Off,Off,Off,Off,Off,Off,Off,Off,Off,Off,Off,Off,Off,Off,Off,Off,Off,Off,Off,Off,No,No,No,No,No,Yes,No,No,Often,Often,Always,Rarely,Rarely,Sometimes,Always,Often,Always,Often,Sometimes,Sometimes,Rarely,Never,None,Neutral,Somewhat agree,Somewhat agree,Somewhat agree,Somewhat agree,Somewhat agree,Somewhat agree,Somewhat agree,Somewhat agree,Somewhat agree,Somewhat agree,5.02,5.07,5.16,5.23,5.2,Yes,18 - 24,Male,,33615,Hillsborough,,"$25,000 or less",30,Not sure,Not sure,Not sure,Not sure,Not sure,Not sure,Not sure,Not sure
28/7/2026 17:27,28/7/2026 17:38,IP Address,100,649,TRUE,28/7/2026 17:38,R_5Cm4nWIyhKRRqEg,email,Saltwater,EN,1,,I agree,About once a month,20 years or more,"Fishing for fun, sport, or relaxation",,"A boat, kayak, or canoe",Excellent,On,On,Off,On,On,On,Off,Off,Off,Off,Off,Off,Off,Off,Off,On,On,Off,Off,Off,Off,Off,On,Off,Off,Off,Off,Off,Off,Off,Off,Off,Off,Off,Off,Off,Off,Off,Off,Off,Off,Off,Off,Off,Off,Off,On,On,Off,Off,Off,Off,Off,On,Off,Off,Off,Off,Off,Off,Off,Off,Off,Off,Off,Off,Off,Off,Off,Off,Off,Off,Off,Off,Off,Off,No,No,Yes,Yes,No,No,No,No,Sometimes,Often,Often,Never,Never,Rarely,Always,Sometimes,Always,Often,Never,Never,Never,Never,,Supportive,Agree,Disagree,Agree,Disagree,Agree,Agree,Somewhat agree,Agree,Somewhat agree,Somewhat disagree,4.92,4.92,4.91,4.96,5.01,No,55 - 64,Male,,,Hillsborough,,,75,,,,,,,,