"ResponseId","LICENSE","AGE","GENDER","GENDER_OTHER_TEXT","ZIPCODE","COUNTY","COUNTY_OTHER_TEXT","INCOME","COSTS","FREQUENCY","DURATION","SKILL","REASONS_N","REASON_FUN","REASON_FOOD","REASON_SELL","REASON_CHARTER","REASON_OTHER","REASON_OTHER_TEXT","LOCATIONS_N","LOCATION_VESSEL","LOCATION_SHORE","LOCATION_PIER","ZONES_N","ZONE_1","ZONE_2","ZONE_3","ZONE_4","ZONE_5","ZONE_6","ZONE_7","ZONE_8","ZONE_9","ZONE_10","ZONE_11","ZONE_12","ZONE_13","ZONE_14","ZONE_15","ZONE_16","ZONE_17","ZONE_18","ZONE_19","ZONE_20","ZONE_21","ZONE_22","ZONE_23","ZONE_24","ZONE_25","ZONE_26","ZONE_27","ZONE_28","ZONE_29","ZONE_30","ZONE_31","ZONE_32","ZONE_33","ZONE_34","ZONE_35","ZONE_36","ZONE_37","ZONE_38","ZONE_39","ZONE_40","ZONE_41","ZONE_42","ZONE_43","ZONE_44","ZONE_45","ZONE_46","ZONE_47","ZONE_48","ZONE_49","ZONE_50","ZONE_51","ZONE_52","ZONE_53","ZONE_54","ZONE_55","ZONE_56","ZONE_57","ZONE_58","ZONE_59","ZONE_60","ZONE_61","ZONE_62","ZONE_63","ZONE_64","ZONE_65","ZONE_66","ZONE_67","ZONE_68","ZONE_69","ZONE_70","ZONE_71","ZONE_72","ZONE_73","ZONE_74","ZONE_75","ZONE_76","PRESSURES_N","PRESSURE_STORMS","PRESSURE_HABLOSS","PRESSURE_WQUALITY","PRESSURE_FISHPOP","PRESSURE_ANGLERS","PRESSURE_DEVELOP","PRESSURE_COSTS","PRESSURE_POLICY","SPECIES_OFTEN_N","SPECIES_SNOOK","SPECIES_SEATROUT","SPECIES_REDDRUM","SPECIES_TARPON","SPECIES_SHEEPSHEAD","SPECIES_SNAPPER","SPECIES_GROUPER","SPECIES_OTHER","SPECIES_OTHER_TEXT","HABITAT_SEAGRASS","HABITAT_HARDBTM","HABITAT_ARTREEF","HABITAT_RIVER","HABITAT_SHORELINE","HABITAT_INFRASTR","AR_RELIEF","AR_SIZE","AR_DEPTH","AR_COMPLEX","AR_MATERIAL_CONCRETE","AR_MATERIAL_PREFAB","AR_MATERIAL_ROCK","AR_MATERIAL_TIRE","CONCRETE_ATTRACTFISH","CONCRETE_WORSEWQ","CONCRETE_SEDSTABILIZE","CONCRETE_DAMAGEHAB","CONCRETE_RESTORETOOL","TIRE_ATTRACTFISH","TIRE_WORSEWQ","TIRE_SEDSTABILIZE","TIRE_DAMAGEHAB","TIRE_RESTORETOOL","FUNDING","AWARE","ACTION_MONITOR","ACTION_STABILIZE","ACTION_COVER","ACTION_REMOVEPART","ACTION_REMOVEALL"
"R_50xfLg5IFupKFff","Charter","45 - 54","Male",NA,"33626","Hillsborough",NA,"$100,000 or more",100,"Many times a week","5 - 9 years","Excellent",1,0,0,0,1,0,NA,1,1,0,0,16,1,1,0,1,1,1,1,0,1,1,1,1,0,0,0,1,1,1,0,0,0,1,1,1,0,0,0,0,0,0,0,0,0,0,0,0,0,0,0,0,0,0,0,0,0,0,0,0,0,0,0,0,0,0,0,0,0,0,0,0,0,0,0,0,0,0,0,0,0,0,0,0,0,0,0,0,5,0,1,1,1,1,0,1,0,3,"Always","Always","Always","Sometimes","Rarely","Rarely","Rarely","Sometimes","Triple tail","Often","Rarely","Rarely","Sometimes","Always","Sometimes","High","Medium","Moderate","Not sure","Sometimes","Not sure","Sometimes","Not sure","Strongly agree","Disagree","Somewhat agree","Disagree","Strongly agree","Somewhat disagree","Agree","Somewhat agree","Agree","Disagree","Neutral","No",5.13,9.85,3.69,9.87,10
"R_1TlQh4A7JfKS9dT","Charter","25 - 34","Male",NA,"33706","Pinellas",NA,"$25,000 or less",70,"About once a week","20 years or more","Excellent",1,0,0,0,1,0,NA,2,1,1,0,10,0,0,0,0,0,0,0,0,0,0,0,0,0,0,0,0,0,0,0,0,0,0,0,0,0,0,0,0,0,0,0,0,0,0,0,0,0,0,0,1,1,0,0,0,0,0,1,1,0,0,0,0,0,1,1,0,0,0,1,0,0,0,0,0,0,0,0,0,0,0,0,0,0,1,1,1,6,0,1,1,1,1,1,1,0,5,"Always","Always","Always","Often","Rarely","Rarely","Sometimes","Always","Jack Crevalle","Always","Never","Never","Rarely","Always","Always",NA,NA,NA,NA,NA,NA,NA,NA,"Strongly agree","Strongly disagree","Strongly agree","Strongly disagree","Strongly agree","Strongly agree","Strongly disagree","Strongly agree","Strongly disagree","Strongly agree","Supportive","No",10,10,10,0,0
"R_3eXHFP0LgzhR4ii","Charter","65 or older","Male",NA,"33707","Pinellas",NA,"$25,001 - $50,000",200,"Many times a week","20 years or more","Excellent",2,1,0,0,1,0,NA,1,1,0,0,14,0,0,0,1,0,0,0,0,0,0,0,0,0,0,0,0,0,0,0,0,0,0,0,0,0,0,0,0,0,0,0,0,0,0,0,0,0,0,0,1,1,1,0,0,0,0,1,1,0,0,0,0,0,1,1,0,1,0,0,0,0,1,0,1,1,1,0,0,0,0,0,0,0,0,0,1,6,1,1,1,1,1,0,1,0,3,"Often","Often","Sometimes","Always","Sometimes","Rarely","Never","Sometimes","Sharks","Often","Never","Never","Rarely","Often","Sometimes",NA,NA,NA,NA,NA,NA,NA,NA,"Agree","Disagree","Agree","Disagree","Strongly agree","Disagree","Strongly agree","Somewhat disagree","Strongly agree","Disagree","Supportive","No",1.44,0,0,0,10
"R_7UfwJWJ3JMRc0mz","Charter","65 or older","Male",NA,"33556","Hillsborough",NA,"$100,000 or more",50,"Many times a week","20 years or more","Excellent",1,1,0,0,0,0,NA,1,1,0,0,13,0,0,0,0,0,0,0,0,0,0,0,0,0,0,0,0,0,0,0,0,0,0,0,0,0,0,0,0,0,0,0,0,0,0,1,1,0,0,0,1,1,1,1,0,0,0,1,1,1,0,0,0,0,1,1,1,0,0,0,0,1,0,0,0,0,0,0,0,0,0,0,0,0,0,0,0,4,1,1,1,1,0,0,0,0,4,"Sometimes","Always","Sometimes","Often","Sometimes","Often","Often","Rarely",NA,"Always","Sometimes","Rarely","Never","Often","Often","Moderate","Medium","Moderate","Moderate","Sometimes","Rarely","Sometimes","Sometimes","Strongly agree","Disagree","Agree","Disagree","Agree","Somewhat agree","Somewhat agree","Somewhat agree","Somewhat agree","Disagree","Supportive","No",2.4,3.84,1.93,8.02,6.23
"R_6q9eQXqH4EEIHGp","Charter","55 - 64","Male",NA,"33582","Hillsborough",NA,"$100,000 or more",130,"Many times a week","20 years or more","Excellent",3,1,0,0,1,1,"Turbidity monitor for dredging operations for Tampa Bay Shipping channel dredge maintenance operations",1,1,0,0,48,0,0,0,0,0,0,0,0,0,0,0,0,0,0,0,0,0,0,1,1,1,0,1,1,1,1,1,0,1,1,1,1,1,1,1,1,1,1,1,1,1,1,1,1,1,1,1,1,1,1,1,0,1,1,1,1,1,1,0,0,1,1,1,1,1,1,1,1,1,1,1,0,0,0,0,0,6,1,1,1,1,1,1,0,0,5,"Often","Often","Often","Rarely","Sometimes","Often","Rarely","Often","Mackeral","Often","Often","Often","Often","Often","Often","High","Medium","Deep","Complex","Often","Rarely","Often","Not sure","Agree","Somewhat disagree","Strongly agree","Strongly disagree","Strongly agree","Somewhat disagree","Somewhat agree","Somewhat disagree","Agree","Somewhat disagree","Supportive","No",1.95,2.33,2.48,9.34,8.2
"R_3Tnm2nBbHpBC6lz","Charter","25 - 34","Male",NA,"34249","Sarasota",NA,"$50,001 - $75,000",450,"About once a month","20 years or more","Excellent",1,0,0,0,1,0,NA,1,1,0,0,15,0,0,0,0,0,0,0,0,0,0,0,0,0,0,0,0,0,0,0,0,0,0,0,0,0,0,0,0,0,0,0,0,0,0,0,0,0,0,0,0,0,0,0,0,0,0,0,0,0,0,0,0,0,1,1,1,1,0,1,1,1,1,0,1,1,1,1,1,1,1,0,0,0,0,0,0,2,0,0,0,0,1,1,0,0,8,"Always","Always","Always","Always","Always","Always","Always","Always",NA,"Always","Always","Always","Sometimes","Always","Always","Not sure","Medium","Deep","Moderate","Always","Always","Always","Never","Strongly agree","Strongly disagree","Strongly agree","Strongly disagree","Strongly agree","Somewhat disagree","Agree","Somewhat disagree","Somewhat agree","Somewhat disagree","Supportive","No",2,10,6.01,3.13,3.11
"R_1Jt5PeTYtEXPVbw","Charter","45 - 54","Male",NA,"33603","Hillsborough",NA,"$50,001 - $75,000",125,"Many times a week","20 years or more","Excellent",1,0,0,0,1,0,NA,1,1,0,0,39,1,1,1,1,1,1,1,1,1,1,1,1,1,1,1,1,1,1,1,1,1,1,1,1,1,1,1,0,1,1,1,1,1,1,1,0,0,0,0,0,0,1,0,0,0,0,1,1,0,0,0,0,0,1,1,0,0,0,0,0,0,0,0,0,0,0,0,0,0,0,0,0,0,0,0,0,6,1,1,1,1,1,0,1,0,5,"Often","Often","Often","Sometimes","Rarely","Often","Rarely","Often","Mackerel","Often","Rarely","Sometimes","Often","Often","Often","Moderate","Medium","Moderate","Moderate","Sometimes","Sometimes","Sometimes","Never","Agree","Disagree","Agree","Somewhat disagree","Agree","Strongly disagree","Somewhat agree","Somewhat agree","Somewhat agree","Disagree","Supportive","No",1.79,10,1.63,0.74,10
"R_5nTLQaLi89rV5Br","Charter","35 - 44","Male",NA,"33709","Pinellas",NA,"$50,001 - $75,000",200,"Many times a week","20 years or more","Excellent",1,0,0,0,1,0,NA,1,1,0,0,31,0,0,0,0,0,0,0,0,0,0,0,0,0,0,0,0,0,0,0,0,0,1,1,0,0,0,0,0,1,1,0,0,0,0,1,0,0,0,0,1,1,1,1,1,1,0,1,1,1,1,1,1,0,1,1,1,1,1,1,0,1,1,1,1,0,1,1,0,0,0,0,0,0,0,1,1,4,0,0,0,1,1,1,1,0,3,"Often","Often","Often","Sometimes","Sometimes","Sometimes","Rarely","Sometimes","Sharks","Often","Sometimes","Sometimes","Rarely","Often","Sometimes","Moderate","Not sure","Moderate","Not sure","Sometimes","Not sure","Sometimes","Not sure","Strongly agree","Strongly disagree","Strongly agree","Disagree","Strongly agree","Somewhat agree","Somewhat agree","Strongly agree","Somewhat disagree","Somewhat agree","Supportive","Yes",5.44,6.34,10,7.69,1.72
"R_7NfCEPkVpZiNNVn","Charter","65 or older","Male",NA,"34210","Manatee",NA,"$100,000 or more",200,"Many times a week","10 - 19 years","Excellent",1,1,0,0,0,0,NA,1,1,0,0,13,0,0,0,0,0,0,0,0,0,0,0,0,0,0,0,0,0,0,0,0,0,0,0,0,0,0,0,0,0,0,0,0,0,0,0,0,0,0,0,0,0,0,0,0,0,0,0,0,0,0,0,0,0,0,0,0,1,1,0,0,0,1,1,1,1,1,1,1,1,1,1,1,0,0,0,0,4,0,0,0,1,1,1,0,1,5,"Often","Often","Often","Sometimes","Often","Often","Sometimes","Never",NA,"Often","Often","Often","Rarely","Always","Rarely","Moderate","Large","Deep","Moderate","Sometimes","Not sure","Often","Not sure","Strongly agree","Disagree","Agree","Disagree","Agree","Somewhat disagree","Strongly agree","Disagree","Strongly agree","Disagree","Supportive","No",1.8,0,10,0.33,10
"R_6WxnUtpYZv9m0t2","Charter","35 - 44","Male",NA,"33704","Pinellas",NA,"$100,000 or more",200,"Many times a week","20 years or more","Excellent",3,1,1,0,1,0,NA,1,1,0,0,16,0,0,0,0,0,0,0,0,0,0,0,0,0,0,0,0,0,0,0,0,0,0,0,0,0,0,0,0,0,0,0,0,0,0,0,0,0,0,0,1,1,1,0,0,0,0,1,1,1,0,0,0,0,1,1,1,1,0,1,1,0,0,0,1,1,0,0,0,0,0,0,0,0,0,1,1,7,1,1,1,1,1,1,1,0,6,"Often","Often","Often","Often","Rarely","Sometimes","Often","Often","Cobia","Often","Often","Often","Sometimes","Often","Often","Moderate","Large","Deep","Complex","Often","Sometimes","Sometimes","Not sure","Somewhat agree","Strongly disagree","Agree","Disagree","Agree","Disagree","Somewhat agree","Somewhat agree","Somewhat agree","Somewhat disagree","Supportive","No",5.46,0.8,7.24,4.36,7.46
"R_57OScckIQR03lQk","Charter","65 or older","Male",NA,"34209","Manatee",NA,"$50,001 - $75,000",100,"About once a week","20 years or more","Good",2,1,0,0,1,0,NA,1,1,0,0,18,0,0,0,0,0,0,0,0,0,0,0,0,0,0,0,0,0,0,0,0,0,0,0,0,0,0,0,0,0,0,0,0,0,0,0,0,0,0,0,1,0,0,0,0,1,0,1,1,0,0,1,0,0,1,1,0,0,1,0,0,1,1,1,0,0,1,1,1,1,1,1,1,0,0,0,0,7,1,1,1,1,1,1,0,1,3,"Often","Often","Often","Rarely","Sometimes","Sometimes","Sometimes","Sometimes","Flounder","Often","Sometimes","Sometimes","Sometimes","Often","Sometimes","Moderate","Not sure","Moderate","Not sure","Sometimes","Sometimes","Not sure","Not sure","Somewhat agree","Somewhat disagree","Somewhat disagree","Disagree","Somewhat agree","Disagree","Disagree","Disagree","Somewhat agree","Disagree","Neutral","No",7.13,7.21,1.81,7.63,7.63
"R_6EXMjhpXdVVKUYw","Charter","25 - 34","Male",NA,"33707","Pinellas",NA,"$50,001 - $75,000",100,"Many times a week","5 - 9 years","Excellent",1,0,0,0,1,0,NA,1,1,0,0,30,0,0,0,0,0,0,0,0,0,0,0,0,0,0,0,0,0,0,0,0,0,0,0,0,0,0,0,0,0,0,0,0,0,0,0,0,0,0,1,1,1,1,0,0,1,1,1,1,1,1,1,1,1,1,1,1,1,1,1,1,1,1,1,1,1,1,1,1,1,1,0,0,0,0,0,0,7,1,1,0,1,1,1,1,1,6,"Always","Always","Always","Often","Sometimes","Often","Often","Sometimes","Hogfish","Always","Often","Sometimes","Often","Always","Sometimes","Moderate","Medium","Moderate","Moderate","Sometimes","Sometimes","Often","Never","Strongly agree","Strongly agree","Strongly agree","Strongly agree","Strongly agree","Agree","Somewhat disagree","Somewhat disagree","Somewhat disagree","Somewhat disagree","Supportive","No",8.25,9.64,10,3.64,2.83
"R_3G1nEZUEUH00o2l","Charter","55 - 64","Male",NA,"33570","Hillsborough",NA,"$100,000 or more",250,"About once a month","20 years or more","Good",1,1,0,0,0,0,NA,1,1,0,0,16,0,0,0,0,0,0,0,0,0,0,0,0,0,0,0,0,0,0,0,0,0,0,0,0,0,0,0,0,0,0,0,0,0,0,0,1,0,0,0,1,1,0,0,0,1,0,1,1,0,0,1,0,0,1,1,0,1,1,0,0,0,1,0,1,0,1,1,1,0,0,0,0,0,0,0,0,5,1,1,1,0,1,0,1,0,0,"Sometimes","Sometimes","Sometimes","Rarely","Sometimes","Sometimes","Sometimes","Sometimes",NA,"Often","Often","Often","Often","Often","Often","High","Large","Deep","Moderate","Often","Sometimes","Often","Sometimes","Strongly agree","Disagree","Strongly agree","Strongly disagree","Strongly agree","Strongly agree","Strongly disagree","Strongly agree","Somewhat disagree","Strongly agree","Supportive","No",6.22,5.04,0.82,0.71,0.5
"R_5yONlUGOC0fw4kV","General","25 - 34","Male",NA,"33774","Pinellas",NA,"$75,001 - $100,000",NA,"About once a week","10 - 19 years","Excellent",1,1,0,0,0,0,NA,1,1,0,0,7,0,0,0,0,0,0,0,0,0,0,0,0,0,0,0,0,0,0,0,0,0,0,0,0,0,0,0,0,0,0,0,0,0,0,0,0,0,0,0,1,0,0,0,0,0,0,1,1,0,0,0,0,0,1,0,0,0,0,0,0,0,0,0,0,0,0,0,0,0,0,0,0,0,1,1,1,4,0,0,0,1,1,1,1,0,1,"Sometimes","Often","Rarely","Never","Rarely","Rarely","Rarely","Never",NA,"Often","Often","Sometimes","Never","Often","Often","High","Medium","Moderate","Simple","Often","Not sure","Often","Not sure","Strongly agree","Strongly disagree","Strongly agree","Strongly disagree","Strongly agree","Somewhat disagree","Somewhat agree","Somewhat agree","Somewhat agree","Somewhat agree","Supportive","No",0.76,1.27,0.99,8.5,9.69
"R_1R7wvZSvH3cgOTv","General","55 - 64","Male",NA,"33609","Hillsborough",NA,"$100,000 or more",200,"About once a month","10 - 19 years","Excellent",1,1,0,0,0,0,NA,1,1,0,0,27,0,0,0,0,0,0,0,1,1,1,1,1,0,0,0,1,1,1,0,0,0,1,1,1,0,0,0,0,1,1,1,1,0,0,1,1,1,1,1,0,0,1,1,1,1,0,0,0,1,1,1,0,0,0,0,0,0,0,0,0,0,0,0,0,0,0,0,0,0,0,0,0,0,0,0,0,3,0,0,1,1,1,0,0,0,5,"Often","Often","Often","Rarely","Often","Often","Sometimes","Rarely",NA,"Often","Often","Sometimes","Rarely","Often","Often","Moderate","Medium","Deep","Moderate","Sometimes","Sometimes","Often","Never","Agree","Strongly disagree","Somewhat agree","Disagree","Agree","Somewhat disagree","Agree","Somewhat disagree","Agree","Somewhat agree","Supportive","No",2.92,2.89,1.85,8.2,10
"R_5SuhmIV7pSwEfgW","General","55 - 64","Male",NA,"33545","Pasco",NA,"$75,001 - $100,000",50,"A few times","5 - 9 years","Fair",1,1,0,0,0,0,NA,2,0,1,1,7,0,0,0,0,0,0,0,0,0,0,0,0,0,0,0,0,0,0,1,0,0,0,0,1,1,0,0,0,0,0,0,0,0,0,0,0,0,0,0,1,0,0,0,0,0,0,1,0,0,0,0,0,0,1,0,0,0,0,0,0,0,0,0,0,0,0,0,0,0,0,0,0,0,1,0,0,0,0,0,0,0,0,0,0,0,1,"Sometimes","Sometimes","Rarely","Sometimes","Rarely","Often","Sometimes","Sometimes",NA,"Rarely","Often","Sometimes","Rarely","Sometimes","Often","High","Medium","Moderate","Moderate","Sometimes","Sometimes","Sometimes","Not sure","Somewhat agree","Somewhat disagree","Somewhat agree","Somewhat agree","Somewhat agree","Somewhat disagree","Somewhat agree","Somewhat disagree","Somewhat agree","Somewhat disagree","Supportive","No",0.91,7,3.73,10,10
"R_5B2nIP983xneWtS","General","45 - 54","Male",NA,"34219","Manatee",NA,"$100,000 or more",300,"About once a week","1 - 4 years","Good",1,1,0,0,0,0,NA,1,1,0,0,11,0,0,0,0,0,0,0,0,0,0,0,0,0,0,0,0,0,0,0,0,0,0,0,0,0,0,0,0,0,0,0,0,0,0,0,0,0,0,0,0,0,0,0,0,0,0,0,0,0,0,0,0,0,0,0,0,0,0,0,0,1,1,0,1,1,1,1,1,1,1,1,1,0,0,0,0,3,0,1,0,0,0,1,0,1,6,"Always","Always","Always","Always","Sometimes","Always","Often","Sometimes","Spanish Mackerel","Often","Rarely","Sometimes","Often","Often","Often","Not sure","Large","Deep","Moderate","Often","Not sure","Sometimes","Not sure","Agree","Somewhat disagree","Somewhat agree","Somewhat disagree","Somewhat agree","Somewhat disagree","Somewhat agree","Somewhat disagree","Somewhat disagree","Somewhat disagree","Supportive","No",4.03,4.96,7.06,5.08,5.1
"R_6gvkShk4EXYMIDS","General","18 - 24","Male",NA,"33823","Polk",NA,"$75,001 - $100,000",150,"About once a week","1 - 4 years","Good",1,1,0,0,0,0,NA,1,1,0,0,15,0,0,0,0,0,0,0,0,0,0,0,0,0,0,0,0,0,0,0,0,0,0,0,0,0,0,0,0,0,0,0,0,0,0,0,0,0,1,1,0,0,0,0,0,1,0,1,1,0,0,1,1,0,1,1,0,0,1,1,0,1,1,1,1,0,0,0,0,0,0,0,0,0,0,0,0,2,0,0,0,1,1,0,0,0,3,"Often","Sometimes","Often","Often","Sometimes","Sometimes","Sometimes","Sometimes",NA,"Often","Sometimes","Sometimes","Rarely","Often","Often","Not sure","Not sure","Not sure","Not sure","Not sure","Not sure","Not sure","Not sure","Somewhat agree","Somewhat disagree","Somewhat agree","Somewhat agree","Somewhat agree","Somewhat agree","Somewhat agree","Somewhat disagree","Somewhat disagree","Somewhat agree","Supportive","No",5.73,5.7,0.59,0.6,0.35
"R_6ANzZ3WN33U9j6K","General","45 - 54","Male",NA,"33579","Hillsborough",NA,"$100,000 or more",20,"About once a month","1 - 4 years","Good",1,1,0,0,0,0,NA,1,1,0,0,3,0,0,0,0,0,0,0,0,0,0,0,0,0,0,0,0,0,0,0,0,0,0,0,1,1,0,0,0,0,0,0,0,0,0,0,0,0,0,0,0,0,0,0,0,0,0,1,0,0,0,0,0,0,0,0,0,0,0,0,0,0,0,0,0,0,0,0,0,0,0,0,0,0,0,0,0,1,0,0,0,0,1,0,0,0,3,"Often","Often","Often","Sometimes","Never","Rarely","Never","Rarely","Mackerel","Often","Rarely","Rarely","Sometimes","Often","Rarely","Low","Small","Moderate","Simple","Rarely","Rarely","Rarely","Never","Agree","Somewhat disagree","Somewhat agree","Disagree","Somewhat agree","Somewhat agree","Somewhat disagree","Somewhat agree","Somewhat disagree","Somewhat agree","Supportive","No",5.3,5.4,5.55,7.24,3.14
"R_5pmJKcORYTWyYvy","General","25 - 34","Male",NA,"33565","Hillsborough",NA,"$100,000 or more",50,"About once a week","5 - 9 years","Excellent",1,1,0,0,0,0,NA,1,1,0,0,25,0,0,0,0,0,0,0,0,0,0,0,0,0,0,0,1,1,1,0,0,1,1,1,1,1,1,1,0,0,0,0,1,1,1,0,0,0,1,1,1,1,0,0,1,1,1,1,1,0,0,1,0,0,1,1,0,0,0,0,0,0,0,0,0,0,0,0,0,0,0,0,0,0,0,0,0,2,0,0,0,1,1,0,0,0,2,"Always","Sometimes","Always","Rarely","Never","Rarely","Never","Never",NA,"Often","Rarely","Rarely","Rarely","Always","Often","Not sure","Not sure","Not sure","Not sure","Not sure","Not sure","Not sure","Not sure","Agree","Disagree","Somewhat agree","Somewhat disagree","Somewhat agree","Somewhat agree","Somewhat agree","Somewhat agree","Somewhat agree","Somewhat agree","Neutral","No",5.06,7.51,5.01,5.81,2.44
"R_1iOsE5CWaZw6Lm4","General","25 - 34","Male",NA,"33803","Polk",NA,"$50,001 - $75,000",100,"About once a week","1 - 4 years","Excellent",2,1,1,0,0,0,NA,1,1,0,0,32,0,0,0,0,0,0,0,0,0,0,0,0,0,0,0,1,1,1,0,0,0,1,1,1,0,0,0,0,1,1,1,0,0,0,1,1,1,1,1,0,0,0,1,1,1,1,1,1,1,1,1,1,0,1,1,1,1,1,1,1,1,0,0,0,0,0,0,0,0,0,0,0,0,0,0,0,3,1,0,0,0,1,1,0,0,6,"Always","Always","Always","Rarely","Often","Often","Often","Sometimes","Flounder","Often","Often","Often","Often","Often","Often","Not sure","Not sure","Deep","Complex","Not sure","Not sure","Not sure","Not sure","Agree","Strongly disagree","Agree","Strongly disagree","Strongly agree","Somewhat agree","Somewhat agree","Somewhat agree","Somewhat agree","Somewhat agree","Supportive","No",7.97,7.91,7.94,5.4,2.68
"R_36rPmft2nq5QlBn","General","55 - 64","Male",NA,"33547","Hillsborough",NA,"$100,000 or more",400,"About once a month","1 - 4 years","Good",2,1,1,0,0,0,NA,3,1,1,1,6,0,0,0,0,0,0,0,0,0,0,0,0,0,0,0,0,0,0,0,0,0,0,0,0,0,0,0,0,0,0,0,0,0,0,0,0,0,0,0,0,0,0,0,0,0,0,0,0,0,1,0,0,0,1,0,0,1,0,0,0,1,1,0,0,1,0,0,0,0,0,0,0,0,0,0,0,4,1,0,0,0,1,0,1,1,2,"Sometimes","Sometimes","Sometimes","Sometimes","Sometimes","Often","Often","Sometimes","Pompano","Often","Always","Often","Sometimes","Often","Often","High","Medium","Deep","Not sure","Sometimes","Sometimes","Often","Not sure","Strongly agree","Somewhat disagree","Somewhat agree","Disagree","Agree","Somewhat agree","Somewhat agree","Disagree","Agree","Somewhat disagree","Supportive","No",1.8,4.75,6.83,6.08,4.75
"R_1oLy7kmWey0t5Uq","General","55 - 64","Male",NA,"33613","Hillsborough",NA,"$25,001 - $50,000",30,"A few times","20 years or more","Good",1,1,0,0,0,0,NA,1,0,1,0,3,1,0,0,0,0,0,0,0,0,0,0,1,0,0,0,0,0,0,0,0,0,0,0,1,0,0,0,0,0,0,0,0,0,0,0,0,0,0,0,0,0,0,0,0,0,0,0,0,0,0,0,0,0,0,0,0,0,0,0,0,0,0,0,0,0,0,0,0,0,0,0,0,0,0,0,0,0,0,0,0,0,0,0,0,0,3,"Often","Often","Often","Never","Never","Never","Never","Never",NA,"Often","Rarely","Rarely","Never","Often","Rarely","Not sure","Not sure","Not sure","Not sure","Not sure","Not sure","Not sure","Not sure","Agree","Disagree","Agree","Disagree","Agree","Agree","Disagree","Agree","Disagree","Agree","Supportive","No",0.74,10,10,0,0
"R_5FJ0dF9sQUPgAym","General","45 - 54","Female",NA,"33527","Hillsborough",NA,"$50,001 - $75,000",100,"About once a week","1 - 4 years","Good",1,1,0,0,0,0,NA,1,1,0,0,18,0,0,0,1,1,1,0,0,1,1,1,1,1,1,0,0,1,1,1,1,0,0,1,0,0,1,0,0,0,0,1,1,1,0,0,0,0,0,0,0,0,0,0,0,0,0,0,0,0,0,0,0,0,0,0,0,0,0,0,0,0,0,0,0,0,0,0,0,0,0,0,0,0,0,0,0,0,0,0,0,0,0,0,0,0,0,"Rarely","Rarely","Rarely","Rarely","Sometimes","Sometimes","Sometimes","Sometimes",NA,"Never","Never","Never","Never","Never","Rarely",NA,NA,NA,NA,NA,NA,NA,NA,"Somewhat disagree","Somewhat disagree","Somewhat agree","Agree","Somewhat agree","Disagree","Agree","Disagree","Agree","Disagree","Supportive","No",3.43,5.13,0.6,7.61,5.49
"R_3LbQReAP119MBIP","General","25 - 34","Male",NA,"33604","Hillsborough",NA,"$75,001 - $100,000",40,"About once a week","20 years or more","Excellent",2,1,1,0,0,0,NA,1,1,0,0,5,1,1,0,0,1,1,1,0,0,0,0,0,0,0,0,0,0,0,0,0,0,0,0,0,0,0,0,0,0,0,0,0,0,0,0,0,0,0,0,0,0,0,0,0,0,0,0,0,0,0,0,0,0,0,0,0,0,0,0,0,0,0,0,0,0,0,0,0,0,0,0,0,0,0,0,0,2,0,1,0,0,1,0,0,0,3,"Often","Often","Often","Never","Sometimes","Sometimes","Never","Never",NA,"Sometimes","Rarely","Rarely","Often","Often","Sometimes","Not sure","Medium","Shallow","Complex","Often","Never","Often","Never","Agree","Disagree","Somewhat agree","Somewhat agree","Somewhat agree","Disagree","Agree","Somewhat agree","Somewhat agree","Disagree","Supportive","No",5.02,5.06,5.23,5.2,10
"R_6eP0Nit643VUphJ","General","45 - 54","Male",NA,"33616","Hillsborough",NA,"$100,000 or more",250,"About once a month","5 - 9 years","Good",1,1,0,0,0,0,NA,1,1,0,0,21,0,0,0,0,0,0,0,0,0,0,0,0,0,0,0,0,0,0,0,0,0,0,0,1,1,1,0,0,0,0,1,1,0,0,0,1,1,0,0,0,0,0,1,1,0,0,0,0,1,1,1,0,0,0,0,1,1,0,1,1,1,1,0,1,1,1,0,0,0,0,0,0,0,0,0,0,3,0,0,0,1,1,0,0,1,3,"Often","Never","Never","Never","Sometimes","Always","Always","Sometimes","Shark","Sometimes","Often","Often","Often","Rarely","Often","Moderate","Large","Deep","Moderate","Sometimes","Sometimes","Sometimes","Never","Somewhat agree","Strongly disagree","Agree","Strongly disagree","Strongly agree","Disagree","Agree","Agree","Agree","Somewhat disagree","Supportive","No",4.89,6.79,8.25,9.2,10
"R_1Jk0R5aC7GrA8Kl","General","45 - 54","Male",NA,"34652","Pasco",NA,"$50,001 - $75,000",50,"About once a month","Less than a year","Good",1,1,0,0,0,0,NA,1,1,0,0,8,0,0,0,0,0,0,0,0,0,0,0,0,0,0,0,0,1,0,0,0,0,1,1,0,0,0,0,0,0,1,0,0,0,0,0,0,0,0,0,1,0,0,0,0,0,0,1,0,0,0,0,0,0,1,0,0,0,0,0,0,0,0,0,0,0,0,0,0,0,0,0,0,0,1,0,0,0,0,0,0,0,0,0,0,0,3,"Always","Always","Always","Rarely","Sometimes","Sometimes","Rarely","Sometimes","Black drum","Often","Sometimes","Sometimes","Sometimes","Often","Sometimes","Not sure","Not sure","Shallow","Not sure","Not sure","Not sure","Not sure","Not sure","Agree","Disagree","Agree","Disagree","Agree","Disagree","Agree","Agree","Agree","Disagree","Supportive","No",4.99,8.71,6.67,0.82,10
"R_1qrsbskn3Z4GXeu","General","55 - 64","Male",NA,"34219","Manatee",NA,"$100,000 or more",200,"About once a month","20 years or more","Excellent",1,1,0,0,0,0,NA,1,1,0,0,8,0,0,0,0,0,0,0,0,0,0,0,0,0,0,0,0,0,0,0,0,0,0,0,0,0,0,0,0,0,0,0,0,0,0,0,0,0,0,0,0,0,0,0,0,0,0,0,0,0,0,0,0,0,0,0,0,0,0,0,0,1,1,0,0,0,1,1,0,1,1,1,1,0,0,0,0,0,0,0,0,0,0,0,0,0,0,"Sometimes","Sometimes","Sometimes","Rarely","Rarely","Rarely","Rarely","Never",NA,"Often","Rarely","Rarely","Sometimes","Often","Rarely","Not sure","Not sure","Shallow","Not sure","Sometimes","Rarely","Never","Never","Somewhat agree","Disagree","Somewhat agree","Strongly disagree","Somewhat agree","Somewhat agree","Strongly agree","Somewhat agree","Somewhat agree","Somewhat agree","Supportive","No",2.75,8.56,8.24,0,9.99
"R_6IYnTHD08p8monq","General","55 - 64","Female",NA,"34207","Manatee",NA,"$25,000 or less",125,"Many times a week","10 - 19 years","Good",1,1,0,0,0,0,NA,1,0,0,1,8,0,0,0,0,0,0,0,0,0,0,0,0,0,0,0,0,0,0,0,0,0,0,0,0,0,0,0,0,0,0,0,0,0,0,0,0,0,0,0,0,0,0,0,0,0,0,0,0,0,0,0,0,0,0,0,0,0,0,0,0,0,0,0,1,0,1,1,1,1,1,1,1,0,0,0,0,5,1,1,0,1,0,1,1,0,0,"Never","Never","Never","Never","Never","Never","Never","Never",NA,"Sometimes","Never","Never","Sometimes","Sometimes","Always",NA,NA,NA,NA,NA,NA,NA,NA,"Strongly agree","Strongly disagree","Strongly agree","Strongly disagree","Strongly agree","Strongly disagree","Strongly agree","Strongly disagree","Strongly agree","Strongly disagree","Supportive","No",3.61,1.47,1.39,10,10
"R_7mpU3Cf0IPYVjah","General","45 - 54","Male",NA,"33619","Hillsborough",NA,"$100,000 or more",NA,"Many times a week","5 - 9 years","Excellent",1,1,0,0,0,0,NA,1,0,1,0,25,1,1,1,0,0,0,0,1,1,0,0,1,1,0,0,1,0,1,1,0,0,1,0,1,1,0,0,0,1,0,0,0,0,0,1,0,0,0,0,1,1,1,0,0,0,0,1,1,0,0,0,0,0,1,0,0,0,0,0,0,0,0,0,0,0,0,0,0,0,0,0,0,1,1,1,1,4,1,1,1,1,0,0,0,0,1,"Sometimes","Sometimes","Sometimes","Always","Never","Never","Never","Sometimes","Jack cravele","Often","Sometimes","Rarely","Often","Often","Often","Moderate","Medium","Shallow","Moderate","Not sure","Not sure","Not sure","Not sure","Somewhat agree","Disagree","Somewhat agree","Somewhat agree","Agree","Somewhat agree","Somewhat agree","Somewhat agree","Somewhat agree","Somewhat disagree","Supportive","No",4.59,1.31,8.17,5.71,4.46
"R_525VSXMCQBbv6mU","General","45 - 54","Male",NA,"33606","Hillsborough",NA,"$75,001 - $100,000",100,"About once a month","20 years or more","Good",1,0,1,0,0,0,NA,2,1,1,0,12,0,0,0,0,0,0,0,0,0,0,0,0,0,0,0,0,0,0,0,0,0,0,1,1,0,0,0,0,0,0,0,0,0,0,0,0,0,0,0,0,0,1,0,0,1,1,0,0,0,0,0,0,1,1,0,0,0,0,1,0,1,0,0,1,0,1,0,1,0,0,0,0,0,0,0,0,2,0,0,0,1,1,0,0,0,3,"Rarely","Sometimes","Rarely","Never","Often","Often","Never","Often","mullet","Sometimes","Never","Sometimes","Sometimes","Sometimes","Sometimes","High","Medium","Moderate","Moderate","Sometimes","Sometimes","Sometimes","Never","Agree","Disagree","Somewhat agree","Somewhat disagree","Disagree","Strongly disagree","Agree","Somewhat disagree","Agree","Strongly disagree","Neutral","No",0,0,0,0,10
"R_50e0PQ1HIvnLPSq","General","55 - 64","Male",NA,"33712","Pinellas",NA,"$100,000 or more",100,"Many times a week","20 years or more","Excellent",1,1,0,0,0,0,NA,1,1,0,0,29,0,0,0,0,0,0,0,0,0,0,0,0,0,0,0,0,0,0,0,0,0,0,0,0,0,0,0,0,0,0,0,0,0,0,0,0,1,0,0,1,1,0,0,1,1,0,1,1,1,1,1,1,0,1,1,1,1,1,1,1,1,1,1,1,1,1,1,1,1,0,0,0,0,0,1,1,4,1,1,0,0,1,1,0,0,4,"Often","Often","Often","Often","Rarely","Sometimes","Sometimes","Sometimes","Cobia","Often","Sometimes","Sometimes","Sometimes","Often","Sometimes","Moderate","Medium","Moderate","Complex","Sometimes","Rarely","Sometimes","Never","Strongly agree","Somewhat disagree","Agree","Strongly disagree","Agree","Disagree","Strongly agree","Disagree","Agree","Strongly disagree","Supportive","Yes",0.18,4.6,0.22,10,10
"R_1fjGExrKzDyIEqv","General","45 - 54","Male",NA,"33579","Hillsborough",NA,"$100,000 or more",40,"A few times","5 - 9 years","Good",2,1,1,0,0,0,NA,1,1,0,0,6,0,0,0,0,0,0,0,0,0,0,0,0,0,0,0,0,0,0,0,0,0,0,0,0,0,0,0,0,0,0,0,0,0,0,0,0,0,0,1,0,0,0,0,0,1,0,0,0,0,0,0,0,0,1,1,0,0,0,0,0,0,1,0,0,0,1,0,0,0,0,0,0,0,0,0,0,4,1,0,0,1,0,1,0,1,1,"Sometimes","Often","Sometimes","Never","Sometimes","Sometimes","Rarely","Never",NA,"Often","Rarely","Rarely","Rarely","Often","Sometimes","Moderate","Medium","Shallow","Moderate","Sometimes","Rarely","Sometimes","Never","Somewhat disagree","Disagree","Agree","Somewhat disagree","Agree","Somewhat disagree","Somewhat agree","Somewhat agree","Somewhat agree","Somewhat agree","Neutral","No",4.92,9.08,5.87,5.71,5.34
"R_3SHr12O2D1Fr7kK","General","35 - 44","Male",NA,"33611","Hillsborough",NA,"$100,000 or more",500,"About once a month","20 years or more","Excellent",1,1,0,0,0,0,NA,3,1,1,1,40,0,0,0,0,0,0,0,0,0,1,1,1,0,0,0,1,1,1,1,1,0,1,1,1,0,1,0,0,1,1,1,1,1,0,1,1,1,1,0,1,1,1,1,1,0,0,1,1,1,1,0,0,0,1,1,1,0,0,1,1,1,0,0,1,1,0,0,0,0,0,0,0,0,0,1,1,8,1,1,1,1,1,1,1,1,5,"Always","Often","Always","Sometimes","Sometimes","Often","Often","Sometimes","Cobia, Triple Tail, Kingfish, Spanish Mackerel, Black Drum, Jack Crevalle","Always","Sometimes","Sometimes","Rarely","Always","Often","Not sure","Medium","Moderate","Moderate","Sometimes","Rarely","Sometimes","Not sure","Strongly agree","Disagree","Agree","Strongly disagree","Strongly agree","Somewhat disagree","Agree","Somewhat disagree","Agree","Somewhat disagree","Supportive","No",3.08,9.93,10,7.64,4.71
"R_7f3oy6ANIl067Wd","General","35 - 44","Male",NA,"33812","Polk",NA,"$100,000 or more",300,"About once a month","1 - 4 years","Excellent",2,1,1,0,0,0,NA,2,1,0,1,13,0,0,0,0,0,0,0,0,0,0,0,0,0,0,0,0,0,0,0,0,0,0,0,0,0,0,0,0,0,0,0,0,0,0,0,0,0,0,0,0,1,0,0,0,1,0,0,1,0,0,1,0,0,0,1,1,0,0,1,1,1,0,0,1,1,0,0,0,0,0,0,0,1,1,0,0,5,1,1,0,1,0,1,0,1,3,"Rarely","Often","Rarely","Sometimes","Sometimes","Always","Always","Sometimes",NA,"Sometimes","Often","Often","Rarely","Sometimes","Often","Moderate","Medium","Deep","Moderate","Sometimes","Never","Sometimes","Not sure","Agree","Disagree","Agree","Disagree","Strongly agree","Disagree","Agree","Agree","Agree","Disagree","Supportive","No",5.18,5.19,9.92,10,9.99
"R_1od0pKt79JQDEib","General","55 - 64","Male",NA,"33803","Polk",NA,"$100,000 or more",250,"About once a month","1 - 4 years","Fair",1,1,0,0,0,0,NA,1,1,0,0,45,1,1,0,1,0,0,0,1,1,0,0,1,1,1,1,0,0,1,1,1,1,0,0,1,1,1,1,0,0,0,1,1,1,1,1,0,0,1,1,1,1,1,0,0,1,1,1,1,1,1,1,1,0,1,1,1,1,1,0,0,0,1,0,0,0,0,1,0,0,0,0,0,0,1,1,1,3,1,0,0,1,1,0,0,0,3,"Often","Often","Often","Rarely","Rarely","Sometimes","Rarely","Rarely","Ladyfish","Often","Sometimes","Sometimes","Often","Often","Sometimes","Moderate","Medium","Moderate","Not sure","Not sure","Sometimes","Sometimes","Not sure","Agree","Disagree","Somewhat agree","Disagree","Somewhat agree","Somewhat agree","Somewhat disagree","Disagree","Somewhat disagree","Somewhat agree","Supportive","No",4.81,8.86,4.16,3.97,1.39
"R_1RK00iTjvi6L0Qh","General","35 - 44","Male",NA,"34221","Manatee",NA,"$50,001 - $75,000",200,"Many times a week","20 years or more","Excellent",1,0,0,0,0,1,"Clam farming",1,1,0,0,10,0,0,0,0,0,0,0,0,0,0,0,0,0,0,0,0,0,0,0,0,0,0,0,0,0,0,0,0,0,0,0,0,0,0,0,0,0,0,0,0,0,0,0,1,0,0,0,0,0,1,1,0,0,0,0,1,1,1,1,0,1,1,0,0,0,1,0,0,0,0,0,0,0,0,0,0,6,1,1,1,1,0,1,0,1,2,"Sometimes","Sometimes","Often","Sometimes","Rarely","Sometimes","Often","Rarely","Sharks","Often","Often","Rarely","Sometimes","Often","Sometimes","Moderate","Medium","Moderate","Moderate","Often","Rarely","Sometimes","Rarely","Strongly agree","Disagree","Agree","Disagree","Agree","Somewhat disagree","Somewhat agree","Disagree","Somewhat agree","Somewhat disagree","Supportive","No",3.05,7.5,5.83,7.99,10
"R_7fiLDHEmS22IRF2","General","45 - 54","Female",NA,"34639","Pasco",NA,"$25,000 or less",200,"A few times","1 - 4 years","Good",3,1,1,0,0,1,"To learn more",2,0,1,1,19,1,1,1,1,0,0,0,0,1,0,0,1,1,1,1,1,1,0,0,0,1,0,0,0,0,0,1,0,0,0,0,0,0,1,0,0,0,0,0,0,0,0,0,0,0,0,1,1,0,0,0,0,0,0,0,0,0,0,0,0,0,1,0,0,0,0,0,0,0,0,0,0,1,1,0,0,6,1,1,1,1,0,1,1,0,3,"Rarely","Rarely","Often","Never","Rarely","Always","Never","Always","Flounder","Rarely","Sometimes","Always","Never","Often","Always","Not sure","Medium","Shallow","Complex","Often","Sometimes","Always","Rarely","Somewhat agree","Agree","Somewhat agree","Somewhat agree","Somewhat disagree","Strongly disagree","Strongly agree","Strongly disagree","Strongly agree","Strongly disagree","Supportive","No",0,0,10,0,10
"R_6LIaKRwwIFbixFv","General","55 - 64","Male",NA,"33635","Hillsborough",NA,NA,NA,"About once a month","10 - 19 years","Excellent",2,1,1,0,0,0,NA,2,1,1,0,4,1,1,0,0,0,0,0,0,0,0,0,0,0,0,0,0,0,0,0,0,0,0,0,0,0,0,0,0,0,0,0,0,0,0,0,0,0,0,0,0,0,0,0,0,0,0,0,0,0,0,0,0,0,0,0,0,0,0,0,0,0,0,0,0,0,0,0,0,0,0,0,0,1,1,0,0,6,1,1,0,1,1,1,0,1,3,"Always","Always","Always","Sometimes","Sometimes","Rarely","Never","Never",NA,"Often","Rarely","Never","Sometimes","Often","Sometimes",NA,NA,NA,NA,NA,NA,NA,NA,"Strongly agree","Disagree","Agree","Disagree","Agree","Strongly disagree","Strongly agree","Strongly disagree","Strongly agree","Strongly disagree","Supportive","No",0.92,7.39,1.15,9.81,10
"R_393RpHC2CCYwsPf","General","35 - 44","Female",NA,"33716","Pinellas",NA,"$75,001 - $100,000",2000,"A few times","10 - 19 years","Excellent",1,1,0,0,0,0,NA,1,1,0,0,58,1,1,1,1,1,1,1,1,1,1,1,1,0,0,0,1,1,1,0,0,0,1,1,1,0,0,0,0,0,1,1,0,0,0,1,1,1,1,1,1,1,1,1,1,1,0,1,1,1,1,1,0,0,1,1,1,1,1,1,1,1,1,0,1,1,1,1,1,1,1,1,1,1,1,1,1,8,1,1,1,1,1,1,1,1,7,"Always","Often","Always","Sometimes","Always","Always","Always","Always","Flounder","Always","Always","Often","Sometimes","Always","Often","Not sure","Medium","Moderate","Complex","Sometimes","Sometimes","Often","Not sure","Somewhat agree","Agree","Somewhat agree","Agree","Somewhat agree","Somewhat disagree","Agree","Somewhat disagree","Agree","Disagree","Supportive","No",3.32,8.29,4.59,8.52,5.28
"R_7Jb0y2ZHTr4QspW","General","45 - 54","Male",NA,"33544","Pasco",NA,"$50,001 - $75,000",40,"About once a week","1 - 4 years","Good",2,1,1,0,0,0,NA,2,0,1,1,23,1,1,1,1,0,0,1,1,0,0,0,0,0,0,0,1,0,1,0,1,1,0,0,0,0,0,1,0,0,0,0,0,0,0,0,0,0,0,0,1,1,0,0,0,0,0,1,1,0,0,0,0,0,1,1,0,0,0,0,0,1,1,0,0,0,0,0,0,0,0,0,0,1,1,1,1,5,1,1,1,1,0,1,0,0,3,"Often","Often","Often","Never","Sometimes","Sometimes","Sometimes","Sometimes","Mackerel","Often","Rarely","Rarely","Rarely","Often","Sometimes","Moderate","Small","Moderate","Moderate","Sometimes","Sometimes","Rarely","Rarely","Agree","Disagree","Agree","Disagree","Agree","Somewhat agree","Disagree","Agree","Disagree","Agree","Supportive","Yes",6.09,7.06,4.82,2.29,1.28
"R_7SyNvhwbAIQwfNT","General","35 - 44","Male",NA,"34240","Sarasota",NA,"$100,000 or more",100,"A few times","20 years or more","Excellent",1,1,0,0,0,0,NA,1,1,0,0,4,0,0,0,0,0,0,0,0,0,0,0,0,0,0,0,0,0,0,0,0,0,0,0,0,0,0,0,0,0,0,0,0,0,0,0,0,0,0,0,0,0,0,0,0,0,0,0,0,0,0,0,0,0,0,0,0,0,0,0,0,0,0,0,0,1,1,0,1,1,0,0,0,0,0,0,0,7,0,1,1,1,1,1,1,1,4,"Sometimes","Often","Often","Rarely","Often","Often","Never","Never",NA,"Often","Never","Never","Rarely","Sometimes","Rarely",NA,NA,NA,NA,NA,NA,NA,NA,"Somewhat agree","Somewhat disagree","Agree","Disagree","Somewhat disagree","Strongly disagree","Agree","Strongly disagree","Strongly agree","Disagree","Supportive","No",10,5,7.25,9.16,6.56
"R_14ObwQliLBv2UTT","General","35 - 44","Male",NA,"33572","Hillsborough",NA,"$100,000 or more",50,"Many times a week","20 years or more","Excellent",2,1,0,0,1,0,NA,1,1,0,0,39,1,1,0,1,1,1,0,0,1,0,1,0,1,1,0,1,0,1,1,0,1,0,1,0,0,0,1,0,0,1,0,0,1,1,1,0,0,1,1,1,1,1,0,1,1,0,1,0,0,1,1,1,0,1,1,0,1,0,1,0,1,1,1,1,0,0,1,0,0,0,0,0,0,0,0,0,3,0,0,0,0,1,1,1,0,5,"Often","Often","Often","Often","Sometimes","Often","Rarely","Sometimes","Tripletail","Always","Often","Sometimes","Often","Always","Often","Moderate","Large","Moderate","Moderate","Sometimes","Sometimes","Often","Not sure","Somewhat agree","Disagree","Agree","Somewhat disagree","Agree","Somewhat disagree","Somewhat agree","Somewhat agree","Somewhat agree","Somewhat disagree","Supportive","No",4.96,5.23,5.57,5.6,8.88
"R_65YxS6zukVQ52mZ","General","45 - 54","Male",NA,"33527","Hillsborough",NA,"$100,000 or more",30,"About once a week","10 - 19 years","Good",1,1,0,0,0,0,NA,1,1,0,0,10,0,0,0,0,0,0,0,0,0,0,0,0,0,0,0,0,0,0,0,0,0,0,0,0,0,0,0,0,0,0,0,0,1,0,0,0,0,0,1,0,0,0,0,0,1,0,0,0,0,0,1,1,0,1,1,0,1,1,0,0,0,0,1,0,0,0,0,0,0,0,0,0,0,0,0,0,6,1,1,1,1,1,1,0,0,3,"Often","Often","Often","Rarely","Sometimes","Rarely","Never","Rarely","Flounder","Sometimes","Never","Never","Rarely","Often","Sometimes",NA,NA,NA,NA,NA,NA,NA,NA,"Somewhat agree","Somewhat disagree","Somewhat agree","Disagree","Somewhat agree","Somewhat disagree","Somewhat agree","Somewhat agree","Somewhat agree","Somewhat disagree","Neutral","No",3.01,5.19,4.93,7.72,6.72
"R_316upLXHoK0Ef4N","General","55 - 64","Male",NA,"33713","Pinellas",NA,"$75,001 - $100,000",50,"About once a week","20 years or more","Excellent",2,1,1,0,0,0,NA,2,0,1,1,8,0,0,0,0,0,0,0,0,0,0,0,0,0,0,0,0,0,0,0,0,0,0,0,0,0,0,0,0,0,1,0,0,0,0,0,0,0,0,0,1,0,0,0,0,0,0,0,1,0,0,0,0,0,1,1,0,0,0,0,0,1,1,0,0,0,0,0,0,0,0,0,0,0,0,1,0,6,1,1,0,1,1,1,0,1,5,"Often","Always","Often","Rarely","Often","Sometimes","Sometimes","Always","whiting, blue runner, mackerel","Often","Often","Sometimes","Never","Always","Always","Not sure","Not sure","Not sure","Moderate","Often","Sometimes","Often","Sometimes","Agree","Somewhat disagree","Somewhat agree","Somewhat disagree","Somewhat agree","Somewhat agree","Somewhat disagree","Somewhat disagree","Somewhat disagree","Somewhat agree","Neutral","No",4.99,5.87,6.1,5.1,5.04
"R_7nPJ5fQVbABYNEE","General","45 - 54","Female",NA,"33810","Polk",NA,"$25,001 - $50,000",200,"About once a week","20 years or more","Good",3,0,1,1,1,0,NA,2,0,1,1,15,0,0,0,0,0,0,0,0,0,0,0,0,0,0,0,0,0,0,0,0,0,0,0,0,0,0,0,0,0,0,0,0,0,0,0,0,0,0,0,1,0,0,0,0,0,0,1,1,0,0,0,0,0,1,0,0,0,0,1,0,0,0,0,1,0,0,0,1,1,1,1,1,1,1,1,1,4,0,0,0,0,1,1,1,1,3,"Sometimes","Sometimes","Sometimes","Sometimes","Sometimes","Often","Often","Often",NA,"Often","Often","Often","Always","Sometimes","Often","High","Medium","Moderate","Not sure","Sometimes","Sometimes","Never","Never","Strongly agree","Agree","Agree","Strongly agree","Strongly disagree","Somewhat agree","Disagree","Agree","Disagree","Agree","Supportive","No",8.92,1.44,0.01,1.32,3.31
"R_7AkXleRYhxQTGtX","General","45 - 54","Male",NA,"33547","Hillsborough",NA,"$100,000 or more",175,"About once a month","20 years or more","Good",1,1,0,0,0,0,NA,1,1,0,0,14,0,0,0,0,0,0,0,0,1,1,0,0,0,0,0,0,0,0,0,0,0,0,1,0,0,0,1,0,0,0,0,0,0,0,0,0,0,1,1,0,0,0,0,0,1,0,0,0,0,0,1,0,0,0,1,1,1,0,1,0,1,0,0,1,0,0,0,0,0,0,0,0,0,0,0,0,4,1,1,0,1,0,0,0,1,2,"Sometimes","Often","Often","Rarely","Never","Sometimes","Rarely","Sometimes","Mackerel","Often","Sometimes","Rarely","Often","Often","Sometimes","Not sure","Not sure","Moderate","Moderate","Sometimes","Rarely","Sometimes","Never","Somewhat agree","Strongly disagree","Strongly agree","Strongly disagree","Strongly agree","Somewhat agree","Disagree","Agree","Disagree","Agree","Supportive","No",0.6,9.34,3.61,1.37,0.58
"R_3ptf0r4PxPsS0Ta","General","35 - 44","Male",NA,"33612","Hillsborough",NA,"$100,000 or more",250,"About once a month","20 years or more","Excellent",2,1,1,0,0,0,NA,1,1,0,0,9,0,0,0,0,0,0,0,0,0,0,0,0,0,0,0,0,0,0,0,0,0,0,0,0,0,0,0,0,0,0,0,0,0,0,0,0,1,0,0,0,0,0,0,1,1,0,1,0,0,0,1,0,0,0,1,0,1,0,0,0,1,1,0,0,0,0,0,0,0,0,0,0,0,0,0,0,1,0,0,0,0,0,0,0,1,5,"Always","Often","Always","Often","Sometimes","Often","Sometimes","Never",NA,"Often","Often","Often","Sometimes","Often","Often","Moderate","Medium","Moderate","Complex","Often","Rarely","Often","Not sure","Agree","Disagree","Somewhat disagree","Disagree","Agree","Strongly disagree","Strongly agree","Strongly disagree","Strongly agree","Strongly disagree","Supportive","No",0,0,0,10,10
"R_3P4xIAoDFhckawI","General","35 - 44","Male",NA,"33710","Pinellas",NA,"$100,000 or more",100,"About once a month","20 years or more","Good",1,1,0,0,0,0,NA,3,1,1,1,9,0,0,0,0,0,0,0,0,0,0,0,0,0,0,0,1,0,0,0,0,0,0,0,0,0,0,0,0,0,0,0,0,0,0,0,0,0,0,0,0,0,0,0,0,0,0,1,1,0,0,0,0,0,1,1,0,0,0,0,1,0,0,0,0,0,0,0,0,0,0,0,0,0,1,1,1,3,0,0,0,0,1,1,1,0,3,"Often","Sometimes","Often","Sometimes","Sometimes","Rarely","Rarely","Often","Bass","Sometimes","Rarely","Rarely","Sometimes","Sometimes","Sometimes","High","Medium","Moderate","Moderate","Sometimes","Sometimes","Sometimes","Not sure","Somewhat agree","Disagree","Agree","Disagree","Somewhat agree","Somewhat disagree","Somewhat agree","Somewhat disagree","Somewhat disagree","Somewhat disagree","Supportive","No",0,7.3,9.84,3.35,5.3
"R_3tm6fK1puqiiOfi","General","55 - 64","Male",NA,"33710","Pinellas",NA,"$25,001 - $50,000",NA,"About once a month","5 - 9 years","Good",2,1,0,0,1,0,NA,3,1,1,1,27,0,0,0,0,0,0,0,0,0,0,0,0,1,0,0,0,0,0,1,1,1,0,1,0,1,1,1,0,0,1,0,1,1,1,0,0,0,1,1,0,0,0,0,1,1,0,0,0,0,1,1,0,0,0,1,1,1,0,0,1,1,1,0,0,0,0,0,0,0,0,0,0,0,1,1,1,4,0,0,1,1,0,0,1,1,3,"Often","Often","Sometimes","Rarely","Sometimes","Often","Rarely","Sometimes","Jask","Often","Rarely","Sometimes","Often","Often","Sometimes","Moderate","Medium","Shallow","Moderate","Often","Often","Often","Not sure","Somewhat agree","Somewhat disagree","Somewhat disagree","Disagree","Agree","Disagree","Agree","Disagree","Agree","Disagree","Opposed","No",0.39,6.02,0.29,3.79,10
"R_1BiaCHj0oT6uY4p","General","18 - 24","Male",NA,"33637","Hillsborough",NA,"$50,001 - $75,000",40,"About once a month","1 - 4 years","Good",1,1,0,0,0,0,NA,2,0,1,1,11,0,0,0,0,0,0,0,0,0,0,0,1,1,1,1,0,1,0,0,0,0,1,1,0,0,0,0,0,0,0,0,0,0,0,0,0,0,0,0,1,0,0,0,0,0,0,1,0,0,0,0,0,0,1,0,0,0,0,0,0,0,0,0,0,0,0,0,0,0,0,0,0,1,0,0,0,3,1,1,0,1,0,0,0,0,1,"Rarely","Often","Sometimes","Never","Rarely","Sometimes","Never","Never",NA,"Often","Rarely","Often","Rarely","Sometimes","Often","Moderate","Medium","Shallow","Moderate","Often","Not sure","Often","Never","Somewhat agree","Disagree","Agree","Disagree","Agree","Somewhat agree","Somewhat agree","Agree","Somewhat disagree","Somewhat agree","Supportive","No",9.25,8.01,3.94,5.29,2.29
"R_72XkFtCbGyjlBaF","General","55 - 64","Male",NA,"34221","Manatee",NA,"$75,001 - $100,000",125,"A few times","10 - 19 years","Good",1,1,0,0,0,0,NA,3,1,1,1,9,0,0,0,0,0,0,0,0,0,0,0,0,0,0,0,0,0,0,0,0,0,0,0,0,0,0,0,0,0,0,0,0,0,0,0,0,0,0,0,0,0,0,0,0,0,0,0,0,0,0,0,0,0,0,0,0,0,0,1,0,0,1,0,1,1,1,1,1,0,0,1,1,0,0,0,0,7,1,1,1,1,1,1,1,0,2,"Sometimes","Often","Often","Rarely","Sometimes","Sometimes","Sometimes","Rarely","Bluefish","Sometimes","Rarely","Sometimes","Sometimes","Always","Sometimes","Moderate","Small","Shallow","Not sure","Sometimes","Not sure","Sometimes","Never","Somewhat agree","Somewhat agree","Somewhat agree","Somewhat agree","Somewhat disagree","Somewhat disagree","Somewhat agree","Somewhat agree","Somewhat agree","Disagree","Supportive","No",1,6.06,6.27,3.51,8.06
"R_3fj1eZ5QUfZlDN2","General","45 - 54","Male",NA,"33565","Hillsborough",NA,"$25,001 - $50,000",150,"About once a month","20 years or more","Excellent",2,1,1,0,0,0,NA,2,1,0,1,11,0,0,0,0,0,0,0,0,0,0,0,0,0,0,0,0,0,0,0,0,0,0,0,0,0,0,0,0,0,0,0,0,1,0,0,0,0,1,0,0,0,0,0,1,1,0,0,1,0,1,1,0,0,0,1,1,0,0,0,0,1,1,0,0,0,0,0,0,0,0,0,0,0,0,0,0,5,0,1,0,0,1,1,1,1,3,"Often","Often","Rarely","Sometimes","Often","Sometimes","Sometimes","Never",NA,"Often","Often","Sometimes","Sometimes","Often","Often","Moderate","Medium","Deep","Complex","Often","Not sure","Sometimes","Not sure","Agree","Somewhat disagree","Agree","Somewhat disagree","Agree","Somewhat disagree","Agree","Somewhat disagree","Agree","Disagree","Supportive","No",1.49,4.92,0,9.63,10
"R_3qam0442Ldk5ggh","General","55 - 64","Male",NA,"34221","Manatee",NA,"$100,000 or more",100,"About once a month","10 - 19 years","Good",1,1,0,0,0,0,NA,2,0,1,1,10,0,0,0,0,0,0,0,0,0,0,0,0,0,0,0,0,0,0,0,0,0,0,0,0,0,0,0,0,0,0,0,0,0,0,0,0,0,0,0,0,0,0,0,0,0,0,1,1,0,0,1,0,0,1,0,0,1,1,0,0,0,1,0,0,0,1,1,0,0,1,0,0,0,0,0,0,3,0,0,0,0,1,0,1,1,0,"Sometimes","Sometimes","Sometimes","Rarely","Sometimes","Sometimes","Sometimes","Never","Mullet","Often","Sometimes","Sometimes","Often","Often","Often","High","Large","Deep","Complex","Often","Sometimes","Often","Not sure","Agree","Disagree","Somewhat disagree","Disagree","Agree","Disagree","Agree","Somewhat disagree","Somewhat agree","Disagree","Supportive","No",3.26,8.75,2.52,9.35,9.26
"R_3gOw50VFVQqAJ8K","General","35 - 44","Male",NA,"33812","Polk",NA,"$50,001 - $75,000",100,"A few times","20 years or more","Fair",1,1,0,0,0,0,NA,2,0,1,1,13,0,0,0,0,0,0,0,0,0,0,0,1,0,0,0,1,0,1,0,0,0,0,0,0,0,0,0,0,0,0,0,0,0,0,0,0,0,0,0,1,1,0,0,0,0,0,1,1,0,0,0,0,0,0,0,0,0,0,0,0,1,1,0,0,0,0,0,0,0,0,0,0,1,1,1,1,3,1,0,0,0,1,0,1,0,3,"Never","Sometimes","Rarely","Rarely","Often","Often","Often","Never",NA,"Never","Never","Often","Never","Sometimes","Often","Moderate","Medium","Moderate","Complex","Often","Never","Often","Never","Agree","Disagree","Agree","Somewhat agree","Somewhat agree","Somewhat agree","Strongly agree","Somewhat agree","Agree","Somewhat disagree","Supportive","No",3.89,6.2,3.83,6.2,8.73
"R_5FDRiqWQABFZS2R","General","65 or older","Male",NA,"33547","Hillsborough",NA,"$100,000 or more",1200,"A few times","20 years or more","Excellent",1,0,1,0,0,0,NA,1,1,0,0,17,0,0,0,0,0,0,0,0,0,0,0,0,0,0,0,0,0,0,0,0,0,0,0,0,0,0,0,0,0,0,0,0,0,0,0,0,0,0,0,0,0,0,0,0,0,0,0,0,1,1,1,0,0,0,1,1,1,0,1,1,1,1,0,1,1,1,1,1,1,1,0,0,0,0,0,0,7,1,1,1,1,1,0,1,1,2,"Sometimes","Sometimes","Sometimes","Sometimes","Rarely","Often","Often","Rarely",NA,"Often","Often","Often","Sometimes","Often","Often","Not sure","Medium","Deep","Moderate","Sometimes","Sometimes","Sometimes","Not sure","Strongly agree","Disagree","Agree","Disagree","Agree","Agree","Disagree","Somewhat agree","Somewhat agree","Disagree","Supportive","No",9.88,9.29,9.41,2.04,2.15
"R_1lfxTA1fsa38s0s","General","65 or older","Male",NA,"33707","Pinellas",NA,"$100,000 or more",1200,"A few times","5 - 9 years","Good",1,1,0,0,0,0,NA,1,1,0,0,33,0,0,0,0,0,0,0,0,0,0,0,0,0,0,0,0,0,0,0,0,0,1,1,0,0,0,0,0,1,1,0,0,0,0,1,0,0,0,1,1,0,1,0,0,1,0,1,1,1,0,1,0,0,1,1,1,1,1,1,1,1,1,0,1,1,1,1,1,1,1,1,1,0,1,1,0,5,1,1,1,1,1,0,0,0,4,"Often","Sometimes","Sometimes","Always","Often","Often","Rarely","Never",NA,"Sometimes","Sometimes","Sometimes","Sometimes","Often","Sometimes","Moderate","Not sure","Not sure","Simple","Sometimes","Not sure","Sometimes","Not sure","Strongly agree","Strongly disagree","Strongly agree","Disagree","Strongly agree","Agree","Somewhat agree","Agree","Somewhat disagree","Strongly agree","Supportive","No",1.26,8,1.35,4.8,2.84
"R_53mxmQ9KCl4aFq4","General","35 - 44","Male",NA,"33844","Other","Haines city","$75,001 - $100,000",130,"A few times","1 - 4 years","Good",1,1,0,0,0,0,NA,1,0,0,1,8,0,0,0,0,0,0,0,0,0,0,0,0,0,0,0,0,1,1,0,0,0,0,0,0,0,0,0,0,0,0,0,0,0,0,0,0,0,0,0,0,0,0,0,0,0,0,0,1,1,0,0,0,0,0,1,1,0,0,0,0,1,1,0,0,0,0,0,0,0,0,0,0,0,0,0,0,2,0,0,0,0,0,0,1,1,1,"Sometimes","Rarely","Rarely","Rarely","Sometimes","Often","Never","Never",NA,"Never","Never","Sometimes","Sometimes","Sometimes","Often","High","Small","Shallow","Simple","Not sure","Not sure","Sometimes","Never","Agree","Somewhat agree","Somewhat agree","Somewhat agree","Somewhat agree","Somewhat disagree","Somewhat disagree","Somewhat disagree","Somewhat disagree","Somewhat disagree","Supportive","Yes",5.72,5.88,5.31,10,9.16
"R_5XbKpqiofykJpBP","General","55 - 64","Male",NA,"33782","Pinellas",NA,"$75,001 - $100,000",20,"About once a week","20 years or more","Excellent",1,1,0,0,0,0,NA,1,1,0,0,8,1,1,0,1,0,1,0,1,0,0,0,0,0,0,0,0,0,0,0,0,0,0,0,0,0,0,0,0,0,0,0,0,0,0,0,0,0,0,0,0,0,0,0,0,0,0,0,0,0,0,0,0,0,0,0,0,0,0,0,0,0,1,0,0,0,1,1,0,0,0,0,0,0,0,0,0,3,0,1,0,1,1,0,0,0,2,"Always","Sometimes","Always","Rarely","Never","Never","Never","Never",NA,"Often","Rarely","Never","Always","Always","Sometimes",NA,NA,NA,NA,NA,NA,NA,NA,"Agree","Somewhat agree","Strongly agree","Disagree","Somewhat agree","Somewhat agree","Somewhat agree","Somewhat agree","Somewhat agree","Somewhat agree","Neutral","No",4.58,4.63,4.49,4.56,4.49
"R_6fHodjyUI7vlXNL","General","45 - 54","Male",NA,"34684","Pinellas",NA,"$75,001 - $100,000",50,"About once a week","1 - 4 years","Excellent",2,1,1,0,0,0,NA,2,0,1,1,23,1,1,1,1,0,0,0,1,1,0,0,0,0,0,0,1,0,0,0,0,0,1,1,0,0,0,0,0,1,1,0,0,0,0,1,1,0,0,0,1,1,1,0,0,0,0,1,0,0,0,0,0,0,1,1,0,0,0,0,0,0,0,0,0,0,0,0,0,0,0,0,0,1,1,1,1,7,1,1,0,1,1,1,1,1,3,"Often","Always","Always","Rarely","Sometimes","Sometimes","Sometimes","Never","Puffer","Always","Sometimes","Rarely","Sometimes","Always","Often","Moderate","Small","Moderate","Moderate","Often","Often","Not sure","Not sure","Agree","Disagree","Agree","Disagree","Strongly agree","Somewhat agree","Somewhat disagree","Somewhat agree","Somewhat agree","Somewhat agree","Supportive","No",5.07,8.97,9.97,9.19,5.15
"R_3HOnFBJJM8e6Zmp","General","45 - 54","Male",NA,"33810","Polk",NA,"$100,000 or more",600,"A few times","20 years or more","Good",1,1,0,0,0,0,NA,1,1,0,0,39,0,0,0,0,0,1,1,1,1,1,1,1,0,0,0,1,1,1,0,0,0,0,1,1,0,0,0,0,0,1,0,0,0,0,1,0,0,0,0,0,0,1,0,1,1,1,0,1,1,1,1,1,1,0,1,1,1,1,0,1,1,0,1,0,1,1,1,1,1,1,1,1,0,0,0,0,5,0,0,1,1,1,0,1,1,3,"Often","Sometimes","Often","Sometimes","Sometimes","Often","Sometimes","Never",NA,"Often","Often","Sometimes","Sometimes","Often","Sometimes","Moderate","Medium","Moderate","Moderate","Sometimes","Sometimes","Often","Not sure","Strongly agree","Somewhat disagree","Somewhat agree","Somewhat disagree","Somewhat agree","Somewhat agree","Somewhat agree","Somewhat disagree","Somewhat agree","Somewhat agree","Supportive","No",3.15,8.18,0.22,8.11,8.04
"R_6nezx2x9stRUYSt","General","55 - 64","Male",NA,"33547","Hillsborough",NA,"$100,000 or more",80,"About once a week","20 years or more","Excellent",2,1,1,0,0,0,NA,2,1,1,0,12,0,0,0,0,0,0,0,0,0,0,0,0,0,0,0,0,0,0,0,0,0,0,1,0,0,0,0,0,0,0,0,0,0,1,0,0,0,1,1,0,0,0,0,0,1,0,0,0,0,1,1,0,0,0,0,1,1,1,0,0,0,1,0,0,0,0,1,0,0,0,0,0,0,0,0,0,1,0,0,0,0,0,1,0,0,4,"Sometimes","Often","Often","Rarely","Often","Often","Rarely","Sometimes","Cobia, triple tail and mackerel","Often","Sometimes","Often","Sometimes","Often","Often","Moderate","Medium","Moderate","Complex","Often","Sometimes","Often","Never","Agree","Disagree","Somewhat agree","Somewhat disagree","Agree","Disagree","Somewhat agree","Somewhat disagree","Somewhat agree","Somewhat disagree","Supportive","No",5.14,8.02,1.63,3.18,3.03
"R_72hRBVhy5XNVsZs","General","35 - 44","Male",NA,"33812","Polk",NA,"$100,000 or more",225,"A few times","20 years or more","Excellent",1,1,0,0,0,0,NA,1,1,0,0,14,0,0,0,0,0,0,0,0,0,0,0,0,0,0,0,0,0,0,0,0,0,0,0,0,0,0,0,0,0,0,0,0,0,0,0,0,0,0,0,0,0,0,0,0,0,0,0,0,0,0,1,0,0,0,0,0,1,1,1,1,1,1,0,1,1,1,1,1,1,1,0,0,0,0,0,0,4,0,0,0,0,1,1,1,1,6,"Often","Often","Often","Often","Sometimes","Often","Often","Sometimes","Flounder","Always","Often","Sometimes","Sometimes","Often","Sometimes","High","Medium","Deep","Moderate","Sometimes","Rarely","Sometimes","Never","Agree","Disagree","Agree","Somewhat disagree","Somewhat agree","Disagree","Somewhat agree","Disagree","Agree","Disagree","Supportive","No",4.22,4.27,4.5,7.64,4.27
"R_7hLI8sWvplTk8qR","General","55 - 64","Male",NA,"33847","Polk",NA,"$100,000 or more",300,"A few times","20 years or more","Excellent",2,1,1,0,0,0,NA,1,1,0,0,1,0,0,0,0,0,0,0,0,0,0,0,0,0,0,0,0,0,0,0,0,0,0,0,0,0,0,0,0,0,0,0,0,0,0,0,0,0,0,0,0,0,0,0,0,0,1,0,0,0,0,0,0,0,0,0,0,0,0,0,0,0,0,0,0,0,0,0,0,0,0,0,0,0,0,0,0,1,0,0,0,0,0,1,0,0,5,"Often","Rarely","Sometimes","Never","Often","Often","Often","Often",NA,"Sometimes","Always","Sometimes","Often","Sometimes","Often","Not sure","Not sure","Not sure","Not sure","Not sure","Not sure","Always","Not sure","Strongly agree","Strongly disagree","Strongly agree","Disagree","Agree","Strongly disagree","Strongly agree","Strongly disagree","Somewhat agree","Somewhat disagree","Supportive","No",0,0.07,0,0.23,9.97
"R_3jrGIBRaeBXHPTX","General","45 - 54","Male",NA,"34275","Sarasota",NA,"$100,000 or more",200,"About once a month","20 years or more","Excellent",1,1,0,0,0,0,NA,1,1,0,0,14,0,0,0,0,0,0,0,0,0,0,0,0,0,0,0,0,0,0,0,0,0,0,0,0,0,0,0,0,0,0,0,0,0,0,0,0,0,0,0,0,0,0,0,0,0,0,0,0,0,0,0,0,0,0,0,0,0,0,1,1,1,1,1,1,1,1,1,1,1,1,1,1,0,0,0,0,4,0,1,0,1,1,1,0,0,3,"Always","Always","Always","Sometimes","Sometimes","Sometimes","Sometimes","Never",NA,"Always","Always","Sometimes","Sometimes","Always","Always","Not sure","Not sure","Deep","Moderate","Not sure","Not sure","Not sure","Not sure","Somewhat agree","Disagree","Somewhat disagree","Disagree","Agree","Disagree","Agree","Disagree","Agree","Disagree","Supportive","No",1.36,10,10,10,10
"R_3j20Vq5VRSplkKl","General","65 or older","Male",NA,"33594","Hillsborough",NA,"$100,000 or more",100,"A few times","20 years or more","Excellent",1,1,0,0,0,0,NA,1,1,0,0,3,0,0,0,0,0,0,0,0,0,0,0,0,0,0,0,0,0,0,0,0,0,0,0,0,0,0,0,0,0,0,1,1,0,0,0,0,0,0,0,0,0,0,0,1,0,0,0,0,0,0,0,0,0,0,0,0,0,0,0,0,0,0,0,0,0,0,0,0,0,0,0,0,0,0,0,0,3,1,0,0,0,1,1,0,0,0,"Never","Rarely","Rarely","Never","Sometimes","Sometimes","Never","Never",NA,"Sometimes","Often","Often","Rarely","Sometimes","Sometimes","High","Not sure","Moderate","Complex","Often","Never","Sometimes","Never","Strongly agree","Strongly agree","Strongly agree","Strongly agree","Strongly agree","Strongly disagree","Strongly disagree","Strongly disagree","Strongly disagree","Strongly disagree","Supportive","No",10,10,0.74,7.26,6.6
"R_6ltVT33TcCjRexB","General","55 - 64","Male",NA,"33570","Hillsborough",NA,"$100,000 or more",10000,"About once a week","20 years or more","Good",1,1,0,0,0,0,NA,1,1,0,0,35,1,1,1,1,1,1,1,1,1,1,0,1,1,1,1,1,0,0,0,0,1,1,0,0,0,0,1,0,1,0,0,0,0,1,1,0,0,0,1,0,1,1,0,0,0,1,0,0,0,0,0,1,1,0,0,0,0,1,0,0,0,0,1,1,0,0,0,1,1,1,1,1,0,0,0,0,4,0,1,1,1,1,0,0,0,4,"Often","Often","Often","Sometimes","Often","Sometimes","Rarely","Never",NA,"Often","Often","Never","Often","Often","Often",NA,NA,NA,NA,NA,NA,NA,NA,"Strongly agree","Disagree","Strongly agree","Disagree","Strongly agree","Somewhat agree","Strongly disagree","Somewhat agree","Agree","Strongly disagree","Supportive","No",1.03,6.94,9.41,5.21,9.52
"R_6QoHnsLT1dcRMxg","General","35 - 44","Male",NA,"33556","Pasco",NA,"$100,000 or more",NA,"A few times","5 - 9 years","Fair",1,1,0,0,0,0,NA,1,0,0,1,7,0,0,0,0,0,0,0,0,0,0,0,0,0,0,0,0,0,1,0,0,0,0,0,1,1,0,0,0,0,0,0,0,0,0,0,0,0,0,0,1,0,0,0,0,0,0,0,0,0,0,0,0,0,0,0,0,0,0,0,0,0,0,0,0,0,0,0,0,0,0,0,0,0,1,1,1,3,0,0,0,0,0,1,1,1,0,"Sometimes","Never","Sometimes","Never","Rarely","Sometimes","Sometimes","Never",NA,"Rarely","Never","Sometimes","Rarely","Sometimes","Sometimes","Low","Small","Shallow","Simple","Not sure","Rarely","Sometimes","Never","Agree","Disagree","Agree","Somewhat agree","Agree","Disagree","Agree","Somewhat agree","Agree","Disagree","Supportive","No",5.2,7.71,0.6,8.07,7.99
"R_5LM4o5B5A79AFFG","General","55 - 64","Male",NA,"34221","Manatee",NA,"$100,000 or more",300,"About once a week","10 - 19 years","Good",1,1,0,0,0,0,NA,1,1,0,0,26,0,0,0,0,0,0,0,0,0,0,0,0,0,0,0,0,0,0,0,0,0,0,0,0,0,0,0,0,0,0,0,0,0,0,0,0,0,0,0,1,1,1,0,0,0,0,1,1,1,0,0,0,0,1,1,1,1,0,1,1,1,1,0,1,1,1,1,1,1,1,1,1,0,1,1,1,8,1,1,1,1,1,1,1,1,6,"Always","Always","Always","Rarely","Always","Always","Sometimes","Always",NA,"Often","Often","Often","Often","Often","Often","Not sure","Medium","Deep","Complex","Often","Often","Often","Not sure","Agree","Disagree","Agree","Disagree","Agree","Disagree","Agree","Disagree","Disagree","Disagree","Supportive","No",8.08,4.93,5,1,0.87
"R_39t3bRvpSdB7PbN","General","55 - 64","Male",NA,"34223","Sarasota",NA,"$25,001 - $50,000",300,"A few times","10 - 19 years","Excellent",2,1,1,0,0,0,NA,1,1,0,0,4,0,0,0,0,0,0,0,0,0,0,0,0,0,0,0,0,0,0,0,0,0,0,0,0,0,0,0,0,0,0,0,0,0,0,0,0,0,0,0,0,0,0,0,0,0,0,0,0,0,0,0,0,0,0,0,0,0,0,1,0,0,0,0,1,1,0,0,1,0,0,0,0,0,0,0,0,8,1,1,1,1,1,1,1,1,3,"Sometimes","Sometimes","Sometimes","Sometimes","Rarely","Always","Always","Often","Permit","Often","Often","Rarely","Sometimes","Often","Often","Not sure","Not sure","Deep","Not sure","Sometimes","Sometimes","Often","Rarely","Strongly agree","Strongly disagree","Agree","Disagree","Agree","Somewhat agree","Agree","Somewhat disagree","Somewhat disagree","Somewhat disagree","Supportive","No",1.96,0.94,1.45,1.66,10
"R_7fDAxLfgdBc9g3d","General","45 - 54","Female",NA,"33512","Hillsborough",NA,"$100,000 or more",40,"About once a month","20 years or more","Good",1,1,0,0,0,0,NA,2,0,1,1,13,0,0,0,0,0,0,0,0,0,1,0,1,1,1,0,1,0,1,0,0,0,0,0,0,0,0,0,0,0,0,0,0,0,0,0,0,0,0,1,0,1,0,0,0,1,1,0,0,0,0,0,0,1,0,0,0,0,0,0,0,0,1,0,0,0,0,0,0,0,1,0,0,0,0,0,0,5,1,1,1,1,0,1,0,0,0,"Sometimes","Sometimes","Sometimes","Never","Sometimes","Sometimes","Rarely","Never",NA,"Never","Sometimes","Never","Sometimes","Sometimes","Often",NA,NA,NA,NA,NA,NA,NA,NA,"Somewhat agree","Somewhat disagree","Agree","Disagree","Strongly agree","Somewhat agree","Somewhat agree","Agree","Somewhat agree","Somewhat agree","Supportive","No",7.17,10,4.64,4.71,2.99
"R_1pNLGQeUk75ETPH","General","55 - 64","Male",NA,"33572","Hillsborough",NA,"$100,000 or more",99,"About once a month","1 - 4 years","Good",2,1,1,0,0,0,NA,1,1,0,0,9,0,0,0,0,0,0,0,0,0,0,0,0,0,0,0,0,0,0,0,0,0,0,0,0,0,0,0,0,0,0,0,0,0,0,0,0,0,1,1,0,0,0,0,0,1,0,0,1,1,0,1,0,0,0,1,1,1,0,0,0,0,0,0,0,0,0,0,0,0,0,0,0,0,0,0,0,5,0,0,0,1,1,1,1,1,4,"Always","Always","Always","Never","Often","Sometimes","Rarely","Never",NA,"Often","Sometimes","Never","Rarely","Sometimes","Sometimes",NA,NA,NA,NA,NA,NA,NA,NA,"Agree","Disagree","Agree","Somewhat disagree","Somewhat agree","Somewhat disagree","Somewhat agree","Somewhat agree","Somewhat disagree","Somewhat disagree","Supportive","No",5,5.06,4.99,5.24,5.17
"R_1KcKUoh8r4Idw4v","General","55 - 64",NA,"0","33556","Pasco",NA,"$50,001 - $75,000",75,"About once a month","20 years or more","Excellent",1,1,0,0,0,0,NA,3,1,1,1,15,0,1,0,0,0,1,1,0,0,0,0,0,0,0,0,0,1,1,0,0,0,1,1,1,1,1,0,0,0,1,0,0,0,0,0,0,0,0,0,0,0,0,0,0,0,0,0,0,0,0,0,0,0,0,0,0,1,0,0,0,1,1,0,0,0,1,0,0,0,0,0,0,0,0,0,0,2,0,0,0,1,0,1,0,0,4,"Always","Always","Always","Sometimes","Sometimes","Always","Sometimes","Never",NA,"Often","Sometimes","Rarely","Often","Often","Sometimes","Not sure","Not sure","Moderate","Not sure","Sometimes","Sometimes","Often","Never","Agree","Disagree","Agree","Disagree","Agree","Somewhat agree","Somewhat agree","Somewhat agree","Somewhat agree","Somewhat agree","Supportive","No",5,7.14,5.04,2.08,1
"R_1qwN4UCI7yZIcwu","General","55 - 64","Male",NA,"33755","Pinellas",NA,"$75,001 - $100,000",100,"A few times","1 - 4 years","Excellent",1,1,0,0,0,0,NA,1,1,0,0,41,0,0,0,1,1,0,0,0,1,1,1,0,0,0,0,0,1,0,0,0,0,0,1,0,0,1,0,0,0,1,1,1,1,0,0,1,1,1,1,1,0,0,1,1,1,0,1,1,1,1,1,0,0,1,1,1,1,0,1,1,1,1,0,1,1,1,1,1,0,0,0,0,1,1,1,0,7,1,1,1,1,1,1,0,1,4,"Often","Often","Sometimes","Rarely","Rarely","Often","Often","Sometimes",NA,"Often","Often","Often","Sometimes","Often","Often","Moderate","Medium","Deep","Not sure","Often","Not sure","Sometimes","Never","Somewhat agree","Somewhat disagree","Strongly agree","Disagree","Agree","Somewhat agree","Strongly agree","Somewhat agree","Agree","Strongly disagree","Supportive","Yes",5.15,5.6,4.5,4.72,10
"R_59oWAwgl5iva9WW","General","35 - 44","Male",NA,"33579","Hillsborough",NA,"$100,000 or more",200,"About once a week","20 years or more","Excellent",1,1,0,0,0,0,NA,1,1,0,0,10,0,0,0,0,0,0,0,0,0,0,0,0,0,0,0,0,0,0,0,0,0,0,0,0,0,0,0,0,0,0,0,0,1,1,0,0,0,1,1,0,0,0,0,1,1,0,0,1,0,0,0,0,0,0,1,1,0,0,0,0,1,0,0,0,0,0,0,0,0,0,0,0,0,0,0,0,5,1,1,1,1,1,0,0,0,6,"Always","Always","Always","Always","Sometimes","Always","Always","Sometimes",NA,"Always","Always","Always","Rarely","Always","Always","Moderate","Medium","Deep","Moderate","Sometimes","Sometimes","Sometimes","Sometimes","Somewhat agree","Somewhat disagree","Somewhat agree","Somewhat disagree","Somewhat agree","Somewhat disagree","Somewhat disagree","Somewhat disagree","Somewhat disagree","Somewhat disagree","Neutral","No",5.11,5.04,5.04,5.11,5.18
"R_719G0YJOaGbj58R","General","45 - 54","Male",NA,"33881","Polk",NA,"$75,001 - $100,000",200,"A few times","20 years or more","Excellent",2,1,1,0,0,0,NA,1,1,0,0,10,0,0,0,0,0,0,0,0,0,0,0,0,0,0,0,0,0,0,0,0,0,0,0,0,0,0,0,0,0,0,0,0,0,1,0,0,0,1,1,0,0,0,0,1,1,0,0,0,0,1,1,0,0,0,0,1,1,0,0,0,1,0,0,0,0,0,0,0,0,0,0,0,0,0,0,0,3,0,0,0,0,1,0,1,1,6,"Often","Often","Often","Never","Often","Often","Often","Rarely","Black Drum","Sometimes","Often","Sometimes","Sometimes","Often","Often","Moderate","Medium","Moderate","Moderate","Often","Rarely","Often","Not sure","Strongly agree","Strongly disagree","Agree","Strongly disagree","Agree","Strongly agree","Disagree","Somewhat agree","Disagree","Agree","Supportive","No",0.86,10,6.3,0.97,0
"R_6SntJflBREYGNrj","General","55 - 64","Male",NA,"33710","Pinellas",NA,"$75,001 - $100,000",75,"About once a week","20 years or more","Excellent",2,1,1,0,0,0,NA,2,1,1,0,31,0,0,0,0,0,0,0,0,0,0,0,0,0,0,0,0,0,0,0,0,0,0,0,0,0,0,0,0,0,1,0,0,0,0,1,0,0,0,1,1,1,1,0,1,1,1,1,1,1,0,1,1,1,1,1,1,0,1,1,1,1,1,0,1,1,1,0,1,0,0,0,0,1,1,1,1,8,1,1,1,1,1,1,1,1,0,"Sometimes","Sometimes","Sometimes","Sometimes","Sometimes","Sometimes","Sometimes","Sometimes",NA,"Often","Often","Sometimes","Sometimes","Often","Often","Moderate","Large","Moderate","Complex","Sometimes","Sometimes","Sometimes","Sometimes","Somewhat agree","Somewhat disagree","Somewhat disagree","Somewhat disagree","Somewhat agree","Somewhat agree","Somewhat agree","Somewhat agree","Somewhat agree","Somewhat disagree","Supportive","No",7.42,8.14,7.56,5.25,5.55
"R_62Wur9jboRIvs65","General","55 - 64","Male",NA,"33782","Pinellas",NA,"$75,001 - $100,000",135,"Many times a week","1 - 4 years","Fair",1,1,0,0,0,0,NA,2,1,1,0,4,0,0,0,0,0,0,0,0,0,0,0,0,0,0,0,0,0,0,0,0,0,0,0,0,0,0,0,0,0,0,0,0,0,0,0,0,0,0,0,1,1,0,0,0,0,0,0,0,0,0,0,0,0,0,0,0,0,0,0,0,0,0,0,0,0,0,0,0,0,0,0,0,0,0,1,1,0,0,0,0,0,0,0,0,0,0,"Sometimes","Sometimes","Sometimes","Sometimes","Sometimes","Sometimes","Sometimes","Sometimes",NA,"Sometimes","Sometimes","Rarely","Sometimes","Often","Often","Not sure","Not sure","Not sure","Not sure","Not sure","Not sure","Not sure","Not sure","Somewhat disagree","Somewhat disagree","Somewhat disagree","Somewhat disagree","Somewhat disagree","Somewhat agree","Agree","Somewhat agree","Somewhat agree","Somewhat disagree","Neutral","No",4.89,6.92,5.06,5.1,5.06
"R_3bzxMaqmC8kWMoh","General","55 - 64","Male",NA,"33603","Hillsborough",NA,"$50,001 - $75,000",50,"About once a month","20 years or more","Excellent",1,1,0,0,0,0,NA,1,1,0,0,14,0,0,0,1,0,0,1,1,1,0,0,0,0,0,0,0,0,0,0,0,0,0,0,0,0,0,0,0,0,0,0,0,0,0,0,0,0,0,0,1,0,0,0,0,0,0,1,0,0,0,0,0,0,1,0,0,0,0,0,0,0,0,0,0,0,1,1,1,1,1,1,1,0,0,0,0,6,1,1,1,1,1,1,0,0,3,"Often","Always","Often","Rarely","Sometimes","Rarely","Rarely","Never",NA,"Often","Rarely","Rarely","Sometimes","Often","Rarely","Low","Medium","Shallow","Moderate","Rarely","Rarely","Rarely","Never","Strongly agree","Disagree","Agree","Disagree","Agree","Somewhat agree","Somewhat agree","Somewhat agree","Somewhat agree","Somewhat agree","Supportive","No",9.41,9.87,5.01,5.74,9.03
"R_72lE2SIZuUGQW9G","General","55 - 64","Male",NA,"33549","Hillsborough",NA,"$100,000 or more",300,"About once a month","10 - 19 years","Good",1,1,0,0,0,0,NA,1,1,0,0,12,0,0,0,0,0,0,0,0,0,0,0,0,0,0,0,0,0,0,0,0,0,0,0,0,0,0,0,0,0,0,0,0,0,0,0,0,0,0,0,1,0,0,0,0,0,0,1,1,0,0,0,0,0,0,1,1,0,0,0,0,1,1,0,1,1,1,1,1,0,0,0,0,0,0,0,0,0,0,0,0,0,0,0,0,0,5,"Often","Often","Sometimes","Often","Rarely","Often","Often","Never",NA,"Often","Often","Often","Rarely","Often","Often","Not sure","Not sure","Not sure","Not sure","Not sure","Not sure","Not sure","Not sure","Agree","Somewhat disagree","Agree","Somewhat disagree","Somewhat agree","Agree","Somewhat agree","Somewhat agree","Somewhat agree","Somewhat disagree","Supportive","No",5.22,5.56,6.08,5.76,2.66
"R_5g6DUHH8QRSFebf","General","55 - 64","Male",NA,"33510","Hillsborough",NA,"$100,000 or more",400,"About once a month","20 years or more","Good",2,1,1,0,0,0,NA,1,1,0,0,36,0,0,0,0,0,0,0,0,0,0,0,0,0,0,1,0,0,0,0,0,0,0,1,1,1,1,1,0,0,1,1,1,1,0,0,0,1,1,1,1,1,1,1,1,1,0,1,1,1,1,1,0,0,1,1,1,1,0,1,0,1,1,0,1,0,0,0,0,0,0,0,0,1,1,1,1,6,1,1,1,0,1,1,0,1,5,"Sometimes","Often","Often","Rarely","Often","Often","Often","Sometimes","Mackerel","Sometimes","Often","Often","Often","Often","Often","Moderate","Medium","Moderate","Moderate","Often","Often","Often","Never","Strongly agree","Strongly disagree","Strongly agree","Strongly disagree","Strongly agree","Strongly agree","Strongly agree","Somewhat agree","Strongly agree","Somewhat agree","Supportive","No",1.09,10,10,10,10
"R_325Udd0n3Dra5Yu","General","65 or older","Male",NA,"33707","Pinellas",NA,"$100,000 or more",50,"About once a month","1 - 4 years","Fair",1,1,0,0,0,0,NA,1,1,0,0,5,1,0,0,1,0,1,0,0,0,0,0,0,0,0,0,0,0,1,0,0,0,0,1,0,0,0,0,0,0,0,0,0,0,0,0,0,0,0,0,0,0,0,0,0,0,0,0,0,0,0,0,0,0,0,0,0,0,0,0,0,0,0,0,0,0,0,0,0,0,0,0,0,0,0,0,0,1,0,0,0,0,0,1,0,0,1,"Sometimes","Often","Sometimes","Never","Rarely","Sometimes","Sometimes","Never",NA,"Often","Rarely","Rarely","Rarely","Often","Sometimes","Moderate","Medium","Shallow","Moderate","Not sure","Not sure","Rarely","Not sure","Somewhat agree","Somewhat disagree","Agree","Disagree","Somewhat agree","Somewhat agree","Somewhat disagree","Somewhat disagree","Somewhat disagree","Somewhat agree","Supportive","No",5.41,8.42,6.55,3.65,5.46
"R_7VqHY3hj9W5eHvd","General","55 - 64","Male",NA,"33778","Pinellas",NA,"$100,000 or more",100,"About once a month","20 years or more","Excellent",1,1,0,0,0,0,NA,1,1,0,0,4,0,0,0,0,0,0,0,0,0,0,0,0,0,0,0,0,0,0,0,0,0,0,1,0,0,0,0,0,0,0,0,0,0,0,0,0,0,0,0,0,0,0,0,0,0,0,1,1,0,0,0,0,0,1,0,0,0,0,0,0,0,0,0,0,0,0,0,0,0,0,0,0,0,0,0,0,1,1,0,0,0,0,0,0,0,3,"Always","Always","Always","Rarely","Sometimes","Sometimes","Rarely","Never",NA,"Always","Sometimes","Rarely","Sometimes","Often","Sometimes","Not sure","Not sure","Not sure","Not sure","Not sure","Not sure","Not sure","Not sure","Strongly agree","Disagree","Agree","Somewhat disagree","Strongly agree","Somewhat disagree","Somewhat agree","Agree","Somewhat agree","Disagree","Supportive","No",0.32,0.7,0.27,10,10
"R_3cMFknfXZqbYFUd","General","45 - 54","Male",NA,"33714","Pinellas",NA,"$75,001 - $100,000",50,"Many times a week","20 years or more","Excellent",1,1,0,0,0,0,NA,1,0,1,0,17,0,0,0,0,0,0,0,0,0,0,0,0,0,0,0,1,1,0,0,0,0,0,1,0,0,0,0,0,0,0,0,0,0,0,1,0,0,0,0,1,1,1,0,0,0,0,1,1,0,0,0,0,0,1,0,0,0,0,0,0,0,1,0,1,0,1,0,0,0,0,0,0,1,1,1,1,4,1,0,0,0,0,1,1,1,4,"Often","Often","Often","Never","Often","Never","Never","Never",NA,"Often","Rarely","Never","Rarely","Often","Sometimes",NA,NA,NA,NA,NA,NA,NA,NA,"Agree","Disagree","Disagree","Disagree","Somewhat agree","Disagree","Agree","Disagree","Agree","Disagree","Supportive","No",4.85,4.85,4.61,4.53,5.69
"R_38z1thqEit7rxaF","General","55 - 64","Male",NA,"33572","Hillsborough",NA,"$75,001 - $100,000",150,"About once a month","20 years or more","Good",1,1,0,0,0,0,NA,1,1,0,0,18,0,0,0,0,0,0,0,0,0,0,0,0,1,0,0,0,0,0,1,1,1,0,0,0,0,1,1,0,0,0,0,0,1,1,0,0,1,1,1,0,0,0,0,1,1,0,0,0,0,1,1,0,0,0,0,1,1,1,0,0,0,0,0,0,0,0,0,0,0,0,0,0,0,0,0,0,3,0,0,0,1,1,1,0,0,4,"Rarely","Sometimes","Often","Never","Sometimes","Often","Often","Often","mullet","Often","Sometimes","Often","Sometimes","Often","Often","Moderate","Large","Deep","Complex","Often","Not sure","Often","Not sure","Strongly agree","Strongly disagree","Strongly agree","Strongly disagree","Strongly agree","Agree","Strongly disagree","Agree","Strongly disagree","Strongly agree","Supportive","No",10,10,1.9,0.87,0.86
"R_7qdHWDuh1forUDj","General","45 - 54","Male",NA,"33625","Hillsborough",NA,"$100,000 or more",325,"A few times","20 years or more","Good",2,1,1,0,0,0,NA,3,1,1,1,19,0,0,0,0,0,0,0,0,0,0,0,0,0,0,0,0,0,0,0,0,0,0,1,0,0,0,0,0,0,1,0,0,0,0,1,1,0,0,0,1,1,1,1,0,0,0,1,1,1,1,0,0,0,1,1,1,1,0,1,1,1,0,0,0,0,0,0,0,0,0,0,0,0,0,0,0,3,0,0,1,1,0,0,0,1,4,"Often","Often","Often","Sometimes","Rarely","Often","Sometimes","Never",NA,"Often","Often","Sometimes","Rarely","Often","Sometimes","Moderate","Not sure","Moderate","Complex","Often","Sometimes","Often","Never","Strongly agree","Disagree","Somewhat agree","Disagree","Agree","Somewhat disagree","Somewhat disagree","Somewhat agree","Agree","Strongly disagree","Supportive","No",0.96,8.11,10,0.94,0.99
"R_70VAZM1f0VaiQ5Z","General","35 - 44","Female",NA,"33609","Hillsborough",NA,"$25,001 - $50,000",1000,"Many times a week","Less than a year","Good",1,1,0,0,0,0,NA,3,1,1,1,23,1,1,1,0,0,1,1,0,0,0,0,1,0,0,0,1,1,0,0,0,0,1,0,0,0,0,0,0,0,0,0,0,0,0,0,0,0,0,0,0,0,0,0,0,0,0,0,1,0,0,1,0,0,0,1,1,1,0,0,0,1,1,0,1,0,0,1,1,1,0,0,0,1,1,1,0,3,0,0,0,0,1,0,1,1,4,"Sometimes","Sometimes","Sometimes","Sometimes","Often","Often","Often","Often","Coastal Species","Often","Often","Rarely","Sometimes","Often","Often","Not sure","Medium","Deep","Complex","Often","Sometimes","Often","Rarely","Agree","Somewhat disagree","Agree","Somewhat disagree","Agree","Somewhat disagree","Somewhat agree","Somewhat agree","Somewhat agree","Somewhat disagree","Supportive","No",1.5,6.63,0.78,0.58,0
"R_7MDw8K5vlDUMAl4","General","18 - 24","Male",NA,"33559","Hillsborough",NA,"$25,000 or less",100,"About once a month","10 - 19 years","Good",2,1,1,0,0,0,NA,2,0,1,1,24,1,1,1,1,1,1,1,0,0,0,0,0,0,0,0,1,1,1,0,0,0,0,0,1,1,0,0,0,0,0,0,0,0,0,0,0,0,0,0,1,1,0,0,0,0,0,1,1,0,0,0,0,0,1,1,0,0,0,0,0,1,1,0,0,0,0,0,0,0,0,0,0,1,1,1,1,1,1,0,0,0,0,0,0,0,1,"Sometimes","Sometimes","Sometimes","Never","Sometimes","Often","Never","Never",NA,"Often","Sometimes","Sometimes","Sometimes","Often","Always","Not sure","Not sure","Not sure","Not sure","Not sure","Not sure","Often","Not sure","Somewhat agree","Somewhat agree","Agree","Somewhat disagree","Agree","Somewhat agree","Somewhat agree","Agree","Somewhat disagree","Agree","Supportive","No",5.97,6.49,5.47,5.52,5.14
"R_3eofxQjvX1CqRFv","General","45 - 54","Male",NA,"33770","Pinellas",NA,"$100,000 or more",100,"A few times","Less than a year","Fair",1,1,0,0,0,0,NA,1,1,0,0,6,0,0,0,0,0,0,0,0,0,0,1,1,0,0,0,0,1,1,0,0,0,0,1,1,0,0,0,0,0,0,0,0,0,0,0,0,0,0,0,0,0,0,0,0,0,0,0,0,0,0,0,0,0,0,0,0,0,0,0,0,0,0,0,0,0,0,0,0,0,0,0,0,0,0,0,0,0,0,0,0,0,0,0,0,0,3,"Rarely","Sometimes","Sometimes","Rarely","Often","Often","Often","Never",NA,"Often","Often","Often","Rarely","Often","Often","Moderate","Small","Shallow","Not sure","Often","Often","Never","Never","Somewhat agree","Somewhat agree","Somewhat agree","Somewhat disagree","Somewhat agree","Disagree","Strongly agree","Disagree","Strongly agree","Strongly disagree","Supportive","No",0,0,0,0,10
"R_3nfp4oV0A9IkWrg","General","35 - 44","Male",NA,"33830","Polk",NA,"$100,000 or more",500,"A few times","20 years or more","Excellent",1,1,0,0,0,0,NA,1,1,0,0,19,0,0,0,0,0,0,0,0,0,0,0,0,0,0,0,0,0,0,0,0,0,0,1,0,0,0,0,0,1,1,0,0,1,1,0,0,0,1,1,1,0,0,0,0,1,1,1,0,0,0,1,1,1,1,0,0,0,0,0,0,0,0,0,0,0,1,1,1,1,0,0,0,0,0,0,0,5,1,0,1,1,1,0,1,0,3,"Always","Always","Always","Sometimes","Never","Never","Never","Never",NA,"Often","Sometimes","Sometimes","Sometimes","Often","Sometimes","Not sure","Not sure","Not sure","Not sure","Sometimes","Sometimes","Sometimes","Sometimes","Somewhat agree","Somewhat disagree","Somewhat agree","Somewhat disagree","Somewhat agree","Somewhat agree","Somewhat disagree","Somewhat agree","Somewhat disagree","Somewhat agree","Supportive","No",5,5.99,3.44,1.56,0.2
"R_69XUhYsHvmw0sDL","General","45 - 54","Male",NA,"33527","Hillsborough",NA,"$75,001 - $100,000",100,"About once a month","20 years or more","Good",1,1,0,0,0,0,NA,1,1,0,0,20,0,0,0,0,0,0,0,0,0,0,0,0,1,0,0,0,0,0,1,1,1,0,0,0,0,1,1,0,0,0,0,1,1,0,0,0,0,0,1,0,0,0,0,0,0,0,0,1,1,0,0,0,0,1,1,1,1,0,1,1,1,1,0,1,0,0,0,0,0,0,0,0,0,0,0,0,4,0,1,1,1,0,0,0,1,4,"Sometimes","Sometimes","Sometimes","Rarely","Often","Often","Often","Often","Cobia, triple tail","Often","Often","Sometimes","Often","Often","Often","Moderate","Small","Moderate","Not sure","Not sure","Not sure","Not sure","Not sure","Agree","Somewhat disagree","Somewhat agree","Disagree","Agree","Agree","Disagree","Disagree","Disagree","Agree","Neutral","No",0.47,5.02,0.27,0.57,0.59
"R_3kvKzeRBTdw0vxl","General","55 - 64","Male",NA,"33579","Hillsborough",NA,"$100,000 or more",100,"About once a week","1 - 4 years","Good",1,1,0,0,0,0,NA,1,1,0,0,7,0,0,0,0,0,0,0,0,0,0,0,0,0,0,0,0,0,0,0,0,0,0,0,0,0,0,0,0,0,0,0,0,0,0,0,0,0,1,1,0,0,0,0,1,1,0,0,0,0,0,1,0,0,0,0,0,1,1,0,0,0,0,0,0,0,0,0,0,0,0,0,0,0,0,0,0,2,1,1,0,0,0,0,0,0,1,"Rarely","Often","Sometimes","Rarely","Rarely","Rarely","Rarely","Never",NA,"Often","Rarely","Rarely","Rarely","Often","Rarely","Not sure","Not sure","Not sure","Not sure","Not sure","Not sure","Not sure","Not sure","Agree","Somewhat disagree","Agree","Somewhat disagree","Agree","Somewhat agree","Somewhat agree","Somewhat agree","Somewhat agree","Somewhat agree","Supportive","No",0.98,1.08,0.74,0.55,0.52
"R_7CPCpRj6ZNcuWlV","General","55 - 64","Male",NA,"33782","Pinellas",NA,"$100,000 or more",350,"A few times","20 years or more","Excellent",2,1,1,0,0,0,NA,1,1,0,0,22,0,0,0,0,0,0,0,0,0,0,0,0,0,0,0,0,0,0,0,0,0,1,1,0,0,0,0,0,1,1,0,0,0,0,1,1,0,0,0,1,1,1,1,0,0,0,1,1,1,1,0,0,0,1,1,1,0,0,0,0,1,0,0,0,0,0,0,0,0,0,0,0,1,1,1,1,0,0,0,0,0,0,0,0,0,2,"Rarely","Often","Often","Rarely","Sometimes","Sometimes","Sometimes","Sometimes","Flounder","Often","Sometimes","Sometimes","Rarely","Sometimes","Sometimes","Not sure","Not sure","Not sure","Not sure","Often","Rarely","Sometimes","Never","Agree","Disagree","Agree","Disagree","Agree","Agree","Strongly agree","Agree","Agree","Strongly disagree","Supportive","No",0.94,6.97,1.79,6.94,10
"R_5J8GfFnfj4tiXE7","General","35 - 44","Male",NA,"33702","Pinellas",NA,"$100,000 or more",200,"Many times a week","20 years or more","Excellent",1,1,0,0,0,0,NA,1,1,0,0,10,0,0,0,0,0,0,1,0,0,0,0,0,0,0,0,1,0,0,0,0,0,0,1,1,0,0,0,0,0,0,0,0,0,0,1,0,0,0,0,1,1,1,0,0,0,0,1,0,0,0,0,0,0,1,0,0,0,0,0,0,0,0,0,0,0,0,0,0,0,0,0,0,0,0,0,0,3,0,1,0,1,1,0,0,0,3,"Always","Sometimes","Always","Often","Sometimes","Sometimes","Sometimes","Sometimes","Cobia","Always","Often","Often","Sometimes","Often","Often","Moderate","Medium","Deep","Complex","Sometimes","Rarely","Often","Never","Somewhat agree","Disagree","Agree","Disagree","Somewhat disagree","Disagree","Agree","Somewhat disagree","Agree","Disagree","Supportive","No",9.77,3.51,6.86,7.9,0.93
"R_7mlvXytUhI0lvD0","General","35 - 44","Male",NA,"33615","Hillsborough",NA,"$25,001 - $50,000",200,"A few times","20 years or more","Excellent",2,1,1,0,0,0,NA,3,1,1,1,20,0,1,0,0,0,1,1,1,1,0,0,1,1,1,1,0,0,1,1,1,1,0,0,1,0,1,1,0,0,0,1,1,1,1,0,0,0,0,0,0,0,0,0,0,0,0,0,0,0,0,0,0,0,0,0,0,0,0,0,0,0,0,0,0,0,0,0,0,0,0,0,0,0,0,0,0,5,0,1,0,1,0,1,1,1,3,"Rarely","Rarely","Sometimes","Sometimes","Often","Often","Often","Never","N/A","Often","Rarely","Sometimes","Often","Always","Often","Not sure","Not sure","Not sure","Not sure","Not sure","Not sure","Rarely","Never","Somewhat agree","Somewhat disagree","Disagree","Agree","Somewhat disagree","Strongly disagree","Strongly agree","Disagree","Strongly agree","Strongly disagree","Supportive","No",6.17,6.61,9.45,10,10
"R_5dy9XEMQdMPpXke","General","55 - 64","Female",NA,"33572","Hillsborough",NA,"$25,000 or less",100,"A few times","5 - 9 years","Good",1,1,0,0,0,0,NA,2,1,1,0,8,0,0,0,0,0,0,0,0,0,0,0,0,0,0,0,0,0,0,0,0,0,0,0,0,0,0,0,0,0,0,0,0,0,0,0,0,1,1,0,0,0,0,0,1,1,1,0,0,0,1,1,0,1,0,0,0,0,0,0,0,0,0,0,0,0,0,0,0,0,0,0,0,0,0,0,0,0,0,0,0,0,0,0,0,0,1,"Never","Never","Never","Never","Rarely","Never","Never","Often","Catfish","Sometimes","Rarely","Rarely","Never","Sometimes","Sometimes","Not sure","Not sure","Not sure","Not sure","Sometimes","Rarely","Rarely","Never","Somewhat agree","Somewhat disagree","Somewhat disagree","Somewhat disagree","Somewhat disagree","Somewhat disagree","Somewhat disagree","Somewhat disagree","Somewhat disagree","Somewhat disagree","Neutral","No",0,0,0,0,0
"R_3VndhXocnxXugRr","General","55 - 64","Male",NA,"33709","Pinellas",NA,"$50,001 - $75,000",100,"About once a week","20 years or more","Excellent",2,1,1,0,0,0,NA,2,1,1,0,13,0,0,0,0,0,0,0,0,0,0,0,0,0,0,0,0,0,0,0,0,0,1,1,0,0,0,0,0,1,1,0,0,0,0,1,1,0,0,0,1,1,1,0,0,0,0,0,0,0,0,0,0,0,0,0,0,0,0,0,0,0,0,0,0,0,0,0,0,0,0,0,0,1,1,1,1,6,1,1,1,1,0,1,0,1,5,"Sometimes","Often","Often","Rarely","Sometimes","Often","Often","Often",NA,"Always","Often","Often","Often","Always","Always","High","Medium","Shallow","Complex","Sometimes","Sometimes","Often","Never","Agree","Somewhat agree","Somewhat agree","Somewhat disagree","Somewhat agree","Somewhat disagree","Somewhat agree","Somewhat agree","Somewhat agree","Somewhat agree","Supportive","No",5,5.53,2.49,6.05,2.09
"R_7EAxeyjm5j7PD0K","General","55 - 64","Male",NA,"33578","Hillsborough",NA,"$100,000 or more",75,"About once a month","20 years or more","Excellent",1,1,0,0,0,0,NA,1,1,0,0,22,0,0,0,0,0,0,0,0,0,0,0,0,0,0,0,0,0,1,0,0,1,0,0,1,0,0,1,1,0,0,0,0,0,0,0,0,0,0,0,0,0,0,0,0,1,1,1,0,0,1,1,1,1,1,0,0,1,1,0,0,0,1,1,0,1,1,1,1,1,0,0,0,0,0,0,0,4,0,1,1,1,1,0,0,0,3,"Always","Always","Always","Sometimes","Sometimes","Sometimes","Rarely","Rarely",NA,"Often","Rarely","Rarely","Sometimes","Often","Sometimes","Not sure","Not sure","Deep","Not sure","Sometimes","Sometimes","Often","Never","Somewhat agree","Disagree","Agree","Somewhat disagree","Agree","Somewhat disagree","Agree","Somewhat agree","Somewhat agree","Somewhat disagree","Supportive","No",3.79,6.45,6.39,10,3.21
"R_5znXPkoASru1QJT","General","55 - 64","Male",NA,"33569","Hillsborough",NA,"$100,000 or more",200,"About once a week","20 years or more","Excellent",2,1,1,0,0,0,NA,1,1,0,0,15,0,0,0,0,0,0,0,0,0,0,0,0,0,0,0,0,0,0,0,0,0,0,0,0,0,0,0,0,0,0,0,0,0,0,0,0,0,0,1,1,1,0,0,0,1,1,1,0,0,0,1,0,0,1,0,0,1,1,0,0,0,1,0,0,0,1,1,0,1,1,0,0,0,0,0,0,7,0,1,1,1,1,1,1,1,3,"Always","Always","Always","Rarely","Sometimes","Sometimes","Rarely","Rarely",NA,"Often","Sometimes","Rarely","Often","Often","Often","Moderate","Medium","Moderate","Moderate","Often","Never","Often","Never","Agree","Somewhat disagree","Agree","Disagree","Agree","Somewhat agree","Agree","Somewhat agree","Agree","Somewhat disagree","Supportive","No",0.53,0.73,4.62,9.51,10
"R_1gdrdqt5ddbXAPA","General","18 - 24","Male",NA,"33810","Polk",NA,"$50,001 - $75,000",200,"About once a month","5 - 9 years","Excellent",2,1,1,0,0,0,NA,3,1,1,1,35,0,0,0,0,0,0,0,0,0,0,0,0,0,0,0,0,1,1,0,0,0,1,1,0,0,0,0,0,0,1,1,1,1,0,0,1,1,1,0,1,1,1,1,1,0,0,1,1,1,1,1,0,0,1,1,1,1,0,1,1,1,1,0,1,1,1,0,0,0,0,0,0,0,1,1,1,3,0,0,0,0,1,0,1,1,5,"Often","Often","Often","Rarely","Sometimes","Often","Often","Sometimes","Mackerel","Often","Often","Often","Rarely","Often","Often","Moderate","Large","Moderate","Complex","Sometimes","Sometimes","Often","Rarely","Agree","Somewhat disagree","Somewhat agree","Agree","Agree","Disagree","Disagree","Disagree","Disagree","Disagree","Neutral","No",0.06,0.05,0,9.82,9.84
"R_1popCtXNngaMZ1G","General","45 - 54","Male",NA,"33625","Hillsborough",NA,"$75,001 - $100,000",30,"About once a month","20 years or more","Excellent",2,1,1,0,0,0,NA,2,1,1,0,4,1,1,0,0,0,1,0,0,0,0,0,0,0,0,0,0,0,0,0,0,0,0,0,0,0,0,0,0,0,0,0,0,0,0,0,0,0,0,0,1,0,0,0,0,0,0,0,0,0,0,0,0,0,0,0,0,0,0,0,0,0,0,0,0,0,0,0,0,0,0,0,0,0,0,0,0,3,0,1,0,1,0,0,1,0,4,"Always","Always","Always","Rarely","Often","Rarely","Rarely","Never",NA,"Sometimes","Never","Rarely","Sometimes","Often","Sometimes","Not sure","Not sure","Not sure","Not sure","Not sure","Not sure","Not sure","Not sure","Agree","Disagree","Somewhat agree","Disagree","Agree","Somewhat agree","Somewhat agree","Somewhat disagree","Somewhat agree","Somewhat agree","Supportive","Yes",2.21,5.35,0.26,6.96,5.35
"R_35FJPNuRT1xekz7","General","45 - 54","Male",NA,"33511","Hillsborough",NA,"$50,001 - $75,000",250,"About once a month","10 - 19 years","Good",1,0,1,0,0,0,NA,1,1,0,0,29,0,0,0,0,0,0,0,0,0,0,0,0,0,0,0,0,0,0,0,0,0,0,0,0,0,0,0,0,0,0,1,1,1,0,1,1,1,1,1,1,1,1,1,1,1,0,1,1,1,1,1,0,0,1,1,1,1,0,1,1,1,1,0,0,0,0,0,0,0,0,0,0,0,0,1,1,4,0,1,1,1,0,0,0,1,1,"Never","Sometimes","Sometimes","Never","Never","Sometimes","Often","Sometimes","Flounder","Sometimes","Often","Often","Never","Sometimes","Often","High","Medium","Deep","Complex","Sometimes","Sometimes","Sometimes","Never","Agree","Disagree","Agree","Somewhat disagree","Agree","Strongly disagree","Strongly agree","Strongly disagree","Strongly agree","Strongly disagree","Supportive","No",0.11,0.11,0.11,10,10
"R_3LYD7MRpAHRKjkI","General","55 - 64","Female",NA,"33898","Polk",NA,"$100,000 or more",350,"A few times","10 - 19 years","Excellent",2,1,1,0,0,0,NA,1,1,0,0,3,0,0,0,0,0,0,0,0,0,0,0,0,0,0,0,0,0,0,0,0,0,0,0,0,0,0,0,0,0,0,0,0,0,0,0,0,0,0,0,0,0,0,0,1,1,0,0,0,0,0,1,0,0,0,0,0,0,0,0,0,0,0,0,0,0,0,0,0,0,0,0,0,0,0,0,0,2,0,1,0,0,1,0,0,0,6,"Always","Always","Always","Never","Always","Always","Always","Never",NA,"Always","Sometimes","Sometimes","Sometimes","Often","Sometimes","Not sure","Not sure","Not sure","Not sure","Often","Not sure","Often","Not sure","Strongly agree","Strongly disagree","Strongly agree","Strongly disagree","Strongly agree","Agree","Strongly disagree","Agree","Agree","Agree","Supportive","No",8.24,7.59,6.88,0.58,0.62
"R_6gyeKikJjV0fWBb","General","35 - 44","Male",NA,"33771","Pinellas",NA,"$25,001 - $50,000",50,"About once a month","20 years or more","Good",2,1,1,0,0,0,NA,2,0,1,1,2,0,0,0,0,0,0,0,0,0,0,0,0,0,0,0,0,0,0,0,0,0,0,0,0,0,0,0,0,0,0,0,0,0,0,0,0,0,0,0,1,0,0,0,0,0,0,1,0,0,0,0,0,0,0,0,0,0,0,0,0,0,0,0,0,0,0,0,0,0,0,0,0,0,0,0,0,0,0,0,0,0,0,0,0,0,1,"Sometimes","Often","Sometimes","Never","Sometimes","Sometimes","Sometimes","Never",NA,"Often","Rarely","Rarely","Rarely","Sometimes","Often","Low","Medium","Shallow","Moderate","Sometimes","Rarely","Sometimes","Rarely","Agree","Somewhat agree","Somewhat agree","Somewhat agree","Somewhat agree","Somewhat disagree","Somewhat agree","Somewhat agree","Agree","Disagree","Supportive","No",4.65,9.06,6.4,9.51,7.43
"R_1jBA5Q5brWppwHq","General","55 - 64","Female",NA,"33617-7631","Hillsborough",NA,"$75,001 - $100,000",50,"About once a month","5 - 9 years","Excellent",1,1,0,0,0,0,NA,1,1,0,0,6,0,0,0,0,0,0,0,0,0,0,0,0,0,0,0,0,0,0,0,0,0,0,0,0,0,0,0,0,0,0,0,0,0,0,0,0,0,1,1,0,0,0,0,1,1,0,0,0,0,0,1,1,0,0,0,0,0,0,0,0,0,0,0,0,0,0,0,0,0,0,0,0,0,0,0,0,0,0,0,0,0,0,0,0,0,1,"Sometimes","Sometimes","Rarely","Rarely","Rarely","Often","Never","Never",NA,"Often","Sometimes","Sometimes","Rarely","Often","Sometimes","Not sure","Large","Shallow","Moderate","Sometimes","Not sure","Sometimes","Never","Strongly disagree","Disagree","Agree","Somewhat disagree","Agree","Disagree","Agree","Disagree","Agree","Somewhat agree","Supportive","No",0,10,0,10,10
"R_5tmmNXziTUwlalY","General","25 - 34","Female",NA,"33760","Pinellas",NA,"$75,001 - $100,000",30,"A few times","Less than a year","Fair",2,1,1,0,0,0,NA,2,0,1,1,5,0,0,0,0,0,0,0,0,0,0,0,0,0,0,0,0,0,0,0,0,0,0,0,0,0,0,0,0,0,0,0,0,0,0,0,0,0,0,0,1,0,0,0,0,0,0,1,0,0,0,0,0,0,1,0,0,0,0,0,0,0,0,0,0,0,0,0,0,0,0,0,0,1,1,0,0,1,0,0,0,1,0,0,0,0,0,"Never","Never","Rarely","Never","Rarely","Rarely","Rarely","Never",NA,"Never","Never","Never","Never","Often","Often",NA,NA,NA,NA,NA,NA,NA,NA,"Somewhat agree","Somewhat agree","Somewhat agree","Somewhat agree","Somewhat agree","Somewhat disagree","Agree","Somewhat disagree","Somewhat agree","Somewhat agree","Supportive","No",3.46,6.5,2.65,7.27,5.31
"R_7CGUgl80SkqaGQb","General","45 - 54","Male",NA,"33596","Hillsborough",NA,"$100,000 or more",30,"About once a week","5 - 9 years","Good",1,1,0,0,0,0,NA,1,1,0,0,3,0,0,0,0,0,0,0,0,0,0,0,0,0,0,0,0,0,0,0,0,0,0,0,0,0,0,0,0,0,0,0,0,0,0,0,0,0,0,0,0,0,0,0,0,0,0,0,0,0,0,0,0,0,0,0,0,0,0,0,0,0,1,0,0,0,1,1,0,0,0,0,0,0,0,0,0,3,0,0,1,0,1,1,0,0,3,"Always","Always","Always","Rarely","Never","Rarely","Rarely","Never",NA,"Often","Rarely","Never","Rarely","Always","Sometimes",NA,NA,NA,NA,NA,NA,NA,NA,"Somewhat agree","Somewhat agree","Somewhat agree","Somewhat agree","Somewhat agree","Disagree","Somewhat agree","Somewhat agree","Somewhat agree","Somewhat disagree","Supportive","No",4.97,4.72,4.5,4.39,6.22
"R_3Ftg0DHOCQi8Sr6","General","55 - 64","Male",NA,"33624","Hillsborough",NA,"$100,000 or more",200,"About once a week","20 years or more","Excellent",1,1,0,0,0,0,NA,1,1,0,0,27,1,1,0,1,0,1,1,0,0,0,1,0,0,0,0,0,0,1,0,0,1,0,1,1,0,0,1,0,0,1,0,0,0,1,0,0,0,0,1,1,1,0,0,0,1,0,1,1,0,0,1,0,1,0,0,0,0,0,1,0,0,1,0,0,0,1,1,1,0,0,1,0,0,0,0,0,5,1,1,1,1,1,0,0,0,4,"Always","Always","Always","Often","Sometimes","Sometimes","Sometimes","Sometimes","mackerel","Often","Sometimes","Sometimes","Often","Often","Often","Moderate","Small","Moderate","Moderate","Often","Rarely","Often","Rarely","Agree","Disagree","Strongly agree","Disagree","Strongly agree","Somewhat agree","Somewhat agree","Somewhat agree","Somewhat agree","Somewhat disagree","Supportive","No",1.14,7.46,2.15,8.01,1.93
"R_3IaAepkEyo1ulhd","General","45 - 54","Male",NA,"33558","Pasco",NA,"$100,000 or more",100,"A few times","10 - 19 years","Excellent",2,1,1,0,0,0,NA,3,1,1,1,12,0,0,0,0,0,0,0,0,0,0,0,0,0,0,0,0,1,0,1,0,0,0,1,0,0,0,0,0,0,0,0,0,0,0,0,0,0,0,0,1,1,0,0,0,1,0,1,1,0,0,1,0,0,1,1,0,0,0,0,0,1,0,0,0,0,0,0,0,0,0,0,0,0,0,0,0,3,1,0,1,0,0,1,0,0,4,"Sometimes","Often","Often","Rarely","Often","Often","Sometimes","Sometimes",NA,"Often","Rarely","Rarely","Sometimes","Sometimes","Often","Not sure","Not sure","Not sure","Not sure","Not sure","Not sure","Not sure","Not sure","Somewhat agree","Disagree","Somewhat agree","Disagree","Somewhat agree","Disagree","Agree","Agree","Agree","Disagree","Supportive","No",0,0,0.01,3.77,10
"R_17a3CU5PoBSyDhb","General","65 or older","Male",NA,"33598","Hillsborough",NA,"$100,000 or more",100,"About once a month","10 - 19 years","Good",1,1,0,0,0,0,NA,1,1,0,0,9,0,0,0,0,0,0,0,0,0,0,0,0,0,0,0,0,0,0,0,0,0,0,0,0,0,0,0,0,0,0,0,0,1,1,0,0,0,0,1,0,0,0,0,0,1,0,0,0,0,0,1,1,0,0,0,0,1,1,0,0,1,0,0,0,0,0,0,0,0,0,0,0,0,0,0,0,2,0,0,0,1,1,0,0,0,3,"Often","Often","Often","Rarely","Rarely","Sometimes","Sometimes","Rarely",NA,"Often","Sometimes","Sometimes","Often","Often","Rarely","Moderate","Small","Moderate","Not sure","Often","Never","Never","Never","Agree","Disagree","Somewhat agree","Disagree","Somewhat agree","Somewhat agree","Somewhat disagree","Disagree","Somewhat agree","Somewhat disagree","Supportive","No",5.07,3.1,2.03,2.06,2.1
"R_65viu596oMsyWNR","General","65 or older","Male",NA,"33598-4083","Hillsborough",NA,"$100,000 or more",300,"About once a month","20 years or more","Good",1,1,0,0,0,0,NA,1,1,0,0,25,0,0,0,0,0,0,0,0,0,0,0,0,0,0,0,0,0,0,0,0,0,0,1,0,0,0,0,0,0,0,0,1,1,0,1,1,0,0,1,1,1,1,1,0,0,1,1,0,1,0,1,0,0,1,1,1,0,1,0,0,0,1,1,0,0,1,1,0,1,1,1,0,0,0,0,0,4,1,0,1,1,1,0,0,0,3,"Often","Often","Often","Rarely","Rarely","Rarely","Rarely","Sometimes","Cobia","Often","Sometimes","Sometimes","Often","Often","Sometimes","Moderate","Medium","Shallow","Moderate","Sometimes","Not sure","Sometimes","Rarely","Agree","Disagree","Somewhat agree","Disagree","Somewhat agree","Strongly disagree","Somewhat agree","Somewhat disagree","Somewhat agree","Disagree","Supportive","No",2.92,6.95,7.36,7.51,5.43
"R_1lohJoMJHvsaioT","General","25 - 34","Male",NA,"33607","Hillsborough",NA,"$25,001 - $50,000",20,"About once a week","10 - 19 years","Excellent",1,1,0,0,0,0,NA,2,1,1,0,15,0,0,1,0,0,0,1,1,0,0,0,0,0,0,0,0,0,0,0,0,0,0,0,1,0,0,0,0,0,0,0,0,0,0,0,0,0,0,1,1,1,0,0,0,1,0,1,1,0,0,1,0,0,0,0,0,0,0,0,0,0,0,0,0,0,0,0,0,0,0,0,0,1,1,1,1,5,0,1,1,1,1,1,0,0,4,"Always","Always","Always","Always","Rarely","Sometimes","Sometimes","Never","n/a","Often","Often","Often","Rarely","Often","Often","Not sure","Not sure","Not sure","Not sure","Always","Not sure","Always","Not sure","Strongly agree","Disagree","Strongly agree","Strongly disagree","Strongly agree","Disagree","Disagree","Disagree","Disagree","Disagree","Supportive","No",6.04,7.08,6.21,4.94,2.07
"R_7LZMgsvtLjQ0bjM","General","55 - 64","Male",NA,"33578","Hillsborough",NA,"$25,000 or less",200,"A few times","20 years or more","Good",1,1,0,0,0,0,NA,1,1,0,0,17,0,0,0,0,0,0,0,0,0,0,0,0,0,1,1,0,0,0,0,1,1,0,0,0,0,1,1,0,0,0,0,0,1,1,0,0,0,1,1,0,0,0,0,0,1,1,0,0,0,0,1,1,0,0,0,0,1,1,0,0,0,1,0,0,0,0,0,0,0,0,0,0,0,0,0,0,4,0,1,1,1,1,0,0,0,3,"Often","Often","Often","Sometimes","Rarely","Rarely","Rarely","Never",NA,"Often","Often","Sometimes","Often","Often","Often","Moderate","Medium","Moderate","Moderate","Sometimes","Sometimes","Sometimes","Sometimes","Strongly agree","Disagree","Agree","Disagree","Strongly agree","Agree","Somewhat disagree","Agree","Disagree","Agree","Supportive","No",4.49,6.89,4.75,4.63,1.63
"R_6f1KaAFCiDw7Lcr","General","55 - 64","Male",NA,"33844","Polk",NA,"$75,001 - $100,000",180,"Many times a week","1 - 4 years","Excellent",1,1,0,0,0,0,NA,1,1,0,0,4,0,0,0,0,0,0,0,0,0,0,0,0,0,0,0,0,0,0,0,0,0,0,0,0,0,0,0,0,0,0,0,0,0,0,0,0,0,0,0,0,0,0,0,0,1,0,0,0,0,0,1,0,0,0,0,0,0,0,0,0,0,0,0,0,0,0,0,1,0,0,0,1,0,0,0,0,2,0,0,0,0,1,1,0,0,4,"Often","Often","Often","Sometimes","Often","Sometimes","Sometimes","Sometimes",NA,"Often","Often","Often","Often","Often","Often","Moderate","Medium","Shallow","Moderate","Often","Sometimes","Often","Rarely","Strongly agree","Disagree","Agree","Disagree","Strongly agree","Somewhat agree","Disagree","Disagree","Agree","Somewhat disagree","Supportive","No",9.17,2.95,4.99,0.35,0.43
"R_1aQuBSwqBWQHQ4Z","General","65 or older","Male",NA,"33598","Hillsborough",NA,"$100,000 or more",150,"About once a month","10 - 19 years","Good",1,1,0,0,0,0,NA,1,1,0,0,20,0,0,0,0,0,0,0,0,0,0,0,0,0,0,0,0,1,1,0,0,0,0,0,0,0,0,0,0,0,0,0,0,1,1,0,0,0,0,1,0,1,1,0,1,1,1,0,1,0,0,1,1,1,0,0,0,0,0,0,0,0,1,0,0,0,1,1,1,1,1,0,0,0,0,0,0,4,0,0,1,1,1,1,0,0,5,"Often","Often","Often","Sometimes","Often","Sometimes","Rarely","Often",NA,"Often","Often","Often","Sometimes","Sometimes","Often","Not sure","Medium","Moderate","Complex","Often","Not sure","Sometimes","Not sure","Agree","Disagree","Somewhat disagree","Agree","Agree","Disagree","Somewhat agree","Disagree","Strongly agree","Disagree","Neutral","Yes",3.62,5.06,2.66,6.95,8.98
"R_1PbpdGkvgb0UdBx","General","45 - 54","Male",NA,"33544","Pasco",NA,"$100,000 or more",50,"About once a week","1 - 4 years","Good",2,1,1,0,0,0,NA,2,0,1,1,6,0,0,0,0,1,0,0,0,0,0,0,0,0,0,0,0,0,0,0,0,0,0,0,0,1,0,0,0,0,0,0,0,0,0,0,0,0,0,0,1,1,0,0,0,0,0,0,0,0,0,0,0,0,1,0,0,0,0,0,0,0,0,0,0,0,0,0,0,0,0,0,0,0,1,0,0,1,0,0,0,0,1,0,0,0,5,"Sometimes","Often","Often","Rarely","Often","Always","Often","Sometimes",NA,"Often","Sometimes","Rarely","Rarely","Often","Often","Not sure","Small","Shallow","Simple","Sometimes","Rarely","Often","Never","Agree","Disagree","Agree","Disagree","Agree","Disagree","Agree","Somewhat disagree","Agree","Disagree","Neutral","No",2.65,8.08,8.93,9.79,10
"R_70SLd09TFTgCrLt","General","45 - 54","Male",NA,"34654","Pasco",NA,"$100,000 or more",250,"A few times","5 - 9 years","Good",2,1,1,0,0,0,NA,1,1,0,0,4,1,1,0,0,0,0,0,0,0,0,0,0,0,0,0,0,0,0,0,0,0,0,1,0,0,0,0,0,0,1,0,0,0,0,0,0,0,0,0,0,0,0,0,0,0,0,0,0,0,0,0,0,0,0,0,0,0,0,0,0,0,0,0,0,0,0,0,0,0,0,0,0,0,0,0,0,0,0,0,0,0,0,0,0,0,3,"Always","Always","Always","Rarely","Sometimes","Sometimes","Never","Never",NA,"Always","Sometimes","Rarely","Often","Often","Always","Not sure","Small","Shallow","Not sure","Often","Never","Always","Never","Agree","Disagree","Somewhat agree","Somewhat disagree","Strongly agree","Somewhat agree","Somewhat agree","Somewhat disagree","Somewhat agree","Somewhat disagree","Supportive","No",5,3.05,3.11,7.92,9.11
"R_17xtCRJnIw8j4OE","General","25 - 34","Male",NA,"33547","Hillsborough",NA,"$50,001 - $75,000",100,"About once a week","10 - 19 years","Excellent",2,1,1,0,0,0,NA,3,1,1,1,26,0,1,0,0,0,1,0,0,0,0,0,0,0,0,0,0,0,0,0,0,1,0,0,0,0,0,1,1,0,0,0,0,0,1,0,0,0,0,1,1,1,0,0,0,1,0,1,0,0,1,1,0,0,1,0,1,1,1,0,1,0,1,1,0,0,1,1,1,1,1,0,0,0,0,1,0,6,0,1,1,0,1,1,1,1,4,"Often","Rarely","Often","Sometimes","Rarely","Sometimes","Often","Often","Pompano","Sometimes","Often","Sometimes","Sometimes","Often","Often","Moderate","Medium","Moderate","Moderate","Often","Rarely","Often","Never","Agree","Disagree","Agree","Somewhat disagree","Agree","Disagree","Agree","Somewhat agree","Agree","Disagree","Supportive","No",5.04,8.36,2.12,6.87,8.78
"R_3kHv195N9jaLxq9","General","65 or older","Male",NA,"33598","Hillsborough",NA,"$50,001 - $75,000",275,"About once a month","1 - 4 years","Good",2,1,1,0,0,0,NA,2,1,0,1,6,0,0,0,0,0,0,0,0,0,0,0,0,0,0,0,0,0,0,0,0,0,0,0,0,0,0,0,0,0,0,0,0,1,0,0,0,0,1,0,0,0,0,0,1,0,0,0,1,0,0,0,0,0,0,1,0,0,0,0,0,1,0,0,0,0,0,0,0,0,0,0,0,0,0,0,0,2,0,0,0,0,1,0,1,0,5,"Never","Often","Often","Never","Often","Often","Often","Never",NA,"Often","Often","Sometimes","Rarely","Often","Rarely","Moderate","Medium","Moderate","Simple","Not sure","Not sure","Sometimes","Not sure","Somewhat agree","Disagree","Somewhat disagree","Disagree","Somewhat agree","Disagree","Agree","Disagree","Agree","Disagree","Supportive","No",1.49,8.27,7.35,7.68,8
"R_6XgR4T9ExTsCqpR","General","65 or older","Male",NA,"33598","Hillsborough",NA,"$50,001 - $75,000",150,"A few times","1 - 4 years","Fair",1,1,0,0,0,0,NA,1,1,0,0,12,0,0,0,0,0,0,0,0,0,0,0,0,0,0,0,0,0,0,0,0,0,0,0,0,1,1,0,0,0,0,0,1,1,0,0,0,1,1,0,0,0,0,1,1,0,0,0,0,1,1,0,0,0,0,0,1,1,0,0,0,0,0,0,0,0,0,0,0,0,0,0,0,0,0,0,0,3,0,1,0,1,0,1,0,0,0,"Rarely","Rarely","Never","Never","Never","Rarely","Never","Never",NA,"Rarely","Rarely","Sometimes","Rarely","Rarely","Sometimes","Moderate","Medium","Shallow","Moderate","Rarely","Rarely","Never","Not sure","Somewhat agree","Strongly disagree","Agree","Strongly disagree","Agree","Somewhat agree","Somewhat agree","Somewhat agree","Disagree","Somewhat agree","Supportive","No",6.72,6.08,6.69,1.61,1.79
"R_7eJj4ltnuYV4MbU","General","55 - 64","Male",NA,"34207","Manatee",NA,"$50,001 - $75,000",100,"A few times","5 - 9 years","Fair",2,1,1,0,0,0,NA,2,1,0,1,4,0,0,0,0,0,0,0,0,0,0,0,0,0,0,0,0,0,0,0,0,0,0,0,0,0,0,0,0,0,0,0,0,0,0,0,0,0,0,0,0,0,0,0,0,0,0,0,0,1,1,0,0,0,0,0,1,0,0,0,0,1,0,0,0,0,0,0,0,0,0,0,0,0,0,0,0,1,0,0,1,0,0,0,0,0,0,"Never","Never","Sometimes","Never","Sometimes","Sometimes","Sometimes","Never",NA,"Sometimes","Often","Sometimes","Sometimes","Rarely","Sometimes","High","Small","Moderate","Moderate","Sometimes","Sometimes","Sometimes","Not sure","Agree","Somewhat agree","Somewhat agree","Disagree","Somewhat agree","Disagree","Agree","Somewhat disagree","Agree","Disagree","Supportive","No",5.45,10,4.4,5.17,10
"R_7bNzay9e0bwAGe5","General","65 or older","Male",NA,"33598","Hillsborough",NA,"$100,000 or more",200,"A few times","20 years or more","Fair",1,1,0,0,0,0,NA,1,1,0,0,9,0,0,0,0,0,0,0,0,0,0,0,0,0,0,0,0,0,0,0,0,0,0,0,0,0,0,0,0,0,0,0,0,0,0,0,0,0,0,1,1,0,0,0,0,1,0,1,1,0,0,1,0,0,1,0,0,1,0,0,0,0,1,0,0,0,0,0,0,0,0,0,0,0,0,0,0,4,1,0,1,1,0,1,0,0,4,"Often","Often","Never","Rarely","Never","Often","Often","Rarely",NA,"Often","Sometimes","Often","Sometimes","Always","Often","Not sure","Not sure","Not sure","Not sure","Not sure","Not sure","Not sure","Not sure","Agree","Somewhat disagree","Agree","Disagree","Agree","Somewhat disagree","Agree","Disagree","Somewhat disagree","Somewhat disagree","Supportive","No",3.87,3.87,6.04,4.11,4.43
"R_1ir3Xuhx4Id4tdM","General","45 - 54","Male",NA,"33708","Pinellas",NA,"$100,000 or more",100,"About once a week","20 years or more","Excellent",1,1,0,0,0,0,NA,1,1,0,0,14,0,0,0,0,0,0,0,0,0,0,0,0,0,0,0,0,0,0,0,0,0,0,0,0,0,0,0,0,1,0,0,0,0,0,1,0,0,0,0,1,1,1,0,0,0,0,1,1,0,0,0,0,0,1,1,0,0,0,0,0,1,0,0,0,0,0,0,0,0,0,0,0,1,1,1,1,0,0,0,0,0,0,0,0,0,4,"Always","Sometimes","Always","Often","Rarely","Often","Rarely","Never",NA,"Often","Rarely","Never","Sometimes","Always","Sometimes",NA,NA,NA,NA,NA,NA,NA,NA,"Agree","Disagree","Disagree","Disagree","Somewhat disagree","Disagree","Agree","Disagree","Somewhat disagree","Strongly disagree","Supportive","No",9.09,3.71,8.88,8.88,9.97
"R_1KuZdUgHW7I7Xr1","General","65 or older","Male",NA,"33598","Hillsborough",NA,NA,175,"A few times","5 - 9 years","Good",2,1,1,0,0,0,NA,2,1,0,1,20,0,0,0,0,0,0,0,0,0,0,0,0,1,0,0,0,0,0,1,0,1,0,0,0,0,0,1,0,0,0,0,1,0,1,0,0,0,1,1,1,0,0,0,1,1,0,1,0,0,0,1,0,0,1,0,0,1,0,0,0,0,1,0,0,1,1,1,1,0,0,0,0,0,0,0,0,1,1,0,0,0,0,0,0,0,3,"Sometimes","Sometimes","Rarely","Rarely","Often","Often","Often","Never",NA,"Often","Sometimes","Sometimes","Sometimes","Often","Sometimes","Not sure","Not sure","Not sure","Not sure","Sometimes","Rarely","Sometimes","Sometimes","Agree","Disagree","Agree","Disagree","Agree","Somewhat agree","Somewhat disagree","Somewhat agree","Somewhat disagree","Somewhat agree","Supportive","No",4.98,8.04,4.98,4.98,5.02
"R_1UcuzwOILeJAc7p","General","55 - 64","Male",NA,"34209","Manatee",NA,"$100,000 or more",5000,"About once a week","1 - 4 years","Good",1,1,0,0,0,0,NA,1,1,0,0,15,0,0,0,0,0,0,0,0,0,0,0,0,0,0,0,0,0,0,0,0,0,0,0,0,0,0,0,0,0,0,0,0,0,0,0,0,0,0,0,0,0,0,0,0,1,1,0,0,0,0,1,0,0,0,0,0,0,1,0,0,0,1,1,1,1,1,1,1,1,1,1,1,0,0,0,0,7,1,1,1,1,1,1,1,0,3,"Often","Often","Often","Sometimes","Rarely","Rarely","Rarely","Sometimes",NA,"Often","Rarely","Sometimes","Always","Often","Often","Not sure","Not sure","Not sure","Not sure","Often","Sometimes","Sometimes","Never","Somewhat agree","Somewhat agree","Somewhat disagree","Somewhat disagree","Somewhat agree","Somewhat agree","Somewhat agree","Agree","Somewhat agree","Somewhat agree","Neutral","No",1.95,5.44,5.64,1.06,1.18
"R_7ZSujnfrHnoTQHL","General","65 or older","Male",NA,"33598","Hillsborough",NA,"$100,000 or more",50,"About once a week","5 - 9 years","Good",1,1,0,0,0,0,NA,1,1,0,0,13,0,0,0,0,0,0,0,0,0,0,0,0,0,0,0,0,0,0,0,0,0,0,0,0,0,0,1,0,0,0,0,0,1,1,0,0,0,0,1,0,0,0,0,0,0,0,0,0,0,0,0,0,0,0,0,0,0,0,0,0,0,1,0,0,1,1,1,1,1,1,1,1,0,0,0,0,2,1,1,0,0,0,0,0,0,5,"Often","Often","Often","Never","Often","Often","Never","Never",NA,"Often","Often","Often","Often","Often","Often","Not sure","Not sure","Moderate","Not sure","Not sure","Not sure","Not sure","Not sure","Agree","Strongly disagree","Agree","Strongly disagree","Strongly agree","Strongly disagree","Strongly disagree","Strongly disagree","Somewhat agree","Strongly disagree","Supportive","No",0.1,0.1,0.1,9.87,9.56
"R_7GoIUsTrY4rqqmU","General","55 - 64","Male",NA,NA,"Pinellas",NA,"$25,001 - $50,000",400,"About once a month","1 - 4 years","Fair",1,1,0,0,0,0,NA,1,0,0,1,12,0,0,0,1,1,1,0,0,0,0,0,0,0,0,0,0,0,0,0,0,0,0,0,0,1,0,0,0,0,0,0,0,0,0,1,0,0,1,1,0,1,0,0,0,0,0,0,1,0,0,0,0,0,0,0,0,0,0,0,0,0,1,0,0,0,0,0,0,0,0,0,0,0,1,0,1,6,1,1,1,1,0,1,1,0,0,"Rarely","Rarely","Rarely","Never","Rarely","Sometimes","Rarely","Rarely","Waiting waiting","Rarely","Never","Rarely","Rarely","Often","Often","Not sure","Not sure","Not sure","Not sure","Not sure","Not sure","Rarely","Not sure","Agree","Somewhat disagree","Agree","Somewhat disagree","Agree","Somewhat disagree","Somewhat agree","Somewhat disagree","Somewhat agree","Somewhat agree","Supportive","No",8.1,5.95,4.85,3.23,2.44
"R_3E3qtm7udknwRHz","General","55 - 64","Male",NA,"33629","Hillsborough",NA,"$100,000 or more",25,"About once a month","5 - 9 years","Excellent",2,1,1,0,0,0,NA,2,1,0,1,3,0,0,0,0,0,0,0,0,0,0,0,0,0,0,0,0,1,1,0,0,0,0,0,0,0,0,0,0,0,0,0,0,0,0,0,0,0,0,0,0,0,0,0,0,0,0,0,0,0,0,0,0,0,1,0,0,0,0,0,0,0,0,0,0,0,0,0,0,0,0,0,0,0,0,0,0,0,0,0,0,0,0,0,0,0,2,"Never","Sometimes","Rarely","Never","Sometimes","Often","Sometimes","Often","Spanish mackerel","Sometimes","Often","Often","Rarely","Sometimes","Always","Moderate","Medium","Moderate","Moderate","Not sure","Not sure","Not sure","Not sure","Strongly agree","Strongly disagree","Somewhat agree","Strongly disagree","Strongly agree","Agree","Somewhat agree","Somewhat agree","Agree","Strongly disagree","Supportive","Yes",0.71,4.74,10,7.25,4.2
"R_6kUj7h5vWc0ptTj","General","55 - 64","Male",NA,"33772","Pinellas",NA,"$50,001 - $75,000",20,"A few times","20 years or more","Good",1,1,0,0,0,0,NA,3,1,1,1,9,0,0,0,0,0,0,0,0,1,1,0,0,0,0,0,1,0,0,0,0,0,0,0,0,0,0,0,0,0,0,0,0,0,0,0,0,0,0,0,1,1,0,0,0,0,0,1,0,0,0,0,0,0,1,0,0,0,0,0,0,0,0,0,0,0,0,0,0,0,0,0,0,1,1,0,0,2,0,0,0,1,0,1,0,0,2,"Sometimes","Often","Often","Never","Sometimes","Rarely","Rarely","Sometimes",NA,"Often","Sometimes","Rarely","Rarely","Often","Sometimes","Moderate","Small","Moderate","Moderate","Often","Rarely","Often","Not sure","Somewhat agree","Somewhat disagree","Somewhat disagree","Somewhat disagree","Somewhat agree","Strongly disagree","Strongly agree","Disagree","Agree","Disagree","Supportive","No",1.86,3.79,5.94,10,8.14
"R_3OuC8sFhgbCIv6E","General","45 - 54","Male",NA,"33609","Hillsborough",NA,"$100,000 or more",100,"About once a week","1 - 4 years","Good",1,1,0,0,0,0,NA,1,0,0,1,1,0,0,0,0,0,0,0,0,0,0,0,0,0,0,0,0,0,0,0,0,0,0,0,0,0,0,0,0,0,0,0,0,0,0,0,0,0,0,0,0,0,0,0,0,0,0,0,0,0,0,0,0,0,0,0,0,0,0,0,0,0,0,0,0,0,0,0,0,0,0,0,0,0,0,1,0,3,1,0,0,0,0,1,1,0,5,"Always","Always","Always","Never","Always","Never","Never","Always","red fish","Often","Often","Never","Never","Often","Always",NA,NA,NA,NA,NA,NA,NA,NA,"Strongly agree","Strongly disagree","Strongly agree","Strongly disagree","Strongly agree","Agree","Agree","Agree","Somewhat disagree","Somewhat agree","Supportive","No",4.3,10,10,7.39,5.44
"R_6qtmLtlTc1xGQDL","General","45 - 54","Male",NA,"33549","Hillsborough",NA,"$100,000 or more",200,"A few times","1 - 4 years","Good",1,1,0,0,0,0,NA,1,1,0,0,1,0,0,0,0,0,0,0,0,0,0,0,0,0,0,0,0,0,0,0,0,0,0,0,0,0,0,0,0,0,0,0,0,0,0,0,0,0,0,0,1,0,0,0,0,0,0,0,0,0,0,0,0,0,0,0,0,0,0,0,0,0,0,0,0,0,0,0,0,0,0,0,0,0,0,0,0,3,1,0,1,1,0,0,0,0,2,"Often","Often","Sometimes","Sometimes","Rarely","Rarely","Sometimes","Rarely",NA,"Sometimes","Rarely","Rarely","Rarely","Sometimes","Sometimes","Moderate","Not sure","Not sure","Not sure","Sometimes","Not sure","Sometimes","Not sure","Somewhat agree","Somewhat disagree","Somewhat agree","Somewhat disagree","Somewhat agree","Somewhat agree","Somewhat agree","Somewhat disagree","Somewhat agree","Disagree","Supportive","No",4.21,9.11,9.35,8.32,5.54
"R_6ONZfYmyyDYGQ2l","Saltwater","35 - 44","Male",NA,"33624","Hillsborough",NA,"$100,000 or more",150,"A few times","10 - 19 years","Good",1,1,0,0,0,0,NA,1,1,0,0,10,1,1,1,1,1,1,1,0,0,0,0,1,0,0,0,0,0,1,0,0,0,0,0,1,0,0,0,0,0,0,0,0,0,0,0,0,0,0,0,0,0,0,0,0,0,0,0,0,0,0,0,0,0,0,0,0,0,0,0,0,0,0,0,0,0,0,0,0,0,0,0,0,0,0,0,0,6,1,1,1,1,0,1,1,0,1,"Sometimes","Always","Sometimes","Never","Rarely","Rarely","Never","Never",NA,"Often","Sometimes","Sometimes","Never","Often","Sometimes","Moderate","Medium","Moderate","Not sure","Sometimes","Rarely","Often","Never","Agree","Somewhat disagree","Somewhat agree","Somewhat agree","Agree","Strongly disagree","Agree","Disagree","Strongly agree","Disagree","Supportive","No",0.66,3.22,0.43,7.1,9.96
"R_5k4yE5D4hM6a50K","Saltwater","45 - 54","Male",NA,"34209","Manatee",NA,"$100,000 or more",250,"About once a month","20 years or more","Excellent",1,1,0,0,0,0,NA,1,1,0,0,37,0,0,0,0,0,0,0,0,0,0,0,0,0,0,0,0,0,0,0,0,0,0,0,0,0,0,0,0,0,0,0,0,0,0,0,0,0,0,0,1,1,1,1,1,1,1,1,1,1,1,1,1,1,1,1,1,1,1,1,1,1,1,1,1,1,1,1,1,1,1,1,1,1,1,1,1,4,1,0,0,1,1,1,0,0,5,"Often","Often","Often","Often","Rarely","Often","Sometimes","Sometimes","Cobia","Often","Often","Sometimes","Sometimes","Often","Sometimes","Moderate","Small","Moderate","Moderate","Sometimes","Sometimes","Often","Rarely","Agree","Disagree","Agree","Disagree","Agree","Somewhat agree","Agree","Somewhat disagree","Somewhat agree","Disagree","Supportive","No",0.68,0.7,0.77,1.01,10
"R_1K3lVICE8jINq2F","Saltwater","45 - 54","Male",NA,"33598","Hillsborough",NA,"$50,001 - $75,000",75,"About once a week","10 - 19 years","Fair",2,1,1,0,0,0,NA,3,1,1,1,15,0,0,0,1,1,1,0,0,0,0,0,0,0,0,0,0,0,0,0,0,1,0,0,0,0,0,1,0,0,0,0,0,1,1,0,0,0,1,1,0,0,0,0,0,1,1,0,0,0,0,0,0,1,0,0,0,0,0,0,0,0,1,0,0,0,0,1,0,0,1,0,0,0,0,0,0,4,0,0,0,1,1,0,1,1,4,"Sometimes","Often","Often","Never","Often","Often","Rarely","Never","Na","Sometimes","Sometimes","Sometimes","Sometimes","Sometimes","Sometimes","Moderate","Medium","Moderate","Not sure","Not sure","Not sure","Sometimes","Not sure","Somewhat agree","Disagree","Agree","Somewhat agree","Agree","Strongly disagree","Agree","Disagree","Agree","Disagree","Supportive","No",3.02,10,9.19,7.35,7.1
"R_7DexmAbZacHqv2V","Saltwater","45 - 54","Male",NA,"34203","Manatee",NA,"$100,000 or more",500,"A few times","20 years or more","Good",1,1,0,0,0,0,NA,2,1,0,1,15,0,0,0,0,0,0,0,0,0,0,0,0,0,0,0,0,0,0,0,0,0,0,0,0,0,0,0,0,0,0,0,0,0,0,0,0,0,0,0,0,0,0,0,0,0,0,0,1,0,0,0,0,0,1,1,0,0,0,1,1,1,1,0,1,1,1,1,1,1,1,0,1,0,0,0,0,7,1,1,1,1,1,1,1,0,4,"Sometimes","Often","Sometimes","Never","Sometimes","Often","Often","Often","Mackerel, Jack, Pompano","Sometimes","Sometimes","Often","Often","Often","Often","Not sure","Small","Moderate","Moderate","Often","Not sure","Often","Never","Agree","Disagree","Somewhat disagree","Somewhat agree","Agree","Somewhat agree","Somewhat disagree","Disagree","Agree","Disagree","Supportive","No",0.87,10,10,10,10
"R_1I9yFep3Uk26M9w","Saltwater","65 or older","Male",NA,"33611","Hillsborough",NA,"$75,001 - $100,000",50,"Many times a week","1 - 4 years","Good",1,1,0,0,0,0,NA,2,1,1,0,22,0,0,0,0,0,0,0,0,0,1,1,1,0,0,0,1,1,1,0,0,0,1,1,1,0,0,0,0,0,0,0,0,0,0,0,0,0,0,1,1,1,0,0,1,1,0,1,1,0,0,1,0,0,1,1,0,0,0,1,0,1,0,0,1,0,0,0,0,0,0,0,0,0,0,0,0,4,0,0,0,0,1,1,1,1,5,"Sometimes","Often","Sometimes","Never","Often","Often","Always","Often",NA,"Often","Often","Often","Never","Sometimes","Often","High","Large","Deep","Complex","Often","Sometimes","Sometimes","Not sure","Agree","Disagree","Agree","Disagree","Agree","Strongly disagree","Somewhat agree","Strongly disagree","Agree","Disagree","Supportive","Yes",10,10,10,10,10
"R_6cZdMaWznpG9nCe","Saltwater","25 - 34","Male",NA,"34219","Manatee",NA,"$100,000 or more",NA,"Many times a week","1 - 4 years","Excellent",1,1,0,0,0,0,NA,3,1,1,1,22,0,0,0,0,0,0,0,0,0,0,0,0,0,0,0,0,0,0,0,0,0,0,0,0,0,0,0,0,0,0,0,0,0,1,0,0,0,0,1,0,0,0,0,0,1,1,0,1,0,0,1,1,1,1,1,0,1,1,0,0,1,1,1,1,1,1,1,1,0,0,1,1,0,0,0,0,5,1,0,1,1,1,1,0,0,6,"Often","Often","Often","Rarely","Often","Often","Often","Rarely","None","Often","Often","Often","Always","Always","Always","High","Not sure","Not sure","Not sure","Often","Sometimes","Always","Not sure","Strongly agree","Somewhat disagree","Somewhat disagree","Somewhat disagree","Strongly agree","Somewhat agree","Somewhat agree","Somewhat agree","Somewhat agree","Strongly agree","Supportive","No",10,10,1.57,7.39,1.73
"R_7kUFM4tAYA48uw4","Saltwater","35 - 44","Male",NA,"33572","Hillsborough",NA,"$100,000 or more",750,"About once a month","1 - 4 years","Good",1,1,0,0,0,0,NA,1,1,0,0,7,0,0,0,0,0,0,0,0,0,0,0,0,0,0,0,0,0,0,0,0,0,0,0,0,0,0,0,0,0,0,0,0,1,1,0,0,0,0,1,0,0,0,0,0,0,0,0,1,0,0,0,0,0,0,1,1,0,0,0,0,1,0,0,0,0,0,0,0,0,0,0,0,0,0,0,0,3,0,0,0,0,0,1,1,1,0,"Sometimes","Sometimes","Sometimes","Rarely","Sometimes","Sometimes","Sometimes","Never",NA,"Sometimes","Sometimes","Sometimes","Never","Sometimes","Sometimes","Not sure","Not sure","Moderate","Not sure","Sometimes","Not sure","Sometimes","Not sure","Agree","Disagree","Agree","Disagree","Agree","Agree","Somewhat agree","Agree","Somewhat agree","Somewhat disagree","Supportive","No",3.02,8.03,8.45,10,7.47
"R_5zvzjP72Yws3u7r","Saltwater","55 - 64","Male",NA,"33566","Hillsborough",NA,"$25,001 - $50,000",200,"About once a month","1 - 4 years","Good",2,1,1,0,0,0,NA,2,0,1,1,7,0,0,0,1,0,1,0,0,0,0,0,0,1,1,0,0,0,0,0,0,1,0,0,0,0,0,1,0,0,0,0,0,0,1,0,0,0,0,0,0,0,0,0,0,0,0,0,0,0,0,0,0,0,0,0,0,0,0,0,0,0,0,0,0,0,0,0,0,0,0,0,0,0,0,0,0,3,0,0,0,1,1,0,1,0,1,"Sometimes","Sometimes","Sometimes","Never","Sometimes","Often","Never","Sometimes","Redfish,Mangrove","Sometimes","Sometimes","Rarely","Sometimes","Often","Often","Not sure","Not sure","Moderate","Moderate","Not sure","Not sure","Often","Not sure","Agree","Somewhat disagree","Agree","Disagree","Agree","Somewhat disagree","Somewhat disagree","Somewhat disagree","Somewhat disagree","Somewhat disagree","Supportive","No",4.02,6.68,6.62,4.42,2.61
"R_3CCt0UNovOG1PxI","Saltwater","25 - 34","Male",NA,"33884","Polk",NA,"$25,001 - $50,000",NA,"About once a month","1 - 4 years","Fair",2,1,1,0,0,0,NA,2,0,1,1,10,0,0,0,0,0,0,0,0,0,0,0,1,1,0,0,0,0,1,1,0,0,0,0,1,0,0,0,0,0,0,0,0,0,0,1,0,0,0,0,0,0,0,0,0,0,0,0,0,0,0,0,0,0,0,0,0,0,0,0,0,0,0,0,0,0,0,0,0,0,1,0,0,1,1,1,0,3,0,0,0,1,1,0,1,0,1,"Sometimes","Sometimes","Sometimes","Rarely","Sometimes","Often","Sometimes","Never","Shark","Sometimes","Often","Sometimes","Rarely","Often","Often","Not sure","Not sure","Not sure","Not sure","Not sure","Not sure","Not sure","Not sure","Somewhat agree","Agree","Agree","Strongly disagree","Somewhat agree","Somewhat disagree","Somewhat agree","Somewhat agree","Somewhat agree","Somewhat agree","Supportive","Yes",4.99,5.46,5.74,2.83,1.93
"R_3V3Esx4QiVnb409","Saltwater","35 - 44","Female",NA,"33572","Hillsborough",NA,"$75,001 - $100,000",100,"A few times","10 - 19 years","Good",1,1,0,0,0,0,NA,1,1,0,0,6,0,0,0,0,0,0,0,0,0,0,0,0,0,0,0,0,0,0,0,1,0,0,0,0,1,1,0,0,0,0,0,1,0,0,0,0,0,1,1,0,0,0,0,0,0,0,0,0,0,0,0,0,0,0,0,0,0,0,0,0,0,0,0,0,0,0,0,0,0,0,0,0,0,0,0,0,5,1,1,1,1,1,0,0,0,6,"Often","Often","Often","Never","Often","Often","Often","Never","Na","Never","Often","Sometimes","Rarely","Often","Often","High","Small","Not sure","Not sure","Rarely","Rarely","Often","Never","Agree","Disagree","Agree","Somewhat agree","Somewhat agree","Disagree","Agree","Disagree","Agree","Disagree","Supportive","No",1.06,3.84,1.77,5.93,4.65
"R_3EcHAiSlsFJq7qt","Saltwater","25 - 34","Female",NA,"33647","Hillsborough",NA,"$25,001 - $50,000",120,"A few times","1 - 4 years","Fair",2,1,1,0,0,0,NA,1,1,0,0,20,0,0,0,0,0,0,0,0,0,0,0,0,0,0,0,0,0,1,0,0,0,0,1,1,0,0,0,0,0,0,0,0,0,1,0,0,0,0,1,1,0,0,0,0,1,1,1,0,0,0,1,1,0,1,0,0,0,1,0,0,0,1,1,0,0,1,1,1,0,0,0,0,0,1,0,1,5,1,0,0,1,1,0,1,1,4,"Sometimes","Often","Often","Never","Often","Often","Rarely","Rarely",NA,"Often","Sometimes","Sometimes","Rarely","Often","Often","Not sure","Not sure","Not sure","Moderate","Not sure","Not sure","Often","Not sure","Somewhat agree","Somewhat disagree","Somewhat agree","Somewhat disagree","Somewhat agree","Somewhat disagree","Strongly agree","Somewhat disagree","Agree","Disagree","Supportive","No",2.96,0.96,0.98,7.05,5.77
"R_7Q3zUVqyqX6pQVX","Saltwater","35 - 44","Male",NA,"34207","Manatee",NA,"$75,001 - $100,000",NA,"A few times","20 years or more","Fair",1,1,0,0,0,0,NA,1,1,0,0,5,0,0,0,0,0,0,0,0,0,0,0,0,0,0,0,0,0,0,0,0,0,0,0,0,0,0,0,0,0,0,0,0,0,0,0,0,0,0,0,0,0,0,0,0,0,0,0,0,0,0,0,0,0,0,0,0,0,0,0,0,0,0,0,0,0,1,0,1,1,1,1,0,0,0,0,0,1,0,0,0,0,0,1,0,0,1,"Often","Rarely","Sometimes","Never","Never","Never","Never","Never",NA,"Often","Rarely","Rarely","Sometimes","Often","Sometimes","Not sure","Not sure","Not sure","Not sure","Sometimes","Never","Sometimes","Never","Somewhat disagree","Disagree","Somewhat agree","Somewhat disagree","Somewhat agree","Strongly disagree","Strongly agree","Disagree","Disagree","Disagree","Neutral","No",4.78,5.09,10,10,10
"R_7H7vmItMcZz7nl2","Saltwater","55 - 64","Female",NA,"33706","Pinellas",NA,"$100,000 or more",350,"A few times","5 - 9 years","Good",1,1,0,0,0,0,NA,1,1,0,0,5,0,0,0,0,0,0,0,0,0,0,0,0,0,0,0,0,0,0,0,0,0,0,0,0,0,0,0,0,0,0,0,0,0,0,0,0,0,0,0,1,0,0,0,0,0,0,1,1,0,0,0,0,0,0,1,0,0,0,0,0,1,0,0,0,0,0,0,0,0,0,0,0,0,0,0,0,2,1,0,0,0,0,0,0,1,2,"Never","Sometimes","Sometimes","Never","Sometimes","Often","Often","Rarely","Flounder","Never","Often","Often","Never","Rarely","Often","Not sure","Medium","Deep","Complex","Rarely","Never","Often","Never","Agree","Strongly disagree","Somewhat agree","Disagree","Agree","Somewhat disagree","Strongly agree","Agree","Agree","Somewhat agree","Supportive","Yes",0.07,0.75,6.76,5.39,10
"R_1nNtiZlgUEkM0fL","Saltwater","55 - 64","Male",NA,"34211","Manatee",NA,NA,30,"About once a week","20 years or more","Excellent",1,1,0,0,0,0,NA,2,0,1,1,6,0,0,0,0,0,0,0,0,0,0,0,0,0,0,0,0,0,0,0,0,0,0,0,0,0,0,0,0,0,0,0,0,0,0,0,0,0,0,0,0,0,0,0,0,0,0,0,0,0,0,0,0,0,0,0,0,0,0,0,0,0,0,0,1,0,1,1,1,1,1,0,0,0,0,0,0,2,0,0,0,1,1,0,0,0,3,"Rarely","Sometimes","Often","Often","Rarely","Sometimes","Sometimes","Often","Mackerel,pompano,ladyfish,shark","Sometimes","Rarely","Rarely","Sometimes","Often","Often","Low","Small","Shallow","Not sure","Rarely","Never","Sometimes","Never","Agree","Disagree","Agree","Disagree","Agree","Somewhat agree","Somewhat disagree","Agree","Somewhat disagree","Somewhat agree","Supportive","No",5.06,6.01,7.47,6.16,5.55
"R_3b3YPglKeJCmUtr","Saltwater","55 - 64","Female",NA,"34203","Manatee",NA,NA,NA,"A few times","5 - 9 years","Excellent",1,1,0,0,0,0,NA,2,0,1,1,3,0,0,0,0,0,0,0,0,0,0,0,0,0,0,0,0,0,0,0,0,0,0,0,0,0,0,0,0,0,0,0,0,0,0,0,0,0,0,0,0,0,0,0,0,0,0,0,0,0,0,0,0,0,0,0,0,0,0,0,0,0,1,0,0,0,0,1,0,0,1,0,0,0,0,0,0,4,1,1,1,1,0,0,0,0,1,"Never","Never","Rarely","Never","Sometimes","Often","Sometimes","Never",NA,"Rarely","Rarely","Rarely","Often","Rarely","Often","Not sure","Not sure","Not sure","Not sure","Often","Never","Rarely","Never","Somewhat agree","Somewhat disagree","Agree","Somewhat disagree","Agree","Somewhat disagree","Somewhat disagree","Somewhat disagree","Somewhat disagree","Somewhat disagree","Neutral","No",5.2,5.32,5.27,5.24,5.27
"R_1PN8aX4dmes90aI","Saltwater","55 - 64","Male",NA,"34208","Manatee",NA,"$100,000 or more",50,"About once a month","1 - 4 years","Excellent",1,1,0,0,0,0,NA,1,1,0,0,12,0,0,0,0,0,0,0,0,0,0,0,0,0,0,0,0,0,0,0,0,0,0,0,0,0,0,0,0,0,0,0,0,0,0,0,0,0,0,0,1,1,0,0,0,0,0,1,1,0,0,0,0,0,0,0,0,0,0,0,0,1,1,0,1,0,1,1,1,1,1,0,0,0,0,0,0,3,0,1,1,1,0,0,0,0,3,"Often","Often","Often","Rarely","Sometimes","Sometimes","Sometimes","Never",NA,"Often","Sometimes","Sometimes","Sometimes","Often","Sometimes","Not sure","Not sure","Moderate","Moderate","Often","Not sure","Rarely","Never","Strongly agree","Disagree","Strongly agree","Disagree","Strongly agree","Disagree","Agree","Strongly disagree","Strongly agree","Strongly disagree","Supportive","No",5.33,10,9.54,10,7.93
"R_5OJG2U36laqXdx4","Saltwater","35 - 44","Male",NA,"34231","Sarasota",NA,"$100,000 or more",200,"About once a month","10 - 19 years","Excellent",2,1,1,0,0,0,NA,2,1,1,0,15,0,0,0,0,0,0,0,0,0,0,0,0,0,0,0,0,0,0,0,0,0,0,0,0,0,0,0,0,0,0,0,0,0,0,0,0,0,0,0,0,1,0,0,1,1,1,0,1,0,0,1,1,1,0,1,1,0,1,0,1,1,1,1,0,0,0,0,0,0,0,0,0,0,0,0,0,8,1,1,1,1,1,1,1,1,1,"Sometimes","Sometimes","Often","Rarely","Sometimes","Sometimes","Rarely","Never",NA,"Often","Rarely","Rarely","Sometimes","Sometimes","Sometimes","Low","Small","Moderate","Moderate","Sometimes","Not sure","Not sure","Not sure","Agree","Somewhat disagree","Agree","Somewhat disagree","Agree","Somewhat disagree","Agree","Somewhat agree","Somewhat agree","Somewhat disagree","Supportive","No",3.16,6.29,8.36,3.34,1.24
"R_5QASYbf7Os3QZwx","Saltwater","55 - 64","Male",NA,"33772","Pinellas",NA,"$100,000 or more",750,"About once a month","20 years or more","Good",1,1,0,0,0,0,NA,1,1,0,0,16,0,0,0,0,0,0,0,0,0,0,0,0,0,0,0,0,0,0,0,0,0,0,0,0,0,0,0,0,0,0,1,1,1,0,0,0,1,1,0,0,0,0,1,1,0,0,0,1,1,1,0,0,0,1,1,1,0,0,1,1,1,0,0,0,0,0,0,0,0,0,0,0,0,0,0,0,4,0,0,0,1,1,0,1,1,1,"Rarely","Never","Rarely","Sometimes","Never","Sometimes","Sometimes","Often","Kingfish","Rarely","Often","Sometimes","Rarely","Never","Sometimes","Moderate","Medium","Deep","Moderate","Sometimes","Rarely","Sometimes","Never","Agree","Disagree","Agree","Disagree","Agree","Agree","Disagree","Agree","Somewhat disagree","Somewhat agree","Supportive","No",1.06,6.22,6.22,4.65,1.12
"R_1i7Z5LwgIw4w8Dr","Saltwater","55 - 64","Female",NA,"33830","Polk",NA,"$100,000 or more",120,"About once a month","5 - 9 years","Excellent",1,0,1,0,0,0,NA,1,1,0,0,4,0,0,0,0,0,0,0,0,0,0,0,0,0,0,0,0,0,0,0,0,0,0,0,0,0,0,0,0,0,0,0,0,0,1,0,0,0,0,1,0,0,0,0,0,1,0,0,0,0,0,0,0,0,0,0,0,0,0,0,0,1,0,0,0,0,0,0,0,0,0,0,0,0,0,0,0,0,0,0,0,0,0,0,0,0,5,"Often","Often","Always","Never","Rarely","Always","Often","Rarely",NA,"Often","Often","Rarely","Sometimes","Often","Sometimes","Moderate","Small","Moderate","Moderate","Sometimes","Rarely","Often","Never","Agree","Somewhat agree","Somewhat agree","Somewhat agree","Agree","Somewhat agree","Agree","Somewhat agree","Agree","Somewhat agree","Supportive","No",8.37,8.61,5.25,7.36,4.27
"R_117LXCxv0tOwQgR","Saltwater","65 or older","Male",NA,"34228","Manatee",NA,"$100,000 or more",200,"A few times","5 - 9 years","Good",1,1,0,0,0,0,NA,1,1,0,0,15,0,0,0,0,0,0,0,0,0,0,0,0,0,0,0,0,0,0,0,0,0,0,0,0,0,0,0,0,0,0,0,0,0,0,0,0,0,0,0,0,0,0,0,1,1,0,1,1,0,0,1,0,0,1,1,0,0,0,1,1,1,1,0,1,1,1,1,0,0,0,0,0,0,0,0,0,6,1,1,1,1,1,1,0,0,3,"Often","Often","Often","Sometimes","Sometimes","Sometimes","Rarely","Sometimes",NA,"Sometimes","Sometimes","Sometimes","Sometimes","Often","Sometimes","Moderate","Small","Moderate","Moderate","Not sure","Not sure","Sometimes","Not sure","Agree","Somewhat disagree","Agree","Somewhat disagree","Agree","Somewhat agree","Somewhat agree","Agree","Somewhat agree","Somewhat agree","Neutral","No",10,3.48,3.37,4.37,3.75
"R_6exFjsS3suxhv08","Saltwater","25 - 34","Male",NA,"33547","Hillsborough",NA,"$100,000 or more",20,"About once a week","Less than a year","Fair",2,1,1,0,0,0,NA,3,1,1,1,19,0,0,0,0,0,0,0,0,0,0,0,0,0,0,0,0,0,0,0,0,0,0,0,0,0,1,1,1,0,0,0,0,1,1,0,0,0,1,1,0,0,0,0,1,1,1,0,0,0,0,1,1,1,0,0,0,1,1,0,0,1,1,1,0,0,0,1,0,0,0,0,0,0,0,0,0,2,1,0,0,0,1,0,0,0,3,"Sometimes","Often","Often","Rarely","Rarely","Often","Rarely","Never",NA,"Often","Sometimes","Sometimes","Sometimes","Often","Often","High","Small","Deep","Complex","Sometimes","Sometimes","Sometimes","Never","Agree","Disagree","Agree","Disagree","Agree","Disagree","Agree","Disagree","Agree","Disagree","Supportive","No",0,10,10,10,10
"R_7Wxh61PYEHWzJQt","Saltwater","55 - 64","Male",NA,"34228","Sarasota",NA,"$100,000 or more",1000,"A few times","5 - 9 years","Good",2,1,1,0,0,0,NA,1,1,0,0,2,0,0,0,0,0,0,0,0,0,0,0,0,0,0,0,0,0,0,0,0,0,0,0,0,0,0,0,0,0,0,0,0,0,0,0,0,0,0,0,0,0,0,0,0,0,0,0,0,0,0,0,0,0,0,0,0,0,0,1,0,0,0,0,1,0,0,0,0,0,0,0,0,0,0,0,0,2,1,0,0,0,0,0,0,1,3,"Often","Often","Often","Rarely","Rarely","Rarely","Sometimes","Sometimes",NA,"Sometimes","Often","Often","Rarely","Often","Sometimes","Not sure","Not sure","Moderate","Not sure","Not sure","Not sure","Not sure","Not sure","Somewhat agree","Disagree","Somewhat agree","Disagree","Agree","Disagree","Agree","Disagree","Agree","Disagree","Neutral","No",9.27,6.64,1.74,10,10
"R_5zkGmsoxkNpGNlN","Saltwater","55 - 64","Male",NA,"33702","Pinellas",NA,"$75,001 - $100,000",15,"Many times a week","20 years or more","Good",2,1,1,0,0,0,NA,3,1,1,1,14,0,0,0,0,0,0,0,0,0,0,0,0,0,0,0,1,1,0,0,0,0,1,1,0,0,0,0,0,0,0,0,0,0,0,0,0,0,0,0,1,1,0,0,0,0,0,1,1,0,0,0,0,0,1,1,0,0,0,0,0,1,0,0,0,0,0,0,0,0,0,0,0,1,1,1,0,5,1,1,1,1,0,1,0,0,2,"Rarely","Often","Sometimes","Rarely","Sometimes","Sometimes","Rarely","Often","Pompano","Sometimes","Rarely","Rarely","Rarely","Often","Often","Low","Small","Moderate","Moderate","Not sure","Not sure","Sometimes","Not sure","Somewhat agree","Somewhat disagree","Agree","Somewhat disagree","Somewhat agree","Somewhat agree","Somewhat agree","Somewhat agree","Somewhat disagree","Somewhat agree","Supportive","No",5.1,6.3,6.46,4.76,1.63
"R_6NlXfTBTJMW9pkZ","Saltwater","55 - 64","Male",NA,"33781","Pinellas",NA,"$50,001 - $75,000",50,"About once a month","20 years or more","Good",1,1,0,0,0,0,NA,1,0,1,0,3,0,0,0,0,0,0,0,0,0,0,0,0,0,0,0,0,0,0,0,0,0,0,0,0,0,0,0,0,0,0,0,0,0,0,0,0,0,0,0,1,0,0,0,0,0,0,1,0,0,0,0,0,0,1,0,0,0,0,0,0,0,0,0,0,0,0,0,0,0,0,0,0,0,0,0,0,0,0,0,0,0,0,0,0,0,3,"Sometimes","Often","Often","Rarely","Sometimes","Sometimes","Often","Never","None","Sometimes","Rarely","Rarely","Never","Often","Sometimes","High","Medium","Moderate","Moderate","Not sure","Not sure","Never","Never","Somewhat agree","Somewhat agree","Somewhat agree","Somewhat agree","Somewhat disagree","Somewhat disagree","Agree","Somewhat disagree","Agree","Disagree","Supportive","No",1.29,4.95,0.88,7.22,7.67
"R_7xLTBBbAd5Ejz36","Saltwater","45 - 54","Male",NA,"34689","Pinellas",NA,"$25,001 - $50,000",50,"About once a month","20 years or more","Excellent",1,1,0,0,0,0,NA,1,1,0,0,7,1,0,0,1,0,0,0,0,1,0,0,0,0,0,0,0,0,0,0,0,0,0,0,0,0,0,0,0,0,0,0,0,0,0,0,0,0,0,0,1,0,0,0,0,0,0,0,0,0,0,0,0,0,1,0,0,0,0,0,0,0,0,0,0,0,0,0,0,0,0,0,0,1,1,0,0,7,1,1,1,0,1,1,1,1,4,"Always","Always","Always","Always","Sometimes","Sometimes","Sometimes","Sometimes","flounder","Always","Rarely","Never","Always","Always","Often",NA,NA,NA,NA,NA,NA,NA,NA,"Agree","Disagree","Agree","Disagree","Agree","Agree","Disagree","Agree","Somewhat disagree","Agree","Supportive","No",8.07,8.69,6.04,2.96,0.3
"R_51YEZP66sh4U094","Saltwater","45 - 54","Male",NA,"34684","Pinellas",NA,"$100,000 or more",600,"A few times","5 - 9 years","Excellent",1,1,0,0,0,0,NA,1,0,1,0,3,0,0,0,0,0,0,0,0,0,0,0,0,0,0,0,0,0,0,0,0,0,0,0,0,0,0,0,0,0,0,0,0,0,0,0,0,0,0,0,1,0,0,0,0,0,0,1,0,0,0,0,0,0,1,0,0,0,0,0,0,0,0,0,0,0,0,0,0,0,0,0,0,0,0,0,0,3,0,0,0,0,1,1,0,1,5,"Always","Always","Always","Rarely","Sometimes","Always","Always","Sometimes","Spanish mackerel and kings","Sometimes","Always","Rarely","Never","Often","Often","Moderate","Small","Deep","Moderate","Sometimes","Not sure","Often","Never","Strongly agree","Strongly disagree","Strongly agree","Strongly disagree","Strongly agree","Somewhat agree","Somewhat agree","Agree","Somewhat agree","Somewhat agree","Supportive","No",1.73,4.84,10,10,10
"R_7labJRTG6Ni2YRH","Saltwater","55 - 64","Male",NA,"33761","Pinellas",NA,"$50,001 - $75,000",1000,"A few times","1 - 4 years","Good",1,1,0,0,0,0,NA,2,0,1,1,4,1,0,0,1,1,1,0,0,0,0,0,0,0,0,0,0,0,0,0,0,0,0,0,0,0,0,0,0,0,0,0,0,0,0,0,0,0,0,0,0,0,0,0,0,0,0,0,0,0,0,0,0,0,0,0,0,0,0,0,0,0,0,0,0,0,0,0,0,0,0,0,0,0,0,0,0,2,1,1,0,0,0,0,0,0,1,"Sometimes","Often","Sometimes","Rarely","Sometimes","Rarely","Rarely","Never",NA,"Often","Sometimes","Sometimes","Sometimes","Often","Often","Low","Small","Shallow","Moderate","Often","Often","Sometimes","Rarely","Agree","Disagree","Strongly agree","Disagree","Agree","Somewhat disagree","Somewhat agree","Somewhat agree","Somewhat agree","Somewhat disagree","Supportive","No",0.93,0.94,0.92,10,10
"R_5zbGG5K22lGFdat","Saltwater","45 - 54","Male",NA,"33702","Pinellas",NA,"$100,000 or more",30,"Many times a week","1 - 4 years","Excellent",1,1,0,0,0,0,NA,1,0,1,0,7,0,0,0,0,0,0,0,0,0,0,0,0,0,0,0,0,0,0,0,0,0,1,1,0,0,0,0,0,1,1,0,0,0,0,1,0,0,0,0,0,0,0,0,0,0,0,0,1,0,0,0,0,0,0,0,0,0,0,0,0,0,1,0,0,0,0,0,0,0,0,0,0,0,0,0,0,1,0,0,0,0,0,1,0,0,5,"Often","Often","Often","Never","Often","Often","Rarely","Sometimes","Black drum","Often","Rarely","Rarely","Rarely","Often","Often","Moderate","Small","Moderate","Simple","Often","Sometimes","Sometimes","Not sure","Agree","Disagree","Agree","Somewhat disagree","Agree","Somewhat agree","Somewhat disagree","Somewhat agree","Somewhat disagree","Somewhat agree","Supportive","No",2.64,7.79,4.81,7.63,3.01
"R_67HWqssEHgfczMT","Saltwater","45 - 54","Male",NA,"33606","Hillsborough",NA,"$100,000 or more",50,"About once a month","10 - 19 years","Excellent",1,1,0,0,0,0,NA,1,1,0,0,8,0,0,0,0,0,0,0,0,0,0,0,0,0,0,0,0,0,0,0,0,0,0,0,0,0,0,0,0,0,0,0,0,0,0,0,0,0,0,0,1,1,0,0,0,0,0,1,1,0,0,0,0,0,1,1,0,0,0,0,0,0,0,0,0,0,0,0,0,0,0,0,0,0,0,1,1,1,0,0,0,0,1,0,0,0,1,"Rarely","Rarely","Rarely","Rarely","Often","Rarely","Rarely","Sometimes",NA,"Sometimes","Sometimes","Sometimes","Never","Rarely","Often","Low","Medium","Deep","Moderate","Not sure","Not sure","Sometimes","Never","Strongly agree","Strongly disagree","Agree","Disagree","Strongly agree","Somewhat disagree","Somewhat agree","Somewhat disagree","Somewhat disagree","Disagree","Supportive","No",10,5.16,5.53,0.78,0.86
"R_6W3dYv7FHlrhPRD","Saltwater","55 - 64","Male",NA,"32763","Other","Volusia","$75,001 - $100,000",1000,"A few times","10 - 19 years","Good",1,1,0,0,0,0,NA,2,1,0,1,5,0,0,0,0,0,0,0,0,0,0,0,0,0,0,0,0,0,0,0,0,0,0,0,0,0,0,0,0,0,0,0,0,0,0,0,1,0,0,0,0,0,0,0,0,0,0,0,1,1,1,0,0,0,0,0,0,0,0,0,1,0,0,0,0,0,0,0,0,0,0,0,0,0,0,0,0,6,0,0,1,1,1,1,1,1,0,"Sometimes","Rarely","Sometimes","Sometimes","Sometimes","Sometimes","Sometimes","Sometimes","What ever","Sometimes","Sometimes","Sometimes","Rarely","Sometimes","Often","Not sure","Not sure","Not sure","Not sure","Not sure","Not sure","Sometimes","Not sure","Agree","Disagree","Agree","Disagree","Agree","Agree","Disagree","Agree","Disagree","Agree","Supportive","No",9.64,10,3.04,1.3,2.28
"R_66QcdWLjVjf9i13","Saltwater","55 - 64","Male",NA,"34639","Pasco",NA,"$100,000 or more",55,"A few times","20 years or more","Good",2,1,1,0,0,0,NA,3,1,1,1,9,0,0,0,0,0,0,0,0,0,0,0,1,0,0,0,0,0,0,0,0,0,0,0,0,0,0,0,0,0,0,0,0,0,0,0,0,1,0,1,0,1,0,0,0,1,0,0,1,0,1,0,0,0,1,0,0,0,0,0,0,0,1,0,0,0,0,0,0,0,0,0,0,0,0,0,0,6,0,1,0,1,1,1,1,1,3,"Never","Sometimes","Often","Never","Often","Sometimes","Rarely","Often","flounder","Often","Never","Often","Rarely","Often","Often","High","Large","Shallow","Not sure","Always","Never","Rarely","Never","Agree","Disagree","Agree","Disagree","Agree","Strongly disagree","Strongly agree","Strongly disagree","Strongly agree","Strongly disagree","Neutral","No",0.11,8.07,0.08,3.1,10
"R_1ENe3nCS7iR87Dh","Saltwater","25 - 34","Male",NA,"33710","Pinellas",NA,"$25,001 - $50,000",NA,"A few times","10 - 19 years","Good",1,1,0,0,0,0,NA,1,0,0,1,4,0,0,0,0,0,0,0,0,0,0,0,0,0,0,0,0,0,0,0,0,0,0,0,0,0,0,0,0,0,0,0,0,0,0,1,0,0,0,0,0,0,1,0,0,0,0,0,0,0,0,0,0,0,1,0,0,0,0,0,0,0,0,0,0,0,0,0,0,0,0,0,0,0,0,0,1,0,0,0,0,0,0,0,0,0,0,"Never","Rarely","Never","Never","Rarely","Sometimes","Rarely","Sometimes",NA,"Sometimes","Never","Never","Rarely","Sometimes","Sometimes",NA,NA,NA,NA,NA,NA,NA,NA,"Somewhat agree","Somewhat agree","Somewhat disagree","Somewhat disagree","Somewhat agree","Somewhat disagree","Somewhat disagree","Somewhat disagree","Somewhat disagree","Somewhat disagree","Neutral","No",5.13,5.14,5.28,5.32,5.32
"R_3D8fkUFCQby4ngG","Saltwater","55 - 64","Male",NA,"33625","Hillsborough",NA,"$50,001 - $75,000",100,"About once a month","20 years or more","Good",1,1,0,0,0,0,NA,1,1,0,0,57,1,1,0,1,1,1,1,0,1,1,1,1,0,0,0,1,1,1,0,0,0,1,1,1,0,0,0,0,0,1,1,1,1,1,1,1,1,1,1,1,0,1,1,1,1,1,1,1,1,1,1,1,1,1,1,1,1,1,1,1,1,1,1,1,1,1,1,1,1,1,1,0,0,0,0,0,5,0,1,1,1,1,1,0,0,3,"Often","Often","Often","Sometimes","Sometimes","Sometimes","Sometimes","Sometimes",NA,"Often","Sometimes","Sometimes","Sometimes","Often","Often","High","Small","Moderate","Simple","Sometimes","Never","Sometimes","Never","Agree","Disagree","Somewhat agree","Disagree","Strongly agree","Somewhat agree","Strongly agree","Strongly disagree","Strongly agree","Strongly disagree","Supportive","No",0,0,0,10,10
"R_5VC4ly8JWSSoLOk","Saltwater","55 - 64","Male",NA,"34221","Manatee",NA,"$100,000 or more",50,"Many times a week","Less than a year","Excellent",1,1,0,0,0,0,NA,1,0,0,1,2,0,0,0,0,0,0,0,0,0,0,0,0,0,0,0,0,0,0,0,0,0,0,0,0,0,0,0,0,0,0,0,0,0,0,0,0,0,0,0,0,0,0,0,0,0,0,0,0,0,0,0,0,0,0,0,0,0,0,0,0,0,0,0,0,0,0,0,0,0,1,1,0,0,0,0,0,0,0,0,0,0,0,0,0,0,6,"Often","Rarely","Often","Often","Often","Often","Often","Never",NA,"Never","Sometimes","Never","Often","Often","Often",NA,NA,NA,NA,NA,NA,NA,NA,"Agree","Disagree","Agree","Somewhat agree","Agree","Somewhat agree","Somewhat agree","Agree","Agree","Somewhat agree","Supportive","No",1.88,5.02,6.75,4.46,6.04
"R_6DceQjoCZQKy4Q8","Saltwater","65 or older","Male",NA,"34212","Manatee",NA,"$100,000 or more",20,"About once a month","Less than a year","Excellent",1,1,0,0,0,0,NA,2,0,1,1,8,0,0,0,0,0,0,0,0,0,0,0,0,0,0,0,0,0,0,0,0,0,0,0,0,0,0,0,0,0,0,0,0,0,0,0,0,0,0,0,0,0,0,0,0,0,0,0,0,0,0,1,0,0,0,0,0,0,0,0,0,0,1,0,0,0,0,1,1,1,1,1,1,0,0,0,0,0,0,0,0,0,0,0,0,0,2,"Often","Often","Sometimes","Sometimes","Sometimes","Sometimes","Rarely","Never",NA,"Rarely","Often","Often","Often","Often","Often","Not sure","Not sure","Not sure","Not sure","Not sure","Not sure","Sometimes","Not sure","Agree","Agree","Agree","Agree","Agree","Somewhat agree","Somewhat agree","Somewhat agree","Somewhat agree","Somewhat agree","Supportive","No",8.65,5.14,4.85,4.54,4.75
"R_5DOSWl7OqgazTfJ","Saltwater","65 or older","Male",NA,"48105","Other","Washtenaw","$100,000 or more",400,"A few times","5 - 9 years","Fair",1,1,0,0,0,0,NA,1,1,0,0,3,0,0,0,0,0,0,0,0,0,0,0,0,0,0,0,0,0,0,0,0,0,0,0,0,0,0,0,0,0,0,0,0,0,0,0,0,0,0,0,0,0,0,0,0,0,0,0,0,0,0,0,0,0,0,0,0,0,0,0,0,0,0,0,0,0,0,1,0,0,1,1,0,0,0,0,0,0,0,0,0,0,0,0,0,0,1,"Rarely","Often","Never","Never","Never","Never","Never","Rarely",NA,"Often","Rarely","Never","Often","Sometimes","Sometimes",NA,NA,NA,NA,NA,NA,NA,NA,"Somewhat agree","Somewhat disagree","Somewhat agree","Disagree","Somewhat agree","Somewhat disagree","Somewhat disagree","Somewhat agree","Somewhat agree","Somewhat disagree","Supportive","No",6.56,6.13,5.59,5.06,6
"R_1LwyySNXVgw5WEV","Saltwater","45 - 54","Male",NA,"34667","Pasco",NA,"$100,000 or more",400,"About once a month","20 years or more","Excellent",1,1,0,0,0,0,NA,1,1,0,0,13,0,0,0,0,0,0,0,0,0,0,0,0,0,0,0,0,0,0,0,0,0,0,0,0,0,0,0,0,0,0,0,0,0,0,0,0,0,0,0,0,0,0,0,0,0,0,0,0,0,0,0,0,0,0,1,1,0,0,1,1,1,0,0,1,1,1,1,1,1,1,1,0,0,0,0,0,5,0,1,0,0,1,1,1,1,3,"Often","Rarely","Often","Often","Sometimes","Sometimes","Sometimes","Rarely",NA,"Often","Often","Sometimes","Sometimes","Often","Often","High","Large","Deep","Complex","Sometimes","Sometimes","Often","Never","Somewhat agree","Somewhat agree","Somewhat agree","Somewhat agree","Agree","Disagree","Agree","Disagree","Agree","Disagree","Supportive","No",5.88,7.65,6.62,8.76,7.48
"R_1WI2kB4uTELbYKB","Saltwater","45 - 54","Male",NA,"33716","Pinellas",NA,"$100,000 or more",150,"Many times a week","1 - 4 years","Excellent",1,1,0,0,0,0,NA,1,1,0,0,10,0,0,0,0,0,0,0,0,0,0,0,0,0,0,0,0,0,0,0,0,0,0,0,0,0,0,0,0,0,1,0,0,0,0,0,1,0,0,0,1,1,0,0,0,0,0,1,1,0,0,0,0,0,1,1,1,0,0,0,0,0,0,0,0,0,0,0,0,0,0,0,0,0,0,1,0,2,0,0,1,1,0,0,0,0,5,"Sometimes","Often","Often","Often","Rarely","Often","Often","Rarely",NA,"Often","Often","Often","Never","Often","Often","Moderate","Medium","Moderate","Complex","Not sure","Not sure","Often","Not sure","Agree","Disagree","Agree","Disagree","Agree","Somewhat agree","Disagree","Agree","Disagree","Agree","Supportive","No",10,8.5,6.94,9.5,5.04
"R_1zoGZ7eyxxvCNpH","Saltwater","55 - 64","Male",NA,"33615","Hillsborough",NA,"$100,000 or more",600,"About once a month","5 - 9 years","Excellent",1,1,0,0,0,0,NA,1,1,0,0,15,0,0,0,1,1,0,0,0,0,0,1,1,0,0,0,0,1,1,0,0,0,0,0,0,0,0,0,0,0,1,1,0,0,0,0,1,1,0,0,1,0,0,0,0,0,0,0,0,0,0,0,0,0,0,1,1,0,0,0,1,1,0,0,0,0,0,0,0,0,0,0,0,0,0,0,0,5,0,1,1,1,1,0,0,1,2,"Never","Sometimes","Sometimes","Rarely","Never","Always","Always","Never",NA,"Sometimes","Often","Often","Never","Rarely","Often","High","Medium","Moderate","Moderate","Often","Never","Never","Never","Agree","Disagree","Agree","Disagree","Somewhat agree","Strongly disagree","Agree","Somewhat agree","Agree","Disagree","Supportive","No",7.99,7.97,5.23,10,10
"R_5qcmafQiClCunIZ","Saltwater","35 - 44","Male",NA,"34219","Manatee",NA,"$25,001 - $50,000",120,"About once a week","1 - 4 years","Good",1,1,0,0,0,0,NA,1,1,0,0,10,0,0,0,0,0,0,0,0,0,0,0,0,0,0,0,0,0,0,0,0,0,0,0,0,0,0,0,0,0,0,0,0,0,0,0,0,0,0,0,0,0,0,0,0,0,0,0,0,0,0,0,0,0,0,1,0,0,0,1,1,1,1,0,0,0,1,1,0,0,1,1,1,0,0,0,0,5,0,1,1,1,0,1,0,1,1,"Sometimes","Sometimes","Sometimes","Rarely","Rarely","Often","Sometimes","Never",NA,"Sometimes","Sometimes","Rarely","Sometimes","Sometimes","Sometimes","Not sure","Not sure","Deep","Simple","Not sure","Never","Sometimes","Never","Strongly agree","Strongly disagree","Strongly agree","Strongly disagree","Somewhat agree","Somewhat agree","Somewhat agree","Disagree","Somewhat agree","Somewhat disagree","Supportive","No",6.9,8.8,5.81,0.66,0.99
"R_1TYuWCIVPMP26Go","Saltwater","55 - 64","Male",NA,"33603","Hillsborough",NA,NA,10,"About once a week","20 years or more","Excellent",2,1,1,0,0,0,NA,2,0,1,1,25,0,1,0,1,0,1,0,0,0,1,1,1,1,0,0,1,1,1,1,1,0,0,0,1,1,1,0,0,0,0,0,0,1,1,0,0,0,0,1,1,1,0,0,0,0,0,1,0,0,0,0,0,0,1,0,0,0,0,0,0,1,1,0,0,0,0,0,0,0,0,0,0,0,0,1,0,4,1,1,0,0,1,1,0,0,1,"Rarely","Sometimes","Often","Never","Sometimes","Sometimes","Rarely","Never",NA,"Often","Rarely","Rarely","Sometimes","Often","Sometimes","Not sure","Not sure","Not sure","Not sure","Sometimes","Not sure","Sometimes","Not sure","Somewhat agree","Somewhat disagree","Somewhat agree","Somewhat disagree","Somewhat agree","Somewhat disagree","Agree","Somewhat disagree","Somewhat agree","Somewhat disagree","Supportive","No",0.11,3.01,1.01,5.28,7.96
"R_5vJ6sAOTaM7AnwB","Saltwater","25 - 34","Male",NA,"33647","Hillsborough",NA,"$100,000 or more",18,"About once a week","5 - 9 years","Good",2,1,1,0,0,0,NA,2,0,1,1,8,1,0,1,0,0,0,0,0,0,0,0,0,1,0,0,1,0,1,0,0,0,0,0,0,0,0,0,0,0,0,0,0,0,0,0,0,0,0,0,0,0,0,0,0,0,0,0,0,0,0,0,0,0,0,0,0,0,0,0,0,0,0,0,0,0,0,0,0,0,0,0,0,0,1,1,1,5,1,0,1,1,0,1,0,1,2,"Sometimes","Often","Often","Rarely","Sometimes","Rarely","Rarely","Sometimes","Flounder","Often","Sometimes","Sometimes","Sometimes","Often","Often","Moderate","Medium","Moderate","Moderate","Often","Sometimes","Often","Rarely","Somewhat agree","Somewhat disagree","Agree","Somewhat disagree","Agree","Strongly disagree","Agree","Disagree","Agree","Somewhat disagree","Supportive","No",2.57,5.7,6.33,9.16,5.97
"R_5ilorIadhmmgJfi","Saltwater","35 - 44","Male",NA,"33629","Hillsborough",NA,"$100,000 or more",200,"About once a week","20 years or more","Excellent",2,1,1,0,0,0,NA,2,1,1,0,29,1,1,0,1,0,1,1,1,1,0,0,1,0,0,0,1,1,1,0,1,0,1,1,1,1,1,0,0,0,1,1,1,1,0,1,1,0,0,0,0,0,0,0,0,0,0,1,1,0,0,0,0,0,1,1,0,0,0,0,0,0,0,0,1,0,0,0,1,0,0,0,0,0,0,0,0,5,0,1,1,1,1,1,0,0,4,"Often","Sometimes","Rarely","Often","Rarely","Often","Often","Sometimes","Cobia","Often","Often","Often","Sometimes","Sometimes","Often","Moderate","Small","Moderate","Complex","Sometimes","Rarely","Sometimes","Not sure","Strongly agree","Strongly disagree","Strongly agree","Disagree","Strongly agree","Somewhat agree","Somewhat disagree","Somewhat agree","Somewhat disagree","Somewhat agree","Supportive","No",5.24,9.86,10,0.81,0.77
"R_6myjoD93GX9MNHM","Saltwater","55 - 64","Male",NA,"33756","Pinellas",NA,"$50,001 - $75,000",30,"A few times","10 - 19 years","Good",1,1,0,0,0,0,NA,1,1,0,0,6,1,0,1,1,0,0,0,1,1,0,0,0,0,0,0,1,0,0,0,0,0,0,0,0,0,0,0,0,0,0,0,0,0,0,0,0,0,0,0,0,0,0,0,0,0,0,0,0,0,0,0,0,0,0,0,0,0,0,0,0,0,0,0,0,0,0,0,0,0,0,0,0,0,0,0,0,1,0,0,1,0,0,0,0,0,3,"Often","Often","Often","Never","Sometimes","Rarely","Sometimes","Sometimes","Flounder","Often","Rarely","Never","Rarely","Often","Sometimes",NA,NA,NA,NA,NA,NA,NA,NA,"Agree","Somewhat disagree","Somewhat agree","Somewhat disagree","Somewhat agree","Agree","Somewhat agree","Somewhat disagree","Somewhat agree","Somewhat agree","Supportive","No",6.37,6.31,6.58,4.25,4.76
"R_3bJZPAOt9xIKwxZ","Saltwater","55 - 64","Male",NA,"33573","Hillsborough",NA,"$100,000 or more",15,"About once a week","Less than a year","Excellent",1,1,0,0,0,0,NA,1,0,0,1,2,0,0,0,0,0,0,0,0,0,0,0,0,0,0,0,0,0,0,0,0,0,0,0,0,0,0,0,0,0,0,0,0,0,0,0,0,0,0,0,0,0,0,0,0,1,1,0,0,0,0,0,0,0,0,0,0,0,0,0,0,0,0,0,0,0,0,0,0,0,0,0,0,0,0,0,0,3,0,0,0,0,1,1,0,1,5,"Always","Sometimes","Sometimes","Sometimes","Often","Often","Often","Often","Shark","Never","Never","Never","Never","Often","Often",NA,NA,NA,NA,NA,NA,NA,NA,"Strongly agree","Strongly disagree","Strongly agree","Strongly disagree","Strongly agree","Strongly disagree","Strongly agree","Agree","Agree","Strongly agree","Supportive","No",1.27,9.89,10,10,10
"R_1ttcPMjGLJLWm0j","Saltwater","55 - 64","Male",NA,"33708","Pinellas",NA,"$100,000 or more",250,"About once a month","1 - 4 years","Excellent",1,1,0,0,0,0,NA,1,1,0,0,13,0,0,0,0,0,0,0,0,0,0,0,0,0,0,0,0,1,0,0,0,0,0,1,0,0,0,0,0,0,0,0,0,0,0,0,0,0,0,0,1,0,0,0,0,0,0,1,1,1,0,0,0,0,1,1,1,0,0,0,0,0,0,0,0,0,0,0,0,0,0,0,0,1,1,1,1,0,0,0,0,0,0,0,0,0,6,"Often","Often","Never","Never","Often","Often","Often","Often","Pompano","Often","Often","Often","Rarely","Often","Often","Not sure","Medium","Moderate","Not sure","Not sure","Not sure","Not sure","Not sure","Strongly agree","Strongly agree","Strongly agree","Strongly agree","Strongly agree","Agree","Somewhat agree","Somewhat agree","Somewhat agree","Somewhat agree","Supportive","No",4.97,9.99,9.63,5.31,5.06
"R_1ixsP0k8CB7WbOc","Saltwater","45 - 54","Female",NA,"34217","Manatee",NA,"$100,000 or more",250,"A few times","5 - 9 years","Good",1,1,0,0,0,0,NA,1,1,0,0,6,0,0,0,0,0,0,0,0,0,0,0,0,0,0,0,0,0,0,0,0,0,0,0,0,0,0,0,0,0,0,0,0,0,0,0,0,0,0,0,0,0,0,0,0,0,0,0,0,0,0,0,0,0,0,0,0,0,0,0,0,0,1,0,1,0,1,1,1,1,0,0,0,0,0,0,0,4,1,1,0,1,1,0,0,0,2,"Often","Often","Sometimes","Rarely","Sometimes","Sometimes","Rarely","Never","None","Sometimes","Rarely","Rarely","Rarely","Often","Sometimes","Not sure","Small","Moderate","Simple","Sometimes","Not sure","Sometimes","Not sure","Somewhat agree","Somewhat disagree","Somewhat agree","Disagree","Somewhat agree","Disagree","Agree","Somewhat agree","Agree","Disagree","Neutral","No",0.68,0.51,0.66,6.82,10
"R_7plo96bMrZoq0Y1","Saltwater","55 - 64","Male",NA,"34207","Manatee",NA,"$25,001 - $50,000",40,"About once a month","1 - 4 years","Good",1,1,0,0,0,0,NA,2,0,1,1,6,0,0,0,0,0,0,0,0,0,0,0,0,0,0,0,0,0,0,0,0,0,0,0,0,0,0,0,0,0,0,0,0,0,0,0,0,0,0,0,1,0,0,0,0,0,0,1,1,0,0,0,0,0,0,0,0,0,0,0,0,1,0,0,1,0,0,0,1,0,0,0,0,0,0,0,0,5,1,1,0,1,1,1,0,0,1,"Sometimes","Often","Sometimes","Rarely","Rarely","Rarely","Never","Rarely","Shark","Sometimes","Never","Never","Rarely","Often","Often",NA,NA,NA,NA,NA,NA,NA,NA,"Somewhat agree","Strongly disagree","Agree","Disagree","Somewhat agree","Somewhat disagree","Somewhat disagree","Somewhat disagree","Somewhat agree","Somewhat agree","Supportive","No",1.23,3.89,7.96,1.55,8.49
"R_1QzTjWwiaNKcF0D","Saltwater","55 - 64","Male",NA,"34232","Sarasota",NA,"$25,000 or less",85,"About once a month","20 years or more","Excellent",1,1,0,0,0,0,NA,1,1,0,0,11,0,0,0,0,0,0,0,0,0,0,0,0,0,0,0,0,0,0,0,0,0,0,0,0,0,0,0,0,0,0,0,0,0,0,0,0,0,1,1,0,0,0,0,0,1,0,0,0,0,0,1,1,0,0,0,0,1,1,0,0,1,1,0,0,0,1,1,0,0,0,0,0,0,0,0,0,4,0,1,0,1,1,1,0,0,3,"Often","Often","Often","Sometimes","Never","Rarely","Rarely","Never",NA,"Often","Never","Rarely","Rarely","Often","Sometimes","Moderate","Medium","Shallow","Moderate","Not sure","Sometimes","Sometimes","Not sure","Strongly agree","Strongly disagree","Agree","Disagree","Strongly agree","Somewhat agree","Strongly agree","Somewhat agree","Somewhat agree","Strongly disagree","Supportive","No",0.7,10,10,10,10
"R_1QRaRYJs9eiLyia","Saltwater","18 - 24","Male",NA,"34219","Hillsborough",NA,"$50,001 - $75,000",40,"About once a week","5 - 9 years","Good",1,1,0,0,0,0,NA,1,1,0,0,17,0,0,0,0,0,0,0,0,0,0,0,0,0,0,0,0,0,0,0,0,0,0,0,0,0,0,0,0,0,0,0,0,0,0,0,0,0,0,0,0,0,0,0,1,1,1,0,0,0,0,1,0,1,0,0,0,1,1,0,0,1,1,1,0,0,1,1,1,1,1,1,1,0,0,0,0,2,0,0,0,1,1,0,0,0,4,"Always","Always","Always","Often","Sometimes","Rarely","Rarely","Never","Ladyfish","Often","Sometimes","Rarely","Sometimes","Always","Often","Not sure","Not sure","Moderate","Not sure","Not sure","Not sure","Sometimes","Sometimes","Agree","Disagree","Somewhat disagree","Somewhat disagree","Somewhat disagree","Agree","Agree","Disagree","Agree","Agree","Supportive","No",4.99,5.05,8.79,10,9.16
"R_1h75ByRF9ALxHrP","Saltwater","55 - 64","Male",NA,"33625","Hillsborough",NA,"$100,000 or more",100,"About once a month","1 - 4 years","Fair",1,1,0,0,0,0,NA,1,1,0,0,5,0,0,0,0,0,0,0,0,0,0,0,0,0,0,0,0,0,1,0,0,0,0,1,1,0,0,0,0,1,1,0,0,0,0,0,0,0,0,0,0,0,0,0,0,0,0,0,0,0,0,0,0,0,0,0,0,0,0,0,0,0,0,0,0,0,0,0,0,0,0,0,0,0,0,0,0,3,0,0,0,0,0,1,1,1,3,"Often","Always","Often","Never","Never","Sometimes","Never","Never","Na","Often","Never","Never","Rarely","Often","Sometimes",NA,NA,NA,NA,NA,NA,NA,NA,"Agree","Disagree","Agree","Strongly disagree","Agree","Somewhat agree","Agree","Somewhat agree","Somewhat agree","Somewhat agree","Supportive","No",1.72,5.29,7.65,10,10
"R_18ASf9HaOpa5SIW","Saltwater","35 - 44","Male",NA,"33703","Pinellas",NA,"$100,000 or more",50,"About once a week","20 years or more","Good",2,1,1,0,0,0,NA,1,1,0,0,9,0,0,0,0,0,0,0,0,0,1,0,0,0,0,0,0,1,0,0,0,0,0,1,0,0,0,0,0,0,1,0,0,0,0,0,1,0,0,0,1,1,0,0,0,0,0,1,0,0,0,0,0,0,1,0,0,0,0,0,0,0,0,0,0,0,0,0,0,0,0,0,0,0,0,0,0,0,0,0,0,0,0,0,0,0,2,"Sometimes","Often","Often","Rarely","Sometimes","Sometimes","Rarely","Rarely",NA,"Always","Sometimes","Sometimes","Rarely","Often","Sometimes","Moderate","Small","Moderate","Moderate","Not sure","Sometimes","Often","Not sure","Agree","Disagree","Agree","Disagree","Agree","Agree","Somewhat agree","Somewhat agree","Agree","Disagree","Supportive","No",5.53,5.05,5.36,5.44,9.29
"R_7X3SxB3sBfNEpgt","Saltwater","18 - 24","Male",NA,"33578","Hillsborough",NA,"$75,001 - $100,000",200,"About once a month","5 - 9 years","Good",1,1,0,0,0,0,NA,1,1,0,0,14,0,0,0,0,0,0,0,0,0,0,0,0,0,0,0,0,0,0,1,0,0,1,1,0,0,0,1,0,0,1,0,0,0,1,0,0,0,0,0,1,0,0,0,0,0,0,0,0,0,0,0,0,0,0,0,0,1,1,0,0,0,1,0,0,0,0,0,0,0,0,0,0,1,1,1,1,6,1,1,1,1,1,1,0,0,5,"Often","Sometimes","Often","Rarely","Sometimes","Often","Often","Often","Mangrove snapper","Sometimes","Often","Often","Often","Sometimes","Rarely","Moderate","Medium","Deep","Moderate","Rarely","Never","Often","Never","Somewhat disagree","Somewhat disagree","Somewhat agree","Somewhat disagree","Somewhat agree","Agree","Strongly agree","Disagree","Agree","Disagree","Supportive","No",0.87,6.87,7.46,9.01,10
"R_3C2a2AmnWWw4ODA","Saltwater","25 - 34","Male",NA,"33607","Hillsborough",NA,"$100,000 or more",5,"Many times a week","1 - 4 years","Good",1,1,0,0,0,0,NA,2,0,1,1,10,0,0,0,1,1,1,1,0,0,0,0,0,0,0,0,0,0,0,0,0,0,0,0,0,0,0,0,0,0,0,0,0,0,0,0,0,0,0,0,1,0,0,0,0,0,0,1,0,0,0,0,0,0,0,0,0,0,0,0,0,0,0,0,0,0,0,0,0,0,0,0,0,1,1,1,1,3,1,0,0,0,1,1,0,0,1,"Never","Sometimes","Sometimes","Never","Never","Never","Never","Often","Bull Shark","Often","Never","Never","Never","Often","Often",NA,NA,NA,NA,NA,NA,NA,NA,"Strongly agree","Somewhat disagree","Strongly agree","Somewhat disagree","Strongly agree","Somewhat agree","Somewhat disagree","Somewhat agree","Somewhat disagree","Somewhat agree","Supportive","No",4.84,5,4.92,4.85,4.96
"R_7n8ExAqXzl3Rc6x","Saltwater","25 - 34","Male",NA,"34677","Pinellas",NA,"$75,001 - $100,000",30,"About once a week","1 - 4 years","Excellent",1,1,0,0,0,0,NA,1,1,0,0,26,1,1,0,1,1,1,1,1,1,1,1,1,0,0,0,1,1,1,0,0,0,0,0,0,0,0,0,0,0,0,0,0,0,0,0,0,0,0,0,0,0,0,0,0,0,0,1,1,0,0,0,0,0,1,1,1,0,0,1,1,1,1,0,0,1,1,1,0,0,0,0,0,0,0,0,0,6,1,1,0,0,1,1,1,1,3,"Always","Always","Always","Sometimes","Rarely","Rarely","Rarely","Never",NA,"Sometimes","Never","Rarely","Always","Always","Rarely","Moderate","Small","Shallow","Moderate","Sometimes","Not sure","Sometimes","Never","Strongly agree","Strongly disagree","Strongly agree","Strongly disagree","Strongly agree","Somewhat agree","Somewhat agree","Agree","Agree","Disagree","Supportive","No",2.81,5.15,7.19,7.3,7.4
"R_1qYVTkmU7WR3VJf","Saltwater","45 - 54","Male",NA,"33704","Pinellas",NA,"$100,000 or more",NA,"About once a week","10 - 19 years","Excellent",1,1,0,0,0,0,NA,1,1,0,0,27,1,1,0,0,0,0,0,0,0,0,0,0,0,0,0,1,1,0,0,0,0,1,1,0,0,0,0,0,1,1,1,0,0,0,1,1,1,0,0,0,0,0,0,0,0,0,1,1,1,0,0,0,0,1,1,1,0,0,1,1,1,0,0,1,1,1,0,0,0,1,1,1,0,0,0,0,7,1,1,1,1,1,1,0,1,0,"Sometimes","Rarely","Sometimes","Sometimes","Rarely","Rarely","Sometimes","Never","Na","Rarely","Often","Often","Never","Often","Often","Moderate","Medium","Deep","Moderate","Rarely","Never","Sometimes","Never","Somewhat agree","Somewhat disagree","Somewhat agree","Somewhat disagree","Somewhat agree","Strongly disagree","Strongly agree","Strongly disagree","Strongly agree","Strongly disagree","Supportive","No",0.33,0.62,7.69,0.44,10
"R_7QlW3rvF807dIIC","Saltwater","35 - 44","Male",NA,"34638","Pasco",NA,"$25,001 - $50,000",80,"About once a week","1 - 4 years","Excellent",2,1,1,0,0,0,NA,2,0,1,1,17,0,0,0,1,1,1,1,0,0,1,1,1,0,0,0,1,1,1,0,0,0,0,0,0,0,0,0,0,0,0,0,0,0,0,0,0,0,0,0,0,0,0,0,0,0,0,1,1,0,0,0,0,0,1,1,1,0,0,0,0,1,1,0,0,0,0,0,0,0,0,0,0,0,0,0,0,5,0,1,0,1,1,1,1,0,3,"Rarely","Often","Never","Never","Sometimes","Always","Rarely","Always","Pompano","Sometimes","Never","Sometimes","Never","Often","Often","Not sure","Small","Shallow","Not sure","Often","Never","Often","Never","Strongly agree","Disagree","Somewhat agree","Somewhat disagree","Agree","Somewhat agree","Somewhat agree","Somewhat disagree","Somewhat agree","Somewhat disagree","Supportive","No",0.27,0.49,0.51,1.12,10
"R_5UYHXMvBOOaptQE","Saltwater","55 - 64","Male",NA,"33705","Pinellas",NA,"$100,000 or more",100,"About once a week","20 years or more","Excellent",1,1,0,0,0,0,NA,1,1,0,0,7,0,0,0,0,0,0,0,0,0,0,0,0,0,0,0,0,0,0,0,0,0,0,0,0,0,0,0,0,1,1,0,0,0,0,1,0,0,0,0,0,1,1,0,0,0,0,0,1,1,0,0,0,0,0,0,0,0,0,0,0,0,0,0,0,0,0,0,0,0,0,0,0,0,0,0,0,3,0,0,0,1,1,0,1,0,1,"Sometimes","Often","Sometimes","Sometimes","Never","Rarely","Rarely","Sometimes","Cobia","Often","Rarely","Rarely","Sometimes","Often","Sometimes","Moderate","Not sure","Deep","Moderate","Not sure","Not sure","Not sure","Not sure","Somewhat agree","Somewhat disagree","Somewhat agree","Somewhat agree","Somewhat agree","Somewhat agree","Strongly agree","Disagree","Strongly agree","Strongly disagree","Neutral","No",3.19,0,0.02,10,10
"R_1CEydAoCKXuL7s5","Saltwater","45 - 54","Male",NA,"33606","Hillsborough",NA,"$100,000 or more",150,"A few times","20 years or more","Excellent",1,1,0,0,0,0,NA,1,1,0,0,18,1,1,1,1,0,0,0,1,1,0,0,1,0,0,0,1,0,1,0,0,0,0,1,1,0,0,0,0,0,1,0,0,0,0,1,0,0,0,0,0,0,1,0,0,0,0,0,0,0,0,0,0,0,0,0,0,0,0,0,0,0,0,0,0,0,1,1,1,1,0,0,0,0,0,0,0,2,0,0,0,0,1,0,0,1,5,"Often","Always","Often","Rarely","Never","Often","Often","Sometimes",NA,"Always","Sometimes","Sometimes","Sometimes","Always","Often","High","Medium","Deep","Complex","Often","Sometimes","Often","Never","Agree","Disagree","Somewhat agree","Disagree","Agree","Disagree","Agree","Disagree","Agree","Disagree","Supportive","No",0,1.19,8.26,1.49,10
"R_6PZ3TNvEn0QUW8f","Saltwater","55 - 64","Male",NA,"33570","Hillsborough",NA,"$100,000 or more",100,"A few times","20 years or more","Good",1,1,0,0,0,0,NA,1,1,0,0,24,0,0,0,0,0,0,0,0,0,0,0,0,0,0,0,0,0,0,0,0,0,0,1,1,0,0,0,0,0,0,0,0,1,1,0,0,1,1,1,0,0,0,1,1,1,0,0,0,1,1,1,0,0,0,0,1,1,1,0,1,1,1,1,1,1,1,1,0,0,0,0,0,0,0,0,0,5,1,0,1,1,1,0,0,1,3,"Often","Always","Often","Sometimes","Rarely","Rarely","Sometimes","Never",NA,"Often","Sometimes","Rarely","Rarely","Often","Often","Moderate","Medium","Moderate","Not sure","Sometimes","Not sure","Sometimes","Not sure","Agree","Somewhat disagree","Somewhat agree","Disagree","Agree","Somewhat disagree","Agree","Somewhat agree","Somewhat agree","Somewhat agree","Supportive","No",4.84,8.72,8.07,7.61,9.86
"R_6U3a3RavQk17wKl","Saltwater","65 or older","Male",NA,"33715","Pinellas",NA,"$100,000 or more",200,"Many times a week","1 - 4 years","Excellent",1,1,0,0,0,0,NA,1,1,0,0,30,0,0,0,0,0,0,0,0,0,0,0,0,0,0,0,0,0,0,0,0,0,0,0,0,0,0,0,0,0,1,1,0,0,0,1,1,1,1,0,1,1,1,1,1,1,0,1,1,1,1,1,0,0,1,1,1,1,0,1,1,1,1,0,1,1,1,1,0,0,0,0,0,0,0,0,1,0,0,0,0,0,0,0,0,0,2,"Sometimes","Always","Always","Sometimes","Sometimes","Sometimes","Sometimes","Sometimes","mackerel, king","Always","Always","Always","Often","Always","Always","Moderate","Medium","Moderate","Moderate","Sometimes","Rarely","Often","Rarely","Somewhat agree","Disagree","Somewhat disagree","Somewhat disagree","Agree","Somewhat disagree","Somewhat disagree","Somewhat agree","Somewhat disagree","Somewhat agree","Supportive","No",1.99,4.99,3.97,5.2,3.45
"R_5LwKg53nh29b8KP","Saltwater","35 - 44","Male",NA,"33547","Hillsborough",NA,"$100,000 or more",200,"About once a month","10 - 19 years","Fair",2,1,1,0,0,0,NA,1,1,0,0,18,0,0,0,0,0,0,0,0,0,0,0,0,0,0,0,0,0,0,0,0,0,0,0,0,0,0,0,0,0,0,0,0,1,1,0,0,1,1,1,0,0,0,0,1,1,1,0,1,0,1,1,1,0,0,1,1,0,0,0,0,1,1,0,0,0,1,1,0,0,0,0,0,0,0,0,0,3,1,0,0,1,1,0,0,0,2,"Sometimes","Always","Sometimes","Rarely","Sometimes","Often","Rarely","Never",NA,"Always","Never","Always","Rarely","Often","Sometimes","High","Large","Moderate","Complex","Often","Rarely","Rarely","Never","Somewhat agree","Somewhat disagree","Disagree","Somewhat agree","Somewhat agree","Strongly disagree","Somewhat agree","Strongly disagree","Agree","Strongly disagree","Neutral","No",5.02,1.81,1.78,10,10
"R_1Ii8CpQqsouGcBL","Saltwater","55 - 64","Male",NA,"34212","Manatee",NA,"$100,000 or more",NA,"About once a month","20 years or more","Excellent",1,1,0,0,0,0,NA,2,1,1,0,29,0,0,0,0,0,0,0,0,0,0,0,0,0,0,0,0,0,0,0,0,0,0,0,0,0,0,0,0,0,1,1,1,0,0,0,1,1,1,0,0,0,0,1,1,1,0,0,1,1,1,1,0,0,1,1,1,1,0,1,1,1,1,1,1,1,1,1,1,1,0,1,0,0,0,0,0,3,0,0,0,0,1,1,1,0,4,"Often","Often","Often","Sometimes","Sometimes","Often","Sometimes","Sometimes",NA,"Sometimes","Often","Sometimes","Sometimes","Sometimes","Sometimes","Moderate","Medium","Moderate","Moderate","Often","Rarely","Sometimes","Not sure","Agree","Strongly disagree","Somewhat agree","Strongly disagree","Agree","Somewhat agree","Strongly disagree","Somewhat disagree","Strongly disagree","Disagree","Supportive","No",5.18,1.34,8.25,1.95,1.89
"R_7Tpel1h55QpVW31","Saltwater","55 - 64","Male",NA,"34639","Pasco",NA,"$100,000 or more",125,"About once a week","20 years or more","Excellent",1,1,0,0,0,0,NA,1,1,0,0,15,1,1,0,1,1,1,1,0,1,0,0,1,0,0,0,1,0,0,0,0,0,0,1,0,0,0,0,0,0,1,0,0,0,0,0,0,0,0,0,1,0,0,0,0,0,0,1,1,0,0,0,0,0,1,0,0,0,0,0,0,0,0,0,0,0,0,0,0,0,0,0,0,0,0,0,0,0,0,0,0,0,0,0,0,0,3,"Often","Often","Often","Rarely","Rarely","Rarely","Rarely","Sometimes","Flounder","Often","Sometimes","Rarely","Sometimes","Often","Sometimes","High","Not sure","Moderate","Moderate","Sometimes","Not sure","Sometimes","Not sure","Somewhat agree","Somewhat disagree","Agree","Somewhat agree","Somewhat agree","Somewhat disagree","Somewhat agree","Somewhat agree","Agree","Disagree","Neutral","No",1.84,5.25,8.26,9.42,10
"R_6QSlTPrha98QEpz","Saltwater","35 - 44","Male",NA,"34691","Pasco",NA,"$100,000 or more",600,"A few times","5 - 9 years","Excellent",1,0,1,0,0,0,NA,1,1,0,0,9,0,0,0,0,0,0,0,0,0,0,0,0,0,0,0,0,0,0,0,0,0,0,0,0,0,0,0,0,0,0,0,0,0,0,0,0,0,0,0,0,0,0,0,0,0,0,0,1,0,0,0,0,0,0,1,0,0,0,1,1,1,0,0,1,0,0,0,1,0,0,0,0,1,1,0,0,2,0,0,0,0,0,0,1,1,4,"Rarely","Often","Often","Sometimes","Sometimes","Often","Always","Sometimes","Hogfish","Rarely","Often","Often","Never","Often","Sometimes","Moderate","Small","Deep","Moderate","Sometimes","Sometimes","Often","Rarely","Somewhat agree","Disagree","Somewhat disagree","Somewhat disagree","Somewhat agree","Disagree","Agree","Strongly disagree","Strongly agree","Somewhat disagree","Supportive","No",4.32,5.12,5.15,5.79,5.63
"R_7LPSplvYXvPXXTr","Saltwater","55 - 64","Male",NA,"34689","Pinellas",NA,"$50,001 - $75,000",100,"A few times","20 years or more","Excellent",1,1,0,0,0,0,NA,2,1,1,0,8,0,0,0,0,0,0,1,0,0,0,0,0,0,0,0,0,0,0,0,0,0,1,0,0,0,0,0,0,0,0,0,0,0,0,0,0,0,0,0,1,1,0,0,0,0,0,1,0,0,0,0,0,0,1,0,0,0,0,0,0,0,0,0,1,0,0,0,0,0,0,0,0,0,0,0,1,6,1,1,0,0,1,1,1,1,3,"Often","Often","Often","Sometimes","Rarely","Rarely","Rarely","Never",NA,"Often","Sometimes","Sometimes","Sometimes","Often","Sometimes","Moderate","Small","Moderate","Moderate","Not sure","Never","Not sure","Not sure","Strongly agree","Disagree","Agree","Disagree","Agree","Agree","Somewhat agree","Somewhat agree","Somewhat disagree","Somewhat agree","Supportive","No",2.19,8.38,10,10,10
"R_1Dur5dRDjNnqh1v","Saltwater","45 - 54","Male",NA,"33611","Hillsborough",NA,"$100,000 or more",100,"About once a week","20 years or more","Excellent",2,1,1,0,0,0,NA,3,1,1,1,31,1,1,0,0,0,1,1,0,0,0,0,1,1,1,0,1,1,1,1,1,1,1,1,1,1,1,1,0,1,1,0,0,1,1,1,1,0,0,0,0,1,1,0,0,0,0,1,1,0,0,0,0,0,1,1,0,0,0,0,0,0,0,0,0,0,0,0,0,0,0,0,0,0,0,0,0,6,0,0,1,1,1,1,1,1,2,"Never","Rarely","Often","Rarely","Sometimes","Often","Rarely","Sometimes","Cobia and tripletail","Often","Often","Sometimes","Often","Often","Often","Moderate","Small","Shallow","Moderate","Often","Sometimes","Often","Not sure","Agree","Disagree","Agree","Disagree","Agree","Agree","Strongly agree","Agree","Somewhat agree","Disagree","Supportive","No",0,0,0,10,10
"R_7CQ3cKVpQMSqLUu","Saltwater","55 - 64","Male",NA,"33545","Pasco",NA,"$100,000 or more",800,"A few times","5 - 9 years","Excellent",2,1,1,0,0,0,NA,1,1,0,0,13,0,0,0,0,1,0,0,0,0,0,1,0,0,0,0,0,1,0,0,0,0,0,0,0,0,0,0,0,0,0,1,1,0,0,0,0,0,0,0,0,0,0,0,1,1,0,0,0,1,1,0,0,0,0,0,1,1,0,0,0,1,1,0,0,0,0,0,0,0,0,0,0,0,0,0,0,5,0,0,0,1,1,1,1,1,3,"Rarely","Rarely","Sometimes","Sometimes","Sometimes","Often","Often","Often","Bait","Sometimes","Often","Often","Sometimes","Rarely","Often","Moderate","Medium","Deep","Moderate","Sometimes","Sometimes","Often","Rarely","Agree","Somewhat agree","Agree","Disagree","Agree","Somewhat agree","Somewhat agree","Somewhat agree","Disagree","Somewhat agree","Supportive","No",7.42,4.84,6.81,5.17,5.22
"R_1B3cv3XjsOC39kU","Saltwater","55 - 64","Male",NA,"34221","Manatee",NA,"$100,000 or more",150,"About once a week","20 years or more","Excellent",1,1,0,0,0,0,NA,1,1,0,0,11,0,0,0,0,0,0,0,0,0,0,0,0,0,0,0,0,0,0,0,0,0,0,0,0,0,0,0,0,0,0,0,0,0,0,0,0,0,0,0,0,0,0,0,0,0,0,0,0,0,0,0,0,0,0,0,0,0,0,0,1,1,1,0,1,1,1,1,1,1,1,1,0,0,0,0,0,3,0,0,0,0,1,1,0,1,2,"Often","Sometimes","Often","Rarely","Rarely","Sometimes","Sometimes","Never","Na","Often","Sometimes","Sometimes","Often","Often","Sometimes","Moderate","Medium","Moderate","Moderate","Sometimes","Sometimes","Often","Not sure","Agree","Disagree","Agree","Disagree","Agree","Disagree","Agree","Somewhat agree","Somewhat agree","Somewhat disagree","Supportive","No",2.91,3.79,3.87,8.55,8.38
"R_5t9cRZjDPLTgW33","Saltwater","55 - 64","Male",NA,"34210","Manatee",NA,"$100,000 or more",200,"About once a month","5 - 9 years","Fair",1,1,0,0,0,0,NA,1,1,0,0,10,0,0,0,0,0,0,0,0,0,0,0,0,0,0,0,0,0,0,0,0,0,0,0,0,0,0,0,0,0,0,0,0,0,0,0,0,0,0,0,0,0,0,0,0,0,0,0,0,0,0,0,0,0,0,1,1,0,0,0,0,1,1,0,1,1,1,1,1,1,0,0,0,0,0,0,0,6,1,1,1,1,0,0,1,1,4,"Never","Often","Sometimes","Rarely","Often","Often","Often","Sometimes","Spanish","Often","Often","Often","Often","Sometimes","Sometimes","Moderate","Medium","Moderate","Moderate","Often","Sometimes","Sometimes","Never","Strongly agree","Disagree","Agree","Disagree","Agree","Somewhat disagree","Agree","Somewhat agree","Agree","Disagree","Supportive","Yes",1.87,3.47,4.67,6.08,7.93
"R_3eshvZgmwRuOdrR","Saltwater","25 - 34","Male",NA,"33510","Hillsborough",NA,"$100,000 or more",75,"About once a month","1 - 4 years","Poor",1,1,0,0,0,0,NA,1,0,0,1,6,0,0,0,0,0,0,0,0,0,0,0,0,0,0,0,1,1,1,0,0,0,0,0,0,0,0,0,0,0,0,0,0,0,0,0,0,0,0,0,0,0,0,0,0,0,0,0,0,0,0,0,0,0,1,0,0,0,0,0,0,1,1,0,0,0,0,0,0,0,0,0,0,0,0,0,0,3,1,1,0,0,1,0,0,0,4,"Often","Never","Always","Rarely","Often","Always","Never","Never",NA,"Never","Never","Sometimes","Never","Rarely","Often","Not sure","Not sure","Not sure","Moderate","Sometimes","Not sure","Often","Never","Somewhat agree","Somewhat disagree","Somewhat agree","Somewhat agree","Somewhat agree","Disagree","Strongly agree","Strongly disagree","Strongly agree","Strongly disagree","Supportive","No",0,4.74,4.9,10,10
"R_3PtqNaYsYP7kqaS","Saltwater","55 - 64","Male",NA,NA,"Pinellas",NA,"$100,000 or more",100,"A few times","20 years or more","Excellent",1,1,0,0,0,0,NA,1,1,0,0,12,0,0,0,0,0,0,0,0,0,0,0,0,0,0,0,0,0,0,0,0,0,0,0,0,0,0,0,0,0,0,0,0,0,0,0,0,0,0,0,1,0,0,0,0,0,1,1,1,0,0,0,0,0,1,1,0,0,0,1,0,0,1,0,1,0,0,1,0,0,0,0,0,1,0,1,0,2,1,0,0,0,0,0,0,1,3,"Sometimes","Sometimes","Sometimes","Often","Often","Often","Sometimes","Never",NA,"Often","Often","Often","Rarely","Often","Often","Moderate","Medium","Moderate","Moderate","Often","Not sure","Sometimes","Not sure","Strongly agree","Disagree","Agree","Disagree","Strongly agree","Disagree","Agree","Disagree","Agree","Disagree","Supportive","No",1.24,1.95,4.67,1.26,10
"R_3k7CFxtYypO9Bgg","Saltwater","55 - 64","Male",NA,"33774","Pinellas",NA,"$100,000 or more",50,"A few times","20 years or more","Good",2,1,1,0,0,0,NA,2,1,1,0,5,0,0,0,0,0,0,0,0,0,0,0,0,0,0,0,0,0,0,0,0,0,0,0,0,0,0,0,0,0,0,0,0,0,0,0,0,0,0,0,1,1,0,0,0,0,0,1,0,0,0,0,0,0,1,0,0,0,0,0,0,0,0,0,0,0,0,0,0,0,0,0,0,1,0,0,0,3,0,0,0,0,0,1,1,1,2,"Often","Rarely","Often","Never","Sometimes","Sometimes","Never","Never",NA,"Often","Never","Often","Never","Often","Often","Low","Small","Shallow","Simple","Often","Never","Sometimes","Never","Agree","Disagree","Agree","Disagree","Agree","Agree","Disagree","Agree","Disagree","Agree","Supportive","No",8.33,10,8.89,0.8,0.78
"R_3E5ixxlwLlGfuQW","Saltwater","45 - 54","Male",NA,"33844","Polk",NA,"$75,001 - $100,000",300,"About once a month","5 - 9 years","Good",1,1,0,0,0,0,NA,1,0,0,1,6,0,0,0,0,0,0,0,0,0,0,0,0,0,0,0,0,0,0,0,0,0,0,0,0,0,0,0,0,0,0,0,0,0,0,0,0,0,0,0,0,1,0,0,0,0,0,0,1,0,0,0,0,0,0,0,0,0,0,0,0,1,1,0,0,0,0,0,0,0,0,0,0,1,1,0,0,2,1,0,0,0,1,0,0,0,2,"Never","Sometimes","Rarely","Never","Sometimes","Often","Often","Never",NA,"Never","Sometimes","Sometimes","Rarely","Sometimes","Sometimes","Moderate","Not sure","Deep","Complex","Rarely","Sometimes","Rarely","Not sure","Strongly agree","Disagree","Agree","Disagree","Agree","Somewhat agree","Somewhat agree","Somewhat agree","Somewhat agree","Somewhat agree","Supportive","No",8.12,8.19,5.11,8.18,5.9
"R_5PRiruCNWiJUXTx","Saltwater","35 - 44","Male",NA,"33705","Pinellas",NA,"$75,001 - $100,000",100,"About once a week","20 years or more","Excellent",1,1,0,0,0,0,NA,1,1,0,0,16,0,0,0,0,0,0,0,0,0,0,0,0,0,0,0,0,0,0,0,0,0,0,1,0,0,0,0,0,0,1,0,0,0,0,1,1,0,0,0,1,1,1,1,0,0,0,1,1,1,0,0,0,0,1,1,1,0,0,1,0,0,0,0,1,0,0,0,0,0,0,0,0,0,0,0,0,7,0,1,1,1,1,1,1,1,1,"Sometimes","Sometimes","Sometimes","Often","Rarely","Rarely","Sometimes","Rarely","Permit","Often","Often","Often","Sometimes","Often","Often","High","Small","Moderate","Moderate","Sometimes","Rarely","Rarely","Not sure","Strongly agree","Somewhat disagree","Strongly agree","Somewhat disagree","Strongly agree","Disagree","Strongly agree","Somewhat disagree","Strongly agree","Somewhat agree","Supportive","No",0.34,0.37,0.6,10,10
"R_3hXYL3FK4lIHxho","Saltwater","25 - 34","Male",NA,"33776","Pinellas",NA,"$100,000 or more",60,"About once a month","5 - 9 years","Excellent",1,1,0,0,0,0,NA,1,1,0,0,26,0,0,0,0,0,0,0,0,1,1,1,1,0,0,0,1,1,1,0,0,0,1,1,1,0,0,0,0,0,1,0,0,0,0,0,0,0,0,1,1,0,0,0,1,1,0,1,1,0,1,1,0,0,0,0,0,0,1,0,0,0,1,1,0,0,0,1,0,0,0,0,0,0,1,1,1,8,1,1,1,1,1,1,1,1,3,"Always","Always","Always","Sometimes","Sometimes","Rarely","Rarely","Never",NA,"Often","Rarely","Rarely","Sometimes","Always","Sometimes","Not sure","Medium","Moderate","Moderate","Rarely","Rarely","Rarely","Never","Agree","Somewhat agree","Somewhat agree","Somewhat disagree","Somewhat agree","Strongly disagree","Strongly agree","Strongly disagree","Strongly agree","Strongly disagree","Supportive","Yes",0.79,4.29,7.61,10,10
"R_7zCqbHXxzS6nBfj","Saltwater","45 - 54","Male",NA,"34221","Manatee",NA,"$100,000 or more",120,"About once a week","20 years or more","Excellent",1,1,0,0,0,0,NA,1,1,0,0,21,0,0,0,0,0,0,0,0,0,0,0,0,0,0,0,0,0,0,0,0,0,0,0,0,0,0,0,0,0,0,0,0,0,0,0,0,0,0,0,1,1,1,0,0,0,0,1,0,0,0,0,0,0,0,1,0,0,1,0,0,0,1,1,1,1,1,1,1,1,1,1,1,1,1,1,1,6,0,1,1,1,1,1,1,0,5,"Sometimes","Often","Sometimes","Rarely","Often","Always","Often","Often","Mackerel","Always","Always","Often","Sometimes","Always","Sometimes","Moderate","Medium","Moderate","Complex","Sometimes","Sometimes","Often","Never","Strongly agree","Disagree","Agree","Disagree","Strongly agree","Somewhat disagree","Somewhat agree","Somewhat disagree","Agree","Disagree","Neutral","No",1.79,7.67,2.59,7.98,6.34
"R_5Bqc1mx41xnrDlD","Saltwater","35 - 44","Female",NA,"33712","Pinellas",NA,"$50,001 - $75,000",50,"About once a week","5 - 9 years","Excellent",1,0,1,0,0,0,NA,1,1,0,0,4,0,0,0,0,0,0,0,0,0,0,0,0,0,0,0,0,0,0,0,0,0,0,0,0,0,0,0,0,0,0,0,0,0,0,0,0,0,0,0,1,1,0,0,0,0,0,1,1,0,0,0,0,0,0,0,0,0,0,0,0,0,0,0,0,0,0,0,0,0,0,0,0,0,0,0,0,0,0,0,0,0,0,0,0,0,4,"Often","Always","Sometimes","Rarely","Sometimes","Always","Always","Never",NA,"Always","Sometimes","Sometimes","Never","Always","Sometimes","Not sure","Not sure","Shallow","Not sure","Often","Often","Often","Not sure","Disagree","Somewhat disagree","Strongly agree","Disagree","Strongly agree","Somewhat disagree","Strongly agree","Somewhat agree","Somewhat disagree","Somewhat agree","Supportive","No",4.89,6.99,3.22,5.03,5.05
"R_6Dsm4tzBpfJmZzz","Saltwater","55 - 64","Male",NA,"33703","Pinellas",NA,"$100,000 or more",130,"About once a month","20 years or more","Excellent",1,1,0,0,0,0,NA,1,1,0,0,18,0,0,0,0,0,0,0,0,0,0,0,0,0,0,0,0,1,0,0,0,0,0,1,0,0,0,0,0,0,1,0,1,1,0,0,1,0,1,1,1,0,0,1,0,1,0,1,1,1,0,0,0,0,0,0,0,1,0,0,0,0,0,0,0,0,0,1,0,0,1,1,0,0,0,0,0,6,1,1,1,1,1,1,0,0,3,"Often","Always","Often","Sometimes","Sometimes","Sometimes","Rarely","Rarely",NA,"Always","Rarely","Rarely","Rarely","Often","Sometimes","Low","Small","Shallow","Simple","Rarely","Rarely","Sometimes","Never","Strongly agree","Disagree","Agree","Disagree","Agree","Somewhat agree","Somewhat agree","Somewhat agree","Somewhat agree","Somewhat agree","Neutral","No",5,5.63,5.05,5.94,5.7
"R_1ISQWEAAa0TaUZz","Saltwater","45 - 54","Male",NA,"33617","Hillsborough",NA,"$100,000 or more",350,"About once a month","20 years or more","Fair",2,1,1,0,0,0,NA,3,1,1,1,22,0,0,0,0,0,0,0,0,0,0,0,0,0,0,0,1,0,1,0,0,0,0,1,1,0,0,0,0,0,0,0,0,0,1,0,0,1,1,1,0,0,1,1,0,1,0,0,1,0,1,0,0,0,1,0,1,0,0,1,1,0,1,0,1,1,1,0,1,0,0,0,0,0,0,0,0,2,0,0,0,1,0,1,0,0,0,"Sometimes","Sometimes","Sometimes","Rarely","Sometimes","Sometimes","Rarely","Rarely",NA,"Rarely","Sometimes","Rarely","Rarely","Sometimes","Sometimes","Moderate","Not sure","Moderate","Moderate","Sometimes","Sometimes","Sometimes","Never","Somewhat agree","Somewhat disagree","Agree","Somewhat disagree","Agree","Somewhat agree","Somewhat disagree","Somewhat agree","Somewhat disagree","Somewhat agree","Supportive","No",2.93,4.92,2.89,2.21,2.51
"R_3WzqQZhI962u8fv","Saltwater","35 - 44","Female",NA,"33702","Pinellas",NA,"$100,000 or more",100,"About once a month","10 - 19 years","Fair",1,1,0,0,0,0,NA,1,1,0,0,13,0,0,0,0,0,0,0,0,0,0,0,0,0,0,0,0,0,0,0,0,0,1,1,0,0,0,0,0,1,1,0,0,0,0,1,1,0,1,0,0,1,1,0,0,1,0,0,1,1,0,0,0,0,1,0,0,0,0,0,0,0,0,0,0,0,0,0,0,0,0,0,0,0,0,0,0,5,1,0,0,1,1,1,1,0,3,"Often","Rarely","Sometimes","Sometimes","Sometimes","Often","Often","Never",NA,"Sometimes","Rarely","Often","Rarely","Often","Often","High","Medium","Shallow","Moderate","Often","Sometimes","Sometimes","Rarely","Strongly agree","Somewhat disagree","Somewhat agree","Disagree","Agree","Somewhat agree","Somewhat agree","Somewhat disagree","Somewhat agree","Somewhat agree","Supportive","No",1.06,5.49,5.01,6.34,6.42
"R_5dyZiHnWvqDbYpt","Saltwater","55 - 64","Male",NA,"33762","Pinellas",NA,"$100,000 or more",75,"About once a month","20 years or more","Good",1,1,0,0,0,0,NA,1,1,0,0,4,0,0,0,0,0,0,0,0,0,0,0,0,0,0,0,0,0,0,0,0,0,0,0,0,0,0,0,0,0,0,0,0,0,0,0,0,0,0,0,0,1,1,0,0,0,0,1,0,0,0,0,0,0,1,0,0,0,0,0,0,0,0,0,0,0,0,0,0,0,0,0,0,0,0,0,0,5,0,1,1,1,0,1,1,0,3,"Often","Often","Often","Sometimes","Rarely","Rarely","Rarely","Rarely","Flounder","Always","Rarely","Rarely","Never","Rarely","Sometimes","Moderate","Medium","Moderate","Not sure","Sometimes","Never","Sometimes","Sometimes","Agree","Disagree","Agree","Somewhat disagree","Agree","Somewhat agree","Agree","Somewhat agree","Somewhat agree","Somewhat agree","Supportive","No",5.42,8.27,8.39,9.24,10
"R_3aJSlKrwVTN0KL7","Saltwater","55 - 64","Male",NA,"34209","Manatee",NA,"$100,000 or more",100,"About once a month","20 years or more","Fair",1,1,0,0,0,0,NA,1,1,0,0,6,0,0,0,0,0,0,0,0,0,0,0,0,0,0,0,0,0,0,0,0,0,0,0,0,0,0,0,0,0,0,0,0,0,0,0,0,0,0,0,0,0,0,0,0,0,0,0,0,0,0,0,0,0,0,0,0,0,0,0,0,0,0,0,1,1,1,1,1,1,0,0,0,0,0,0,0,4,0,1,0,1,1,1,0,0,1,"Sometimes","Often","Sometimes","Never","Sometimes","Rarely","Rarely","Rarely",NA,"Often","Rarely","Rarely","Often","Often","Often","High","Small","Moderate","Moderate","Rarely","Rarely","Often","Not sure","Strongly agree","Disagree","Somewhat agree","Disagree","Agree","Somewhat agree","Somewhat agree","Somewhat agree","Somewhat disagree","Somewhat agree","Supportive","No",1.08,0.01,9.15,1.84,2.1
"R_7hASKCbcNSLXxAO","Saltwater","55 - 64","Male",NA,"34211","Manatee",NA,"$100,000 or more",60,"About once a month","Less than a year","Fair",2,1,1,0,0,0,NA,1,1,0,0,10,0,0,0,0,0,0,0,0,0,0,0,0,0,0,0,0,0,0,0,0,0,0,0,0,0,0,0,0,0,0,0,0,0,0,0,0,0,0,0,0,0,0,0,0,0,0,0,0,0,0,0,0,0,0,0,0,0,0,1,0,1,1,0,1,0,1,1,1,1,1,1,0,0,0,0,0,0,0,0,0,0,0,0,0,0,2,"Sometimes","Often","Rarely","Sometimes","Sometimes","Often","Sometimes","Sometimes",NA,"Sometimes","Rarely","Often","Rarely","Often","Often","Not sure","Small","Shallow","Not sure","Sometimes","Sometimes","Sometimes","Rarely","Somewhat agree","Disagree","Somewhat agree","Disagree","Agree","Somewhat agree","Somewhat agree","Somewhat disagree","Somewhat agree","Somewhat disagree","Supportive","No",6.81,9.06,1.99,8.11,1.61
"R_5g2iWqqMiVKRRFf","Saltwater","55 - 64","Male",NA,"33570","Hillsborough",NA,"$75,001 - $100,000",100,"Many times a week","5 - 9 years","Excellent",1,1,0,0,0,0,NA,1,1,0,0,9,0,0,0,0,0,0,0,0,0,0,0,0,0,0,0,0,0,0,0,0,0,0,0,0,0,0,0,0,0,0,0,0,0,1,0,0,0,0,1,0,0,0,0,0,1,1,0,0,0,0,1,1,0,0,0,0,1,1,0,0,0,1,0,0,0,0,0,0,0,0,0,0,0,0,0,0,1,0,0,0,0,1,0,0,0,4,"Always","Always","Always","Sometimes","Rarely","Rarely","Rarely","Often","Jacks","Often","Rarely","Rarely","Often","Often","Sometimes","High","Medium","Moderate","Moderate","Not sure","Not sure","Not sure","Not sure","Agree","Disagree","Agree","Disagree","Agree","Disagree","Agree","Disagree","Agree","Disagree","Supportive","No",1.38,1.49,8.68,8.54,8.61
"R_6R908ho1REK05Wc","Saltwater","45 - 54","Male",NA,"33703","Pinellas",NA,"$100,000 or more",50,"About once a week","10 - 19 years","Excellent",1,1,0,0,0,0,NA,1,1,0,0,35,0,0,0,0,0,1,0,0,0,1,0,1,0,0,0,1,1,1,0,0,0,0,1,0,0,0,0,0,1,1,0,0,0,1,1,0,0,1,1,1,1,1,0,0,1,1,1,1,0,0,1,1,1,1,1,1,0,1,1,0,1,1,0,1,1,1,0,1,0,0,0,0,0,0,0,1,0,0,0,0,0,0,0,0,0,3,"Always","Sometimes","Always","Often","Never","Never","Sometimes","Never",NA,"Always","Often","Often","Sometimes","Always","Always","Moderate","Medium","Deep","Moderate","Often","Rarely","Always","Not sure","Strongly agree","Somewhat agree","Strongly agree","Somewhat agree","Strongly agree","Strongly agree","Strongly agree","Strongly agree","Agree","Strongly disagree","Supportive","No",0.6,0.75,0.52,4.67,10
"R_3ISqJYjWfIdmzHY","Saltwater","55 - 64","Male",NA,"34240","Sarasota",NA,"$100,000 or more",500,"A few times","20 years or more","Good",1,1,0,0,0,0,NA,1,1,0,0,12,0,0,0,0,0,0,0,0,0,0,0,0,0,0,0,0,0,0,0,0,0,0,0,0,0,0,0,0,0,0,0,0,0,0,0,0,0,0,0,0,0,0,0,0,0,0,1,1,0,0,0,0,0,1,0,0,0,1,0,0,1,1,1,1,0,0,1,1,1,1,0,0,0,0,0,0,4,0,1,0,1,1,0,0,1,5,"Often","Often","Often","Rarely","Never","Often","Often","Rarely",NA,"Often","Often","Often","Rarely","Often","Often","High","Small","Deep","Complex","Not sure","Sometimes","Not sure","Never","Strongly agree","Disagree","Somewhat agree","Strongly disagree","Strongly agree","Somewhat disagree","Somewhat agree","Disagree","Somewhat agree","Somewhat disagree","Supportive","No",5,7.16,6.47,10,2.75
"R_5SEqAA3Jl0ZfSaR","Saltwater","45 - 54","Male",NA,"33629","Hillsborough",NA,"$100,000 or more",250,"A few times","5 - 9 years","Poor",1,1,0,0,0,0,NA,1,1,0,0,10,0,0,0,0,0,0,0,0,0,0,0,0,0,0,0,0,0,0,0,0,0,0,0,0,0,0,0,0,0,0,0,0,0,0,0,0,0,0,0,1,1,1,0,0,0,0,0,1,1,0,0,0,0,0,1,0,0,0,0,0,0,0,0,0,0,0,0,0,0,0,0,0,1,1,1,1,0,0,0,0,0,0,0,0,0,1,"Sometimes","Rarely","Often","Rarely","Sometimes","Sometimes","Rarely","Sometimes",NA,"Rarely","Rarely","Sometimes","Never","Often","Often","Not sure","Not sure","Moderate","Not sure","Not sure","Not sure","Not sure","Not sure","Agree","Somewhat disagree","Somewhat agree","Somewhat disagree","Somewhat agree","Disagree","Agree","Disagree","Agree","Disagree","Supportive","No",0.9,1.38,1.28,1.42,7.09
"R_3hVzGHIrbIWmUNz","Saltwater","35 - 44","Male",NA,"34243","Manatee",NA,"$100,000 or more",800,"A few times","20 years or more","Excellent",1,1,0,0,0,0,NA,3,1,1,1,9,0,0,0,0,0,0,0,0,0,0,0,0,0,0,0,0,0,0,0,0,0,0,0,0,0,0,0,0,0,0,0,0,0,0,0,0,0,0,0,0,0,0,0,0,0,0,1,1,0,0,0,0,0,1,0,0,0,0,0,0,1,1,0,0,0,1,0,1,0,0,1,1,0,0,0,0,5,0,1,1,1,1,1,0,0,3,"Often","Sometimes","Often","Often","Never","Rarely","Rarely","Never",NA,"Often","Rarely","Rarely","Often","Often","Sometimes","Not sure","Not sure","Not sure","Not sure","Not sure","Not sure","Not sure","Not sure","Agree","Somewhat disagree","Strongly agree","Somewhat disagree","Somewhat agree","Agree","Agree","Disagree","Agree","Disagree","Supportive","No",0.6,6.27,5.52,1.6,10
"R_6aK1HCWkvKJnFcV","Saltwater","45 - 54","Male",NA,"34639","Pasco",NA,"$100,000 or more",100,"A few times","Less than a year","Good",2,1,1,0,0,0,NA,1,1,0,0,7,0,0,0,0,0,0,0,0,0,0,0,0,0,0,0,0,0,0,0,0,0,0,0,0,0,0,0,0,0,0,0,0,0,0,0,0,0,0,0,0,1,0,0,0,0,0,0,1,1,0,0,0,0,0,1,1,1,0,0,0,1,0,0,0,0,0,0,0,0,0,0,0,0,0,0,0,2,0,0,0,1,1,0,0,0,3,"Sometimes","Often","Often","Never","Sometimes","Often","Sometimes","Rarely","None","Often","Sometimes","Sometimes","Never","Often","Often","Moderate","Not sure","Moderate","Moderate","Often","Sometimes","Sometimes","Never","Somewhat agree","Somewhat disagree","Somewhat agree","Somewhat agree","Agree","Somewhat disagree","Agree","Somewhat agree","Somewhat agree","Somewhat agree","Supportive","No",8.47,4.18,3.41,8.45,7.67
"R_1fe3G1kVVT3DC0a","Saltwater","25 - 34","Male",NA,"34211","Manatee",NA,"$100,000 or more",150,"About once a month","1 - 4 years","Good",1,1,0,0,0,0,NA,3,1,1,1,21,0,0,0,0,0,0,0,0,0,0,0,0,0,0,0,0,0,0,0,0,0,0,0,0,0,0,0,0,0,0,0,0,0,0,0,0,0,0,0,0,1,0,0,0,0,0,0,1,0,0,1,0,0,1,1,1,0,1,1,1,1,1,1,1,1,1,1,1,1,1,1,1,0,0,0,0,5,1,0,1,1,0,1,1,0,5,"Always","Always","Always","Rarely","Sometimes","Always","Always","Never",NA,"Often","Rarely","Often","Sometimes","Often","Always","Not sure","Small","Moderate","Not sure","Often","Often","Often","Rarely","Agree","Somewhat disagree","Somewhat disagree","Disagree","Somewhat agree","Somewhat agree","Somewhat agree","Somewhat disagree","Somewhat agree","Somewhat disagree","Supportive","No",6.31,5.25,3.32,1.34,0
"R_1ezzw7ASpTfgO4z","Saltwater","55 - 64","Female",NA,"33527","Hillsborough",NA,"$100,000 or more",50,"About once a week","20 years or more","Excellent",1,1,0,0,0,0,NA,1,1,0,0,19,0,0,0,0,0,0,0,0,0,0,0,0,0,0,0,1,1,0,0,0,0,1,1,0,0,0,0,0,1,1,0,0,0,0,1,1,0,1,1,0,0,0,0,1,1,1,0,0,0,0,1,1,1,0,0,0,0,0,0,0,0,0,0,1,1,0,0,1,0,0,0,0,0,0,0,0,3,1,0,0,1,1,0,0,0,6,"Always","Always","Always","Rarely","Often","Always","Never","Always","Black drum","Sometimes","Always","Sometimes","Always","Always","Often","Low","Small","Shallow","Moderate","Often","Sometimes","Often","Not sure","Somewhat agree","Disagree","Somewhat agree","Somewhat agree","Somewhat agree","Disagree","Agree","Somewhat agree","Strongly agree","Disagree","Supportive","No",10,10,9.55,10,10
"R_5TuClC3simYyED8","Saltwater","55 - 64","Male",NA,"33570","Sarasota",NA,"$100,000 or more",450,"About once a week","10 - 19 years","Good",1,1,0,0,0,0,NA,1,1,0,0,10,0,0,0,0,0,0,0,0,0,0,0,0,0,0,0,0,0,0,0,0,0,0,0,0,0,0,0,0,0,0,0,0,0,0,0,0,0,0,0,0,1,0,0,0,1,1,0,1,0,0,1,1,0,1,1,0,0,0,1,1,0,0,0,0,0,0,0,0,0,0,0,0,0,0,0,0,3,0,0,1,0,0,1,0,1,2,"Sometimes","Sometimes","Sometimes","Rarely","Rarely","Often","Often","Never",NA,"Often","Often","Sometimes","Always","Sometimes","Often","High","Medium","Deep","Complex","Often","Sometimes","Often","Never","Strongly agree","Disagree","Strongly agree","Strongly disagree","Strongly agree","Somewhat agree","Somewhat agree","Somewhat agree","Somewhat agree","Somewhat agree","Supportive","No",6.18,7.68,6.92,10,7.54
"R_3NY9e0gBjjBjnvr","Saltwater","45 - 54","Male",NA,"34231","Sarasota",NA,"$100,000 or more",300,"A few times","10 - 19 years","Good",2,1,1,0,0,0,NA,2,1,1,0,10,0,0,0,0,0,0,0,0,0,0,1,0,0,0,0,0,1,0,0,0,0,0,0,0,0,0,0,0,0,0,0,0,0,0,0,0,0,0,0,1,1,0,0,0,0,0,0,0,0,0,0,0,0,0,0,0,0,1,0,0,0,1,0,0,0,1,1,1,1,0,0,0,0,0,0,0,5,0,1,1,1,1,1,0,0,4,"Always","Always","Always","Never","Never","Often","Never","Sometimes","Flounder","Often","Often","Sometimes","Never","Always","Sometimes","High","Small","Not sure","Moderate","Not sure","Not sure","Not sure","Never","Agree","Disagree","Agree","Somewhat disagree","Somewhat agree","Somewhat agree","Strongly agree","Disagree","Somewhat disagree","Disagree","Neutral","No",0.6,0.72,0.61,8.34,10
"R_6NxovehKvLHWYiQ","Saltwater","45 - 54","Female",NA,"34655","Pasco",NA,"$100,000 or more",175,"A few times","10 - 19 years","Good",1,1,0,0,0,0,NA,2,0,1,1,4,0,0,0,0,0,0,0,0,0,0,0,0,0,0,0,0,0,0,0,0,0,0,0,0,0,0,0,0,0,0,0,0,0,0,0,0,0,0,0,0,0,0,0,0,0,0,1,1,0,0,0,0,0,1,0,0,0,0,0,0,1,0,0,0,0,0,0,0,0,0,0,0,0,0,0,0,4,1,1,0,0,0,1,0,1,0,"Rarely","Sometimes","Rarely","Never","Sometimes","Sometimes","Sometimes","Sometimes",NA,"Often","Sometimes","Rarely","Sometimes","Sometimes","Sometimes","Low","Not sure","Shallow","Moderate","Sometimes","Rarely","Sometimes","Never","Agree","Somewhat agree","Strongly agree","Disagree","Strongly disagree","Somewhat agree","Agree","Disagree","Agree","Disagree","Supportive","No",6.15,5.9,6.23,8.95,6.26
"R_6fK0empsYANagZ2","Saltwater","55 - 64","Male",NA,"33715","Pinellas",NA,"$100,000 or more",5000,"About once a month","5 - 9 years","Fair",1,1,0,0,0,0,NA,1,1,0,0,5,0,0,0,0,0,0,0,0,0,0,0,0,0,0,0,0,0,0,0,0,0,0,0,0,0,0,0,0,0,0,0,0,0,0,0,0,0,0,0,1,0,0,0,0,0,0,1,1,0,0,0,0,0,1,1,0,0,0,0,0,0,0,0,0,0,0,0,0,0,0,0,0,0,0,0,0,0,0,0,0,0,0,0,0,0,0,"Rarely","Sometimes","Sometimes","Rarely","Sometimes","Sometimes","Sometimes","Sometimes","Porgy","Sometimes","Sometimes","Sometimes","Rarely","Sometimes","Sometimes","Not sure","Large","Deep","Moderate","Not sure","Not sure","Not sure","Not sure","Somewhat agree","Disagree","Somewhat agree","Disagree","Agree","Somewhat disagree","Somewhat agree","Somewhat agree","Somewhat agree","Somewhat disagree","Supportive","No",4.7,9.19,9.41,9.08,8.99
"R_7UBIisVwNa0CL4d","Saltwater","45 - 54","Male",NA,"34668","Pasco",NA,"$75,001 - $100,000",150,"About once a month","20 years or more","Fair",1,1,0,0,0,0,NA,1,0,0,1,6,0,0,0,0,0,0,0,0,0,0,0,0,0,1,1,1,0,0,0,0,0,0,0,0,0,0,0,0,0,0,0,0,0,0,0,0,0,0,0,0,1,0,0,0,0,0,0,0,0,0,0,0,0,0,0,0,0,0,0,0,0,0,0,0,0,0,0,0,0,0,1,1,0,0,0,0,4,0,0,0,0,1,1,1,1,0,"Sometimes","Sometimes","Sometimes","Sometimes","Sometimes","Sometimes","Sometimes","Sometimes",NA,"Rarely","Sometimes","Sometimes","Sometimes","Sometimes","Often","Low","Small","Shallow","Moderate","Sometimes","Rarely","Sometimes","Never","Agree","Disagree","Somewhat agree","Somewhat disagree","Somewhat agree","Somewhat agree","Somewhat disagree","Somewhat agree","Somewhat disagree","Somewhat agree","Neutral","No",4.43,5.93,5.51,4.56,5.28
"R_6fUWOpavznDQ6WZ","Saltwater","55 - 64","Male",NA,"33548","Hillsborough",NA,"$100,000 or more",150,"A few times","20 years or more","Good",1,1,0,0,0,0,NA,1,1,0,0,15,0,1,0,0,1,1,1,0,1,0,0,1,0,0,0,1,1,1,0,0,0,1,1,0,0,0,0,0,0,0,0,0,0,0,0,0,0,0,0,0,0,0,0,0,0,0,0,0,0,0,0,0,0,0,1,0,0,0,0,0,1,0,0,0,0,1,0,1,0,0,0,0,0,0,0,0,1,0,0,0,0,0,1,0,0,3,"Often","Often","Often","Sometimes","Rarely","Rarely","Rarely","Rarely","Cobia","Often","Sometimes","Rarely","Rarely","Often","Often","Not sure","Not sure","Deep","Complex","Not sure","Not sure","Often","Never","Agree","Somewhat disagree","Agree","Disagree","Agree","Somewhat agree","Agree","Somewhat disagree","Agree","Strongly disagree","Supportive","No",2.33,0.98,1.16,10,10
"R_3Rlt1eXee1gtFNR","Saltwater","18 - 24","Male",NA,"33547","Hillsborough",NA,"$25,000 or less",18,"About once a week","10 - 19 years","Good",2,1,1,0,0,0,NA,3,1,1,1,8,0,0,0,0,0,0,0,0,0,0,0,0,0,0,0,0,0,0,0,0,0,0,0,0,0,0,1,1,0,0,0,0,0,0,0,0,0,0,0,0,0,0,0,0,1,0,0,0,0,0,0,1,0,0,0,0,0,0,0,0,1,1,0,1,0,1,0,0,0,0,0,0,0,0,0,0,4,1,0,0,0,1,1,1,0,2,"Always","Sometimes","Often","Sometimes","Rarely","Sometimes","Never","Never",NA,"Often","Never","Never","Sometimes","Often","Often",NA,NA,NA,NA,NA,NA,NA,NA,"Agree","Strongly disagree","Agree","Disagree","Agree","Strongly disagree","Strongly agree","Somewhat agree","Agree","Strongly disagree","Supportive","No",3.1,7.92,10,10,10
"R_6mDlLetPYoWHCG5","Saltwater","55 - 64",NA,NA,NA,NA,NA,NA,NA,"About once a week","10 - 19 years","Good",1,1,0,0,0,0,NA,1,1,0,0,8,0,0,0,0,0,0,0,0,0,1,1,0,0,0,0,0,1,1,0,0,0,0,0,0,0,0,0,0,0,0,0,0,0,0,0,0,0,0,0,0,0,0,0,0,0,0,0,1,0,0,0,0,0,0,1,0,0,0,0,0,1,1,0,0,0,0,0,0,0,0,0,0,0,0,0,0,3,0,0,0,1,1,0,1,0,0,"Sometimes","Never","Sometimes","Sometimes","Never","Sometimes","Sometimes","Never",NA,"Never","Sometimes","Sometimes","Sometimes","Never","Often","Not sure","Small","Deep","Complex","Always","Rarely","Often","Not sure","Agree","Disagree","Agree","Disagree","Strongly agree","Agree","Disagree","Agree","Disagree","Strongly agree","Supportive","No",5.92,10,4.08,3.71,4.09
"R_17p80Fd72RN8bL6","Saltwater","65 or older","Male",NA,"34221","Manatee",NA,"$100,000 or more",200,"About once a month","20 years or more","Excellent",1,1,0,0,0,0,NA,2,1,1,0,5,0,0,0,0,0,0,0,0,0,0,0,0,0,0,0,0,0,0,0,0,0,0,0,0,0,0,0,0,0,0,0,0,0,0,0,0,0,0,0,0,0,0,0,0,0,0,0,0,0,0,0,0,0,0,0,0,0,0,0,0,0,1,0,0,0,1,1,0,1,1,0,0,0,0,0,0,6,1,0,1,1,1,1,1,0,2,"Always","Rarely","Often","Rarely","Never","Never","Never","Never",NA,"Often","Rarely","Never","Always","Often","Sometimes",NA,NA,NA,NA,NA,NA,NA,NA,"Strongly agree","Strongly disagree","Strongly agree","Strongly disagree","Strongly agree","Strongly disagree","Strongly agree","Somewhat disagree","Strongly agree","Strongly disagree","Supportive","No",0,0,0.78,8.45,8.96
"R_6KpznehIECCIlQZ","Saltwater","55 - 64","Male",NA,"34698","Pinellas",NA,"$25,001 - $50,000",30,"About once a month","20 years or more","Excellent",1,1,0,0,0,0,NA,1,1,0,0,18,1,1,1,1,1,1,1,1,1,1,0,0,0,0,0,1,0,0,0,0,0,1,1,0,0,0,0,0,1,1,0,0,0,0,1,0,0,0,0,0,0,1,0,0,0,0,0,0,0,0,0,0,0,1,0,0,0,0,0,0,0,0,0,0,0,0,0,0,0,0,0,0,0,0,0,0,0,0,0,0,0,0,0,0,0,3,"Often","Often","Often","Never","Rarely","Never","Never","Rarely","Flounder","Often","Rarely","Rarely","Sometimes","Often","Rarely","Not sure","Not sure","Not sure","Not sure","Not sure","Not sure","Not sure","Not sure","Agree","Disagree","Somewhat agree","Somewhat disagree","Somewhat agree","Somewhat disagree","Agree","Somewhat disagree","Agree","Disagree","Neutral","No",0.1,0.1,0.1,9.92,9.93
"R_50gI1ojHj4Mhjt7","Saltwater","55 - 64","Male",NA,"33566","Hillsborough",NA,"$100,000 or more",75,"About once a month","20 years or more","Good",1,1,0,0,0,0,NA,1,1,0,0,10,0,0,0,0,0,0,0,0,0,0,0,0,0,0,0,0,0,0,0,0,0,0,0,0,0,0,0,0,0,0,0,0,0,0,0,0,0,0,0,0,0,0,0,0,0,0,0,0,0,0,0,0,0,0,0,0,0,0,1,1,1,1,0,1,1,1,1,1,1,0,0,0,0,0,0,0,3,0,0,1,1,1,0,0,0,3,"Often","Often","Often","Rarely","Sometimes","Sometimes","Rarely","Sometimes","Permit","Always","Rarely","Rarely","Rarely","Always","Often","Moderate","Medium","Moderate","Moderate","Rarely","Rarely","Sometimes","Not sure","Agree","Disagree","Somewhat agree","Disagree","Somewhat agree","Strongly disagree","Strongly agree","Disagree","Agree","Strongly disagree","Supportive","No",0.32,0.24,0.28,6.99,9.79
"R_3kKI6tIH3bVZfUZ","Saltwater","55 - 64","Female",NA,"33624","Hillsborough",NA,"$50,001 - $75,000",150,"A few times","20 years or more","Good",1,1,0,0,0,0,NA,2,0,1,1,4,0,0,0,0,0,0,0,0,0,0,0,0,0,1,0,1,0,1,0,0,0,0,0,0,0,0,0,0,0,0,0,0,0,0,0,0,0,0,0,0,0,0,0,0,0,0,0,0,0,0,0,0,0,0,0,0,0,0,0,0,1,0,0,0,0,0,0,0,0,0,0,0,0,0,0,0,7,1,1,1,1,1,1,1,0,0,"Sometimes","Never","Never","Sometimes","Sometimes","Sometimes","Never","Never",NA,"Never","Never","Never","Never","Never","Always",NA,NA,NA,NA,NA,NA,NA,NA,"Disagree","Somewhat agree","Somewhat disagree","Strongly agree","Disagree","Disagree","Agree","Disagree","Agree","Strongly disagree","Supportive","No",0.15,0.21,0.21,0.12,10
"R_2htmhBJuNHmmmvD","Saltwater","55 - 64","Male",NA,"33706","Pinellas",NA,"$75,001 - $100,000",100,"A few times","5 - 9 years","Excellent",1,1,0,0,0,0,NA,1,0,1,0,2,0,0,0,0,0,0,0,0,0,0,0,0,0,0,0,0,0,0,0,0,0,0,0,0,0,0,0,0,0,0,0,0,0,0,0,0,0,0,0,0,0,0,0,0,0,0,0,0,0,0,0,0,0,0,0,0,0,0,0,0,0,0,0,0,0,0,0,0,0,0,0,0,0,0,1,1,3,1,0,1,1,0,0,0,0,2,"Always","Always","Rarely","Rarely","Sometimes","Rarely","Rarely","Sometimes","lady fish","Sometimes","Never","Never","Sometimes","Always","Sometimes",NA,NA,NA,NA,NA,NA,NA,NA,"Somewhat agree","Somewhat disagree","Somewhat disagree","Somewhat disagree","Somewhat disagree","Somewhat agree","Somewhat disagree","Somewhat disagree","Somewhat disagree","Somewhat disagree","Supportive","No",10,6.81,4.93,0.23,0.19
"R_6wuXRmyt3XfOp7X","Saltwater","65 or older","Male",NA,"34684","Pinellas",NA,"$25,000 or less",40,"About once a week","20 years or more","Excellent",1,1,0,0,0,0,NA,2,1,0,1,18,1,1,1,1,0,1,1,1,0,0,0,0,0,0,0,0,0,0,0,0,0,0,0,0,0,0,0,0,0,0,0,0,0,0,1,0,0,0,0,1,1,1,0,0,0,0,1,0,0,0,0,0,0,1,0,0,0,0,0,0,0,1,0,0,0,0,0,0,0,0,0,0,1,1,1,1,2,1,0,0,0,1,0,0,0,4,"Sometimes","Always","Always","Never","Often","Always","Rarely","Sometimes",NA,"Sometimes","Sometimes","Sometimes","Never","Sometimes","Often","Not sure","Not sure","Not sure","Not sure","Not sure","Not sure","Not sure","Not sure","Somewhat agree","Somewhat disagree","Somewhat disagree","Somewhat disagree","Somewhat disagree","Somewhat agree","Somewhat agree","Somewhat disagree","Somewhat agree","Somewhat disagree","Supportive","No",4.93,5.94,4.97,5.9,4.97
"R_6jq8w16n0EHj3Hx","Saltwater","45 - 54","Male",NA,"33813","Polk",NA,"$100,000 or more",500,"A few times","20 years or more","Good",1,1,0,0,0,0,NA,1,1,0,0,4,0,0,0,0,0,0,0,0,0,0,0,0,0,0,0,0,0,0,0,0,0,0,0,0,0,0,0,0,0,0,0,0,0,0,0,0,0,0,0,0,0,0,0,0,0,0,1,1,0,0,0,0,0,0,1,1,0,0,0,0,0,0,0,0,0,0,0,0,0,0,0,0,0,0,0,0,6,1,0,1,1,1,1,1,0,2,"Never","Never","Never","Never","Never","Often","Always","Sometimes","Kingfish","Never","Always","Often","Never","Never","Always","Moderate","Large","Deep","Complex","Always","Sometimes","Always","Not sure","Strongly agree","Strongly disagree","Somewhat agree","Strongly disagree","Somewhat disagree","Somewhat disagree","Somewhat agree","Disagree","Somewhat disagree","Disagree","Supportive","No",0.69,5.6,0.67,0.93,3.95
"R_1YEpvoSobEvKpOc","Saltwater","55 - 64","Male",NA,"33647","Hillsborough",NA,"$100,000 or more",15,"A few times","20 years or more","Excellent",1,1,0,0,0,0,NA,1,0,1,0,2,0,0,0,0,0,0,0,0,0,0,0,0,0,0,0,0,0,0,0,0,0,0,0,0,0,0,0,0,0,0,0,0,0,0,0,0,0,0,0,0,1,0,0,0,0,0,0,0,0,0,0,0,0,0,0,0,0,0,0,0,0,0,0,1,0,0,0,0,0,0,0,0,0,0,0,0,0,0,0,0,0,0,0,0,0,3,"Always","Always","Always","Rarely","Never","Never","Never","Never",NA,"Often","Always","Never","Never","Always","Often",NA,NA,NA,NA,NA,NA,NA,NA,"Strongly agree","Strongly disagree","Strongly agree","Strongly disagree","Strongly agree","Agree","Somewhat agree","Somewhat disagree","Agree","Disagree","Supportive","No",0.76,9.94,9.79,0.79,9.86
"R_596o3smIYRDLRF5","Saltwater","25 - 34","Male",NA,"33602","Hillsborough",NA,"$100,000 or more",75,"About once a week","1 - 4 years","Fair",2,1,1,0,0,0,NA,1,1,0,0,10,0,0,0,0,0,0,0,0,0,0,0,0,1,1,0,0,0,0,0,1,1,0,0,0,0,1,1,0,0,0,0,0,0,0,0,0,0,0,0,0,0,0,0,0,0,0,0,1,0,0,0,0,0,0,1,1,0,0,0,0,1,0,0,0,0,0,0,0,0,0,0,0,0,0,0,0,1,0,0,0,0,0,0,1,0,3,"Sometimes","Sometimes","Often","Rarely","Sometimes","Often","Often","Never",NA,"Rarely","Sometimes","Often","Often","Often","Always","Moderate","Small","Moderate","Not sure","Often","Rarely","Often","Not sure","Agree","Somewhat disagree","Agree","Agree","Somewhat agree","Agree","Somewhat disagree","Somewhat disagree","Somewhat agree","Disagree","Supportive","No",7.08,7.54,0.9,0,0
"R_3zqNNwUC9JMmpZ5","Saltwater","55 - 64",NA,"Loop tackle,Serious fly guy","34222","Manatee",NA,"$25,000 or less",20,"Many times a week","20 years or more","Excellent",1,0,0,0,0,1,"Not your average angler",1,0,1,0,16,0,0,0,0,0,0,0,0,0,0,0,0,0,0,0,0,0,0,0,0,0,0,0,0,0,0,0,0,0,0,0,0,0,0,0,0,0,0,1,0,0,0,0,0,1,1,0,0,0,0,1,1,1,0,0,0,0,1,0,0,1,1,1,0,0,1,1,0,1,1,1,1,0,0,0,0,7,1,1,1,1,1,1,0,1,4,"Always","Always","Always","Always","Sometimes","Rarely","Never","Never","Spanish mackerel","Often","Often","Often","Often","Often","Often","Moderate","Medium","Shallow","Moderate","Sometimes","Rarely","Always","Never","Agree","Somewhat agree","Agree","Somewhat agree","Somewhat agree","Somewhat agree","Agree","Disagree","Strongly agree","Disagree","Supportive","No",0.69,5.02,2.88,10,10
"R_6PgExXRkoPHhthM","Saltwater","45 - 54","Male",NA,"33571","Hillsborough",NA,NA,150,"About once a month","20 years or more","Fair",1,1,0,0,0,0,NA,2,1,1,0,12,0,0,0,0,0,0,0,0,0,0,0,0,0,0,0,0,1,1,0,0,0,0,0,0,0,1,1,0,0,0,0,0,1,1,0,0,0,0,0,0,0,0,0,0,0,0,0,1,0,0,0,0,0,0,1,1,1,0,0,0,1,1,0,0,0,0,0,0,0,0,0,0,0,0,0,0,0,0,0,0,0,0,0,0,0,0,"Sometimes","Sometimes","Sometimes","Rarely","Sometimes","Sometimes","Rarely","Sometimes","Sharks","Rarely","Often","Rarely","Rarely","Sometimes","Always","Not sure","Small","Moderate","Simple","Not sure","Not sure","Not sure","Not sure","Somewhat agree","Somewhat agree","Agree","Somewhat disagree","Disagree","Disagree","Strongly agree","Strongly disagree","Strongly agree","Strongly disagree","Neutral","Yes",7.84,1.48,2.97,9.46,0.68
"R_7t9xhyRZJrd147R","Saltwater","45 - 54","Male",NA,"34208","Manatee",NA,"$100,000 or more",100,"About once a month","10 - 19 years","Excellent",1,1,0,0,0,0,NA,2,1,1,0,19,0,0,0,0,0,0,0,0,0,0,0,0,0,0,0,0,0,0,0,0,0,0,0,0,0,0,0,0,0,0,0,0,0,0,0,0,0,0,0,0,0,0,0,0,1,1,0,0,0,0,1,1,1,0,0,0,1,1,0,0,1,1,1,1,1,1,1,1,1,1,1,1,0,0,0,0,4,0,1,1,1,1,0,0,0,6,"Always","Often","Always","Often","Rarely","Often","Often","Sometimes","Jack, flounder, pompano, triple tail, Cobia","Often","Often","Sometimes","Often","Always","Often","Moderate","Small","Shallow","Simple","Sometimes","Sometimes","Sometimes","Never","Somewhat agree","Somewhat agree","Somewhat agree","Somewhat disagree","Somewhat agree","Disagree","Strongly agree","Disagree","Strongly agree","Strongly disagree","Neutral","No",1.09,1.26,1.18,4.69,10
"R_1PTRttQxzxSJ4oe","Saltwater","55 - 64","Male",NA,"33615","Hillsborough",NA,"$50,001 - $75,000",55,"About once a month","20 years or more","Excellent",1,1,0,0,0,0,NA,1,1,0,0,9,1,1,0,1,0,0,0,0,0,0,0,0,0,0,0,0,1,0,0,0,0,0,1,0,0,0,0,0,0,0,0,0,0,0,0,0,0,0,0,1,1,0,0,0,0,0,1,0,0,0,0,0,0,1,0,0,0,0,0,0,0,0,0,0,0,0,0,0,0,0,0,0,0,0,0,0,0,0,0,0,0,0,0,0,0,2,"Sometimes","Always","Always","Sometimes","Rarely","Rarely","Never","Rarely",NA,"Always","Always","Rarely","Often","Always","Sometimes","Moderate","Medium","Moderate","Moderate","Sometimes","Sometimes","Often","Not sure","Strongly agree","Strongly disagree","Somewhat agree","Strongly disagree","Agree","Somewhat disagree","Disagree","Somewhat disagree","Agree","Somewhat agree","Supportive","No",8.69,7.42,3.96,8.54,10
"R_1xS326g12rd8y83","Saltwater","55 - 64","Male",NA,"33813","Polk",NA,NA,125,"About once a week","20 years or more","Good",1,1,0,0,0,0,NA,1,1,0,0,6,0,0,0,0,0,0,0,0,0,0,0,0,0,0,0,0,0,0,0,0,0,0,0,0,0,0,0,0,0,0,0,0,0,0,0,0,0,0,0,0,0,0,0,0,0,0,0,0,0,0,0,0,0,0,0,0,0,0,1,1,0,0,0,1,1,1,0,1,0,0,0,0,0,0,0,0,0,0,0,0,0,0,0,0,0,3,"Sometimes","Often","Sometimes","Sometimes","Often","Often","Rarely","Never",NA,"Always","Sometimes","Sometimes","Sometimes","Often","Sometimes","Moderate","Small","Moderate","Moderate","Often","Rarely","Rarely","Never","Agree","Strongly disagree","Agree","Strongly disagree","Agree","Strongly disagree","Strongly agree","Strongly disagree","Strongly agree","Strongly disagree","Supportive","No",0.03,0,0,0,10
"R_6PGik2OY9BivoBy","Saltwater","55 - 64","Male",NA,"33770","Pinellas",NA,"$75,001 - $100,000",150,"A few times","20 years or more","Excellent",1,1,0,0,0,0,NA,1,1,0,0,8,0,0,0,0,0,0,0,0,0,0,0,0,0,0,0,0,0,0,0,0,0,0,0,0,0,0,0,0,0,0,0,0,0,0,0,0,0,0,0,1,1,0,0,0,0,0,1,1,1,0,0,0,0,1,1,0,0,0,1,0,0,0,0,0,0,0,0,0,0,0,0,0,0,0,0,0,3,0,0,0,1,1,1,0,0,2,"Often","Sometimes","Sometimes","Sometimes","Sometimes","Rarely","Often","Never",NA,"Often","Often","Sometimes","Never","Sometimes","Sometimes","High","Medium","Deep","Complex","Sometimes","Never","Often","Never","Agree","Somewhat agree","Somewhat agree","Disagree","Agree","Somewhat agree","Agree","Somewhat agree","Agree","Disagree","Supportive","No",8.13,5.28,10,8.86,4.61
"R_6e4My1r7BZa5kBw","Saltwater","45 - 54","Male",NA,"33543","Pasco",NA,"$100,000 or more",100,"A few times","5 - 9 years","Good",2,1,1,0,0,0,NA,1,1,0,0,5,0,0,0,0,0,1,0,0,0,0,0,0,0,0,0,0,0,0,0,0,0,0,0,0,0,0,0,0,0,0,0,0,0,0,0,0,0,0,0,0,0,0,0,0,1,0,1,0,0,0,0,0,0,1,0,0,0,0,0,0,0,1,0,0,0,0,0,0,0,0,0,0,0,0,0,0,2,1,0,1,0,0,0,0,0,4,"Sometimes","Always","Always","Never","Often","Often","Never","Sometimes",NA,"Often","Never","Never","Rarely","Often","Sometimes",NA,NA,NA,NA,NA,NA,NA,NA,"Somewhat agree","Somewhat disagree","Somewhat agree","Somewhat disagree","Somewhat agree","Somewhat agree","Somewhat agree","Somewhat agree","Somewhat disagree","Somewhat agree","Supportive","No",7.96,7.43,4.13,2.06,0.9
"R_6Pn69HcXNKM4E3v","Saltwater","55 - 64","Male",NA,"33702","Pinellas",NA,"$100,000 or more",50,"About once a week","20 years or more","Good",1,1,0,0,0,0,NA,1,1,0,0,10,0,0,0,0,0,0,0,0,0,0,0,0,0,0,0,0,0,0,0,0,0,1,1,0,0,0,0,0,1,1,0,0,0,0,1,0,0,0,0,0,0,1,0,0,0,0,1,0,0,0,0,0,0,1,0,0,0,0,0,0,0,1,0,0,0,0,1,0,0,0,0,0,0,0,0,0,5,0,1,1,1,1,1,0,0,1,"Rarely","Sometimes","Sometimes","Always","Never","Never","Never","Never",NA,"Often","Sometimes","Never","Often","Often","Rarely",NA,NA,NA,NA,NA,NA,NA,NA,"Agree","Somewhat disagree","Agree","Somewhat disagree","Agree","Agree","Agree","Agree","Agree","Disagree","Supportive","No",0.94,10,0.95,0.94,10
"R_79n1QANSiODrd6r","Saltwater","55 - 64","Male",NA,"33510","Hillsborough",NA,"$25,001 - $50,000",10,"About once a month","20 years or more","Excellent",1,1,0,0,0,0,NA,3,1,1,1,28,1,0,0,0,1,1,0,0,0,0,0,1,1,1,0,1,1,1,0,0,0,0,0,1,0,0,0,0,0,0,0,0,0,0,0,0,0,0,0,1,1,1,0,0,1,0,1,1,0,0,1,1,0,1,1,0,1,1,0,0,1,1,0,1,0,1,0,1,0,0,0,0,1,0,0,0,5,0,1,1,1,1,1,0,0,0,"Sometimes","Sometimes","Sometimes","Rarely","Sometimes","Sometimes","Sometimes","Sometimes","Flounder,snapper, mackerel","Often","Sometimes","Sometimes","Sometimes","Always","Often","High","Large","Moderate","Moderate","Sometimes","Sometimes","Sometimes","Never","Agree","Disagree","Agree","Disagree","Agree","Strongly disagree","Agree","Strongly disagree","Strongly agree","Strongly disagree","Supportive","No",0.21,0.21,0.66,10,10
"R_5ojL8UyXY9vSOjt","Saltwater","45 - 54","Male",NA,"33572","Hillsborough",NA,"$75,001 - $100,000",100,"About once a week","1 - 4 years","Excellent",1,1,0,0,0,0,NA,1,0,1,0,11,0,0,0,0,0,0,0,0,0,0,0,0,0,0,0,0,0,0,0,0,0,0,0,0,0,0,0,0,0,0,0,0,0,0,0,0,0,0,0,0,0,0,0,0,0,0,1,0,0,0,1,0,0,1,1,1,0,1,0,0,1,1,1,0,0,1,1,0,0,0,0,0,0,0,0,0,1,0,0,0,0,1,0,0,0,3,"Sometimes","Often","Often","Never","Often","Sometimes","Sometimes","Sometimes",NA,"Often","Often","Sometimes","Often","Often","Often","High","Medium","Moderate","Complex","Sometimes","Rarely","Often","Never","Agree","Disagree","Agree","Disagree","Agree","Somewhat agree","Disagree","Somewhat agree","Somewhat agree","Agree","Supportive","No",1.36,4.75,4.99,4.87,0.63
"R_1rHqMu09tCr6dHX","Saltwater","35 - 44","Male",NA,"33609","Hillsborough",NA,"$100,000 or more",100,"About once a month","20 years or more","Good",1,1,0,0,0,0,NA,1,1,0,0,8,0,0,0,0,0,0,0,0,0,0,0,0,0,0,0,0,0,0,0,0,0,0,0,0,0,0,0,0,0,0,0,0,0,0,0,0,0,0,0,0,0,0,0,0,1,0,1,0,0,0,1,0,0,1,0,0,0,0,1,0,0,0,0,0,0,0,0,0,0,0,0,0,1,1,1,0,5,0,1,1,1,1,0,1,0,2,"Always","Sometimes","Often","Sometimes","Rarely","Sometimes","Sometimes","Sometimes",NA,"Often","Sometimes","Sometimes","Rarely","Always","Sometimes","Not sure","Small","Moderate","Simple","Not sure","Not sure","Not sure","Not sure","Somewhat agree","Disagree","Agree","Disagree","Agree","Somewhat disagree","Agree","Somewhat disagree","Somewhat agree","Somewhat disagree","Supportive","No",5.19,9.3,10,10,3.04
"R_7cwQtSo4VPeZeVw","Saltwater","55 - 64","Male",NA,"33702","Pinellas",NA,"$100,000 or more",50,"About once a month","10 - 19 years","Excellent",2,1,1,0,0,0,NA,1,1,0,0,10,0,0,0,0,0,0,0,0,0,0,0,0,0,0,0,0,0,0,0,0,0,1,1,0,0,0,0,0,0,1,0,0,0,0,0,0,0,0,0,0,0,0,1,0,0,0,0,1,1,1,0,0,0,0,1,1,0,0,0,0,1,0,0,0,0,0,0,0,0,0,0,0,0,0,0,0,2,0,0,0,1,1,0,0,0,3,"Always","Always","Always","Rarely","Never","Rarely","Sometimes","Never",NA,"Often","Often","Never","Never","Often","Sometimes",NA,NA,NA,NA,NA,NA,NA,NA,"Agree","Disagree","Agree","Disagree","Agree","Agree","Agree","Agree","Agree","Agree","Neutral","No",1.74,8.08,4.77,8.07,8.05
"R_7PYz92R04oXi8nY","Saltwater","55 - 64","Male",NA,"33618","Hillsborough",NA,"$100,000 or more",100,"A few times","20 years or more","Good",1,1,0,0,0,0,NA,1,1,0,0,15,0,1,0,0,0,1,0,0,0,0,0,0,0,1,0,0,0,0,1,1,0,0,1,0,0,0,0,0,0,1,0,0,0,0,1,0,0,0,0,1,1,1,0,0,0,0,1,1,0,0,0,0,0,1,1,0,0,0,0,0,0,0,0,0,0,0,0,0,0,0,0,0,0,0,0,0,1,0,0,0,0,1,0,0,0,3,"Often","Often","Often","Rarely","Rarely","Rarely","Rarely","Never",NA,"Often","Sometimes","Never","Often","Often","Often",NA,NA,NA,NA,NA,NA,NA,NA,"Agree","Disagree","Agree","Disagree","Agree","Disagree","Agree","Disagree","Agree","Disagree","Supportive","No",0.95,1.04,1.07,1.09,10
"R_6f0RLJU9OVY29g7","Saltwater","55 - 64","Male",NA,"33596","Hillsborough",NA,"$50,001 - $75,000",150,"About once a week","1 - 4 years","Excellent",2,1,1,0,0,0,NA,2,1,0,1,19,0,0,0,0,0,1,1,0,0,0,1,1,0,0,0,0,1,1,0,0,0,0,0,0,0,1,1,1,0,0,0,0,1,1,0,0,0,0,1,0,0,1,1,0,1,0,0,0,1,1,0,0,0,0,0,1,1,0,0,0,0,0,0,0,0,0,0,0,0,0,0,0,0,0,0,0,1,0,0,0,0,0,0,1,0,2,"Rarely","Rarely","Rarely","Sometimes","Often","Often","Sometimes","Rarely",NA,"Often","Often","Often","Sometimes","Often","Often","Moderate","Medium","Shallow","Not sure","Sometimes","Not sure","Sometimes","Not sure","Agree","Disagree","Agree","Disagree","Agree","Somewhat agree","Somewhat agree","Somewhat agree","Somewhat agree","Somewhat agree","Supportive","No",1.09,8.34,7.87,5.43,2.29
"R_772pieRvKq5MMxY","Saltwater","55 - 64","Male",NA,"34208","Manatee",NA,NA,150,"About once a week","5 - 9 years","Excellent",2,1,1,0,0,0,NA,1,1,0,0,10,0,0,0,0,0,0,0,0,0,0,0,0,0,0,0,0,0,0,0,0,0,0,0,0,0,0,0,0,0,0,0,0,0,0,0,0,0,0,0,0,0,0,0,0,0,0,0,0,0,0,0,0,0,0,1,1,0,0,1,0,1,0,0,1,0,1,1,0,1,1,1,0,0,0,0,0,0,0,0,0,0,0,0,0,0,4,"Sometimes","Often","Often","Sometimes","Never","Often","Always","Never",NA,"Often","Often","Always","Sometimes","Sometimes","Sometimes","Not sure","Not sure","Deep","Complex","Often","Sometimes","Often","Not sure","Strongly agree","Disagree","Strongly agree","Strongly disagree","Strongly agree","Agree","Somewhat agree","Somewhat agree","Somewhat agree","Somewhat agree","Supportive","No",3.06,5.17,5.09,6.86,5.19
"R_7DCWYi4qDd3UJX3","Saltwater","55 - 64","Male",NA,"33565","Hillsborough",NA,"$75,001 - $100,000",75,"About once a month","20 years or more","Good",2,1,1,0,0,0,NA,1,1,0,0,7,0,0,0,0,0,0,0,0,0,0,0,0,0,0,0,0,0,0,0,0,0,0,0,0,0,0,0,0,0,0,0,0,0,0,1,0,0,0,0,0,0,1,0,0,1,0,0,0,0,0,1,0,0,0,1,1,1,0,0,0,0,0,0,0,0,0,0,0,0,0,0,0,0,0,0,0,2,0,1,1,0,0,0,0,0,1,"Rarely","Often","Sometimes","Never","Rarely","Sometimes","Never","Sometimes",NA,"Often","Sometimes","Rarely","Rarely","Sometimes","Rarely","High","Medium","Moderate","Moderate","Sometimes","Never","Sometimes","Rarely","Agree","Strongly disagree","Somewhat agree","Disagree","Agree","Somewhat agree","Agree","Somewhat agree","Agree","Somewhat disagree","Supportive","No",0.34,4.01,8.56,10,4.05
"R_3ZBbrQDQrzndnZ7","Saltwater","55 - 64","Male",NA,"33704","Pinellas",NA,"$100,000 or more",100,"About once a week","20 years or more","Excellent",3,1,1,0,0,1,"Teach my children about the water and how to fish.",1,1,0,0,11,0,0,0,0,0,0,0,0,0,0,0,0,0,0,0,0,0,0,0,0,0,0,0,0,0,0,0,0,0,0,1,0,0,0,0,0,1,0,0,0,1,1,0,0,0,0,1,1,1,0,0,0,0,0,0,0,0,0,0,0,1,1,0,0,0,1,0,1,0,0,0,0,0,0,0,0,2,0,0,0,0,1,0,0,1,5,"Rarely","Often","Never","Often","Often","Often","Sometimes","Often","mackerel","Often","Often","Rarely","Rarely","Often","Sometimes","Moderate","Medium","Moderate","Complex","Rarely","Never","Often","Sometimes","Somewhat agree","Somewhat disagree","Agree","Somewhat disagree","Somewhat agree","Somewhat agree","Agree","Somewhat agree","Somewhat agree","Disagree","Neutral","No",10,4.49,2.41,0,0
"R_75XSu7f4BXN3fVs","Saltwater","45 - 54","Male",NA,"33604","Hillsborough",NA,"$50,001 - $75,000",75,"About once a month","20 years or more","Good",2,1,1,0,0,0,NA,1,0,1,0,7,0,0,0,0,0,0,0,0,0,0,0,0,0,0,0,0,0,0,0,0,0,0,0,0,0,0,1,0,0,0,0,0,0,1,0,0,0,0,0,0,0,0,0,0,0,0,1,0,0,0,0,0,0,1,1,0,0,0,0,0,0,0,0,0,0,0,0,0,0,1,1,0,0,0,0,0,1,1,0,0,0,0,0,0,0,4,"Rarely","Often","Often","Never","Often","Often","Never","Never",NA,"Often","Never","Never","Rarely","Sometimes","Sometimes",NA,NA,NA,NA,NA,NA,NA,NA,"Agree","Disagree","Disagree","Disagree","Agree","Somewhat agree","Somewhat agree","Agree","Somewhat disagree","Agree","Supportive","No",0.01,3.03,4.07,6.21,8.18
"R_6kG6SCmRLqfMl8N","Saltwater","45 - 54","Female",NA,"34232","Sarasota",NA,"$50,001 - $75,000",100,"A few times","10 - 19 years","Good",2,1,1,0,0,0,NA,1,1,0,0,15,0,0,0,0,0,0,0,0,0,0,0,0,0,0,0,0,0,0,0,0,0,0,0,0,0,0,0,0,0,0,0,0,0,0,0,0,0,0,0,0,1,0,0,0,0,0,0,1,0,0,0,0,0,0,1,1,1,0,1,1,1,1,0,1,1,1,1,1,1,0,0,0,0,0,0,0,6,0,1,1,1,1,1,1,0,5,"Often","Often","Often","Rarely","Often","Often","Sometimes","Never",NA,"Often","Often","Often","Rarely","Often","Often","Moderate","Medium","Deep","Moderate","Often","Sometimes","Sometimes","Never","Agree","Somewhat disagree","Agree","Somewhat disagree","Strongly agree","Strongly disagree","Strongly agree","Strongly disagree","Strongly agree","Strongly disagree","Supportive","No",0,0,0,10,10
"R_1YbulEDTOawe2Oe","Saltwater","65 or older","Male",NA,"44212",NA,NA,"$100,000 or more",300,"About once a week","1 - 4 years","Fair",1,1,0,0,0,0,NA,1,0,0,1,2,0,0,0,0,0,0,0,0,0,0,0,0,0,0,0,0,0,0,0,0,0,0,0,0,0,0,0,0,0,0,0,0,0,0,0,0,0,0,0,1,1,0,0,0,0,0,0,0,0,0,0,0,0,0,0,0,0,0,0,0,0,0,0,0,0,0,0,0,0,0,0,0,0,0,0,0,0,0,0,0,0,0,0,0,0,2,"Sometimes","Sometimes","Sometimes","Never","Always","Always","Sometimes","Never",NA,"Rarely","Never","Never","Never","Always","Often",NA,NA,NA,NA,NA,NA,NA,NA,"Somewhat disagree","Somewhat agree","Somewhat agree","Somewhat agree","Somewhat agree","Somewhat agree","Agree","Somewhat disagree","Agree","Somewhat agree","Neutral","No",7.4,4.99,8.11,10,9.96
"R_7DP0Kg8mAl1GOct","Saltwater","55 - 64","Male",NA,"33570","Hillsborough",NA,"$25,001 - $50,000",10,"About once a week","5 - 9 years","Good",1,1,0,0,0,0,NA,1,1,0,0,16,0,0,0,0,0,0,0,0,0,0,0,0,0,0,0,0,0,0,0,0,1,0,0,0,0,0,1,0,0,0,0,0,1,1,0,0,0,0,1,0,0,0,0,0,1,1,0,0,0,0,1,1,0,0,0,0,0,1,0,0,0,1,1,0,0,0,1,0,0,1,1,1,0,0,0,0,4,0,0,1,1,1,1,0,0,3,"Always","Often","Always","Sometimes","Rarely","Rarely","Rarely","Never",NA,"Often","Often","Rarely","Often","Often","Rarely","Low","Small","Moderate","Moderate","Sometimes","Rarely","Often","Never","Strongly disagree","Somewhat agree","Agree","Somewhat disagree","Somewhat agree","Agree","Agree","Somewhat disagree","Somewhat agree","Somewhat agree","Supportive","No",5.1,10,10,4.74,4.95
"R_7KSHS4FCQY2kyCV","Saltwater","55 - 64","Male",NA,"34209","Manatee",NA,"$25,000 or less",400,"About once a week","1 - 4 years","Excellent",3,1,1,0,1,0,NA,2,1,1,0,9,0,0,0,0,0,0,0,0,0,0,0,0,0,0,0,0,0,0,0,0,0,0,0,0,0,0,0,0,0,0,0,0,0,0,0,0,0,0,0,0,0,0,0,0,0,0,0,0,0,0,0,0,0,0,0,0,1,0,1,0,1,0,0,1,0,1,1,1,1,1,0,0,0,0,0,0,2,0,0,0,0,1,1,0,0,4,"Often","Often","Often","Rarely","Often","Sometimes","Sometimes","Never",NA,"Always","Sometimes","Sometimes","Always","Always","Often","Moderate","Medium","Shallow","Moderate","Sometimes","Sometimes","Often","Not sure","Strongly agree","Disagree","Strongly agree","Disagree","Strongly agree","Agree","Somewhat disagree","Agree","Disagree","Somewhat agree","Supportive","No",3.94,10,4.94,5,4.94
"R_7dz3wv1aBZPIjqv","Saltwater","55 - 64","Male",NA,"33570","Hillsborough",NA,"$100,000 or more",30,"About once a week","1 - 4 years","Excellent",1,1,0,0,0,0,NA,1,1,0,0,2,0,0,0,0,0,0,0,0,0,0,0,0,0,0,0,0,0,0,0,0,0,0,0,0,0,0,0,0,0,0,0,0,0,0,0,0,0,0,0,0,0,0,0,0,0,1,0,0,0,0,0,0,1,0,0,0,0,0,0,0,0,0,0,0,0,0,0,0,0,0,0,0,0,0,0,0,0,0,0,0,0,0,0,0,0,3,"Often","Often","Often","Rarely","Rarely","Rarely","Rarely","Never",NA,"Sometimes","Rarely","Rarely","Often","Often","Often","Not sure","Medium","Shallow","Complex","Rarely","Not sure","Not sure","Not sure","Agree","Disagree","Agree","Disagree","Somewhat agree","Agree","Agree","Agree","Somewhat agree","Disagree","Supportive","No",8.72,3.73,3.28,9.54,9.68
"R_3j3P3Hb32fepPiN","Saltwater","65 or older","Male",NA,"34208","Manatee",NA,"$100,000 or more",100,"About once a month","10 - 19 years","Good",1,1,0,0,0,0,NA,1,1,0,0,7,0,0,0,0,0,0,0,0,0,0,0,0,0,0,0,0,0,0,0,0,0,0,0,0,0,0,0,0,0,0,0,0,0,0,0,0,0,0,0,0,0,0,0,0,0,0,0,0,0,0,0,0,0,0,1,1,0,0,1,0,1,0,0,0,0,0,0,0,1,1,1,0,0,0,0,0,4,1,1,0,1,1,0,0,0,5,"Often","Often","Often","Sometimes","Never","Often","Often","Never",NA,"Often","Rarely","Sometimes","Often","Often","Often","Moderate","Medium","Moderate","Not sure","Not sure","Sometimes","Not sure","Not sure","Strongly agree","Strongly disagree","Strongly agree","Strongly disagree","Strongly agree","Somewhat disagree","Somewhat agree","Agree","Somewhat disagree","Somewhat agree","Supportive","No",5,7.11,2.96,3.03,3.14
"R_3uUSgBlFNClHtrg","Saltwater","35 - 44","Male",NA,"33572","Hillsborough",NA,"$100,000 or more",50,"About once a month","10 - 19 years","Excellent",2,1,1,0,0,0,NA,3,1,1,1,15,0,0,0,0,0,0,0,0,0,0,0,0,0,0,0,0,0,0,0,0,0,0,0,0,0,1,1,0,0,0,0,0,1,1,0,0,0,1,1,1,1,0,0,0,1,1,1,1,0,0,0,0,0,1,1,0,0,0,0,0,0,1,0,0,0,0,0,0,0,0,0,0,0,0,0,0,2,0,0,0,1,0,0,1,0,3,"Sometimes","Always","Always","Rarely","Sometimes","Sometimes","Rarely","Often","Shark","Often","Rarely","Rarely","Often","Often","Sometimes","Not sure","Not sure","Not sure","Not sure","Not sure","Not sure","Not sure","Not sure","Somewhat agree","Somewhat disagree","Agree","Somewhat disagree","Agree","Somewhat agree","Somewhat agree","Somewhat agree","Somewhat agree","Somewhat agree","Neutral","No",9.06,5.02,5.03,5.14,5.22
"R_6obzxUpolwmboJ3","Saltwater","55 - 64","Male",NA,"34684","Pinellas",NA,"$100,000 or more",30,"About once a month","10 - 19 years","Good",2,1,1,0,0,0,NA,1,1,0,0,14,1,1,0,0,0,0,0,0,0,0,0,0,0,0,0,0,0,0,0,0,0,1,1,0,0,0,0,0,1,1,0,0,0,0,1,0,0,0,0,1,1,1,0,0,0,0,1,1,0,0,0,0,0,1,1,0,0,0,0,0,0,0,0,0,0,0,0,0,0,0,0,0,0,0,0,0,5,1,1,1,1,1,0,0,0,4,"Often","Often","Often","Sometimes","Sometimes","Sometimes","Rarely","Often","pompano","Often","Sometimes","Rarely","Often","Often","Often","Not sure","Not sure","Not sure","Not sure","Not sure","Sometimes","Sometimes","Not sure","Agree","Disagree","Agree","Disagree","Agree","Somewhat disagree","Agree","Somewhat disagree","Agree","Disagree","Supportive","Yes",0.01,10,10,10,10
"R_61Hqxb22Oa0Ih5f","Saltwater","55 - 64","Male",NA,"34221","Manatee",NA,"$100,000 or more",200,"About once a week","20 years or more","Excellent",2,1,1,0,0,0,NA,1,1,0,0,17,0,0,0,0,0,0,0,0,0,0,0,0,0,0,0,0,0,0,0,0,0,0,0,0,0,0,0,0,0,0,0,0,0,0,0,0,0,0,0,0,0,0,0,0,0,0,0,0,0,0,0,0,0,1,1,1,1,0,1,1,1,1,0,1,1,1,1,1,1,1,1,1,0,0,0,0,3,0,0,1,1,1,0,0,0,5,"Always","Often","Always","Rarely","Never","Often","Often","Sometimes",NA,"Often","Sometimes","Sometimes","Sometimes","Often","Sometimes","Moderate","Medium","Moderate","Moderate","Often","Often","Often","Rarely","Strongly agree","Disagree","Strongly agree","Disagree","Strongly agree","Somewhat agree","Somewhat agree","Agree","Somewhat agree","Somewhat agree","Supportive","No",0.86,0.86,0.87,10,10
"R_5KkkAUseXJrImfV","Saltwater","55 - 64","Male",NA,"34243","Manatee",NA,"$100,000 or more",100,"About once a month","20 years or more","Excellent",1,0,1,0,0,0,NA,3,1,1,1,19,0,0,0,0,0,0,0,0,0,0,0,0,0,0,0,0,0,0,0,0,0,0,0,0,0,0,0,0,0,0,0,0,0,0,0,0,0,0,0,0,0,0,0,1,0,0,0,0,0,1,1,0,0,0,1,1,1,1,0,1,1,1,0,1,1,1,1,1,1,1,1,1,0,0,0,0,2,0,0,0,0,0,0,1,1,6,"Sometimes","Often","Often","Rarely","Often","Often","Often","Often",NA,"Often","Often","Often","Often","Often","Often","Not sure","Large","Not sure","Not sure","Often","Often","Often","Often","Agree","Disagree","Agree","Disagree","Agree","Agree","Disagree","Agree","Disagree","Agree","Neutral","No",2.94,6.62,7.84,0.28,0.87
"R_3jfIHqNKRCACtPb","Saltwater","55 - 64","Male",NA,"33596","Hillsborough",NA,"$100,000 or more",NA,"About once a week","20 years or more","Excellent",1,1,0,0,0,0,NA,1,0,1,0,10,0,0,0,0,0,0,0,0,0,0,0,0,0,0,0,0,0,0,0,0,0,0,0,0,0,0,0,0,0,0,0,0,0,0,0,0,0,0,0,0,0,0,0,0,1,1,0,0,0,0,1,1,1,0,0,0,0,1,0,0,0,1,1,0,0,1,1,0,0,0,0,0,0,0,0,0,2,0,0,0,0,1,1,0,0,4,"Always","Always","Always","Often","Sometimes","Never","Never","Sometimes",NA,"Always","Sometimes","Never","Always","Always","Sometimes",NA,NA,NA,NA,NA,NA,NA,NA,"Somewhat agree","Agree","Agree","Somewhat agree","Somewhat agree","Strongly disagree","Strongly agree","Strongly disagree","Strongly agree","Somewhat agree","Neutral","Yes",1.11,1.54,1.85,9.38,8.93
"R_1OxXFZNm71C1QcA","Saltwater","55 - 64","Male",NA,"33708","Pinellas",NA,"$100,000 or more",350,"A few times","20 years or more","Good",1,0,1,0,0,0,NA,1,1,0,0,10,0,0,0,0,0,0,0,0,0,0,0,0,0,0,0,0,0,0,0,0,0,0,0,0,0,0,0,0,0,0,0,0,0,0,0,0,0,0,0,1,0,0,0,0,0,0,1,0,0,0,0,0,0,1,1,0,0,0,1,0,0,1,0,1,0,0,0,0,0,0,0,0,1,1,1,0,6,0,1,1,1,0,1,1,1,4,"Rarely","Sometimes","Sometimes","Never","Often","Often","Often","Often","macks","Sometimes","Often","Often","Often","Often","Often","Not sure","Not sure","Deep","Not sure","Sometimes","Sometimes","Sometimes","Not sure","Agree","Somewhat disagree","Strongly agree","Somewhat agree","Strongly agree","Somewhat disagree","Strongly agree","Strongly disagree","Strongly agree","Somewhat disagree","Opposed","No",0.39,0.59,1.13,9.15,10
"R_1pp6xyLLJDNkDnj","Saltwater","35 - 44","Male",NA,"33705","Pinellas",NA,"$100,000 or more",50,"About once a week","10 - 19 years","Excellent",1,1,0,0,0,0,NA,1,1,0,0,13,0,0,0,0,0,0,0,0,0,0,0,0,0,0,0,0,0,0,0,0,0,0,0,0,0,0,0,0,0,0,0,0,0,0,1,1,0,0,0,0,1,1,1,0,0,0,0,1,1,1,0,0,0,0,1,1,1,0,0,0,1,1,0,0,0,0,0,0,0,0,0,0,0,0,0,0,5,0,1,1,1,1,1,0,0,4,"Often","Often","Often","Sometimes","Sometimes","Often","Sometimes","Rarely",NA,"Often","Sometimes","Sometimes","Sometimes","Often","Often","Not sure","Not sure","Not sure","Not sure","Not sure","Not sure","Not sure","Not sure","Agree","Disagree","Somewhat agree","Disagree","Somewhat agree","Somewhat disagree","Strongly agree","Somewhat disagree","Agree","Strongly disagree","Supportive","No",9.17,7.13,7.2,1.54,0.55
"R_1rvjrXrG9ECqHXv","Saltwater","18 - 24","Male",NA,"33712","Pinellas",NA,"$50,001 - $75,000",400,"A few times","20 years or more","Excellent",2,1,1,0,0,0,NA,1,1,0,0,10,0,0,0,0,0,0,0,0,0,0,0,0,0,0,0,0,0,0,0,0,0,0,0,0,0,0,0,0,1,1,0,0,0,0,1,0,0,0,0,1,1,1,0,0,0,0,1,1,0,0,0,0,0,1,1,0,0,0,0,0,0,0,0,0,0,0,0,0,0,0,0,0,0,0,0,0,7,0,1,1,1,1,1,1,1,7,"Often","Often","Often","Often","Often","Often","Often","Sometimes",NA,"Always","Always","Never","Never","Always","Sometimes",NA,NA,NA,NA,NA,NA,NA,NA,"Agree","Somewhat disagree","Somewhat agree","Agree","Agree","Somewhat disagree","Agree","Somewhat disagree","Agree","Somewhat disagree","Opposed","No",5.04,4.73,2.89,2.96,2.94
"R_1OZdKudtRRL6WCi","Saltwater","45 - 54","Female",NA,"34683","Pinellas",NA,NA,90,"About once a month","20 years or more","Good",2,1,1,0,0,0,NA,1,1,0,0,15,0,0,0,1,1,1,0,0,0,0,1,1,0,0,0,0,1,1,0,0,0,0,1,1,0,0,0,0,0,1,1,0,0,0,0,1,1,0,0,0,0,0,1,1,0,0,0,0,0,0,0,0,0,0,0,0,0,0,0,0,0,0,0,0,0,0,0,0,0,0,0,0,0,0,0,0,6,1,1,1,1,0,1,0,1,1,"Sometimes","Rarely","Sometimes","Rarely","Sometimes","Sometimes","Sometimes","Often","whatever white/light fish in season","Sometimes","Often","Often","Rarely","Often","Often","Moderate","Medium","Deep","Complex","Often","Often","Rarely","Rarely","Agree","Disagree","Somewhat agree","Disagree","Agree","Somewhat agree","Strongly agree","Somewhat agree","Agree","Somewhat disagree","Supportive","No",0.27,0.86,0.93,9.97,10
"R_3hJV0ypH9I9TrXf","Saltwater","55 - 64","Male",NA,"33584","Hillsborough",NA,"$100,000 or more",100,"About once a month","20 years or more","Good",2,1,1,0,0,0,NA,1,1,0,0,16,0,0,0,0,0,0,0,0,0,0,0,0,0,0,0,0,0,0,0,0,0,0,0,0,0,0,0,0,0,0,0,0,0,0,0,0,0,0,0,1,1,1,0,0,0,0,1,1,1,0,0,0,0,1,1,1,1,1,1,1,1,1,1,0,0,0,0,0,0,0,0,0,0,0,0,0,2,0,0,0,1,1,0,0,0,2,"Sometimes","Always","Always","Never","Rarely","Sometimes","Sometimes","Sometimes","mackeral","Always","Sometimes","Sometimes","Sometimes","Often","Often","Not sure","Medium","Deep","Moderate","Rarely","Sometimes","Often","Sometimes","Somewhat agree","Disagree","Somewhat agree","Disagree","Agree","Agree","Disagree","Agree","Disagree","Agree","Supportive","No",3,8.28,3.01,0.78,0.78
"R_5pWjCfvUGZjVRgP","Saltwater","35 - 44","Male",NA,"34210","Manatee",NA,"$50,001 - $75,000",100,"Many times a week","5 - 9 years","Excellent",1,0,1,0,0,0,NA,1,1,0,0,9,0,0,0,0,0,0,0,0,0,0,0,0,0,0,0,0,0,0,0,0,0,0,0,0,0,0,0,0,0,0,0,0,0,0,0,0,0,0,0,0,0,0,1,1,0,0,1,1,0,0,0,0,0,1,1,1,0,0,1,0,1,0,0,0,0,0,0,0,0,0,0,0,0,0,0,0,7,1,1,1,1,1,1,1,0,3,"Rarely","Never","Never","Never","Never","Often","Often","Often","Bonito","Rarely","Often","Often","Never","Rarely","Sometimes","Low","Small","Moderate","Simple","Sometimes","Sometimes","Not sure","Not sure","Agree","Disagree","Agree","Disagree","Agree","Disagree","Agree","Strongly disagree","Strongly agree","Strongly disagree","Supportive","No",1.06,10,1.03,10,10
"R_3P8BePK8ED6IkJX","Saltwater","55 - 64","Male",NA,"33629","Hillsborough",NA,"$100,000 or more",250,"A few times","20 years or more","Excellent",1,1,0,0,0,0,NA,2,1,1,0,26,0,0,1,1,0,1,1,1,1,0,0,1,0,0,0,1,0,1,1,0,0,0,1,1,1,0,1,0,0,1,0,1,0,1,1,0,0,0,1,0,0,1,0,0,1,0,0,0,0,0,1,1,0,0,0,0,0,1,0,0,0,1,1,0,0,0,0,0,0,0,0,0,0,0,0,0,0,0,0,0,0,0,0,0,0,6,"Often","Often","Often","Often","Sometimes","Often","Often","Rarely",NA,"Often","Often","Sometimes","Often","Often","Sometimes","High","Large","Shallow","Moderate","Sometimes","Rarely","Often","Never","Strongly agree","Strongly disagree","Strongly disagree","Strongly disagree","Strongly agree","Strongly disagree","Strongly agree","Strongly disagree","Strongly agree","Strongly disagree","Supportive","No",0,0,0,10,10
"R_3cAe1oGB9elb9WN","Saltwater","45 - 54","Male",NA,"33710","Pinellas",NA,"$100,000 or more",200,"A few times","10 - 19 years","Good",2,1,1,0,0,0,NA,2,0,1,1,17,0,0,0,0,0,0,0,0,0,0,0,1,0,0,0,1,1,0,0,0,0,0,0,0,0,0,0,0,0,0,0,0,0,0,0,0,0,0,0,1,1,1,0,0,0,0,1,1,0,0,0,0,0,1,0,0,0,0,0,0,0,1,0,0,0,1,1,1,0,0,0,0,1,1,1,1,4,1,1,0,0,1,1,0,0,2,"Sometimes","Sometimes","Rarely","Rarely","Rarely","Often","Sometimes","Often","Anything","Sometimes","Sometimes","Often","Never","Sometimes","Often","Moderate","Small","Shallow","Moderate","Often","Rarely","Often","Never","Agree","Strongly disagree","Strongly agree","Strongly disagree","Strongly agree","Strongly disagree","Somewhat disagree","Somewhat disagree","Somewhat agree","Somewhat disagree","Supportive","No",5.01,5.39,5.82,6.61,6.75
"R_5HYBdjAsHQWvBNw","Saltwater","55 - 64","Male",NA,"33703","Pinellas",NA,"$75,001 - $100,000",200,"About once a month","20 years or more","Excellent",1,1,0,0,0,0,NA,1,1,0,0,23,0,0,0,0,0,0,0,0,0,0,0,0,0,0,0,1,1,0,0,0,0,1,1,0,0,0,0,0,1,1,1,1,0,0,1,1,1,1,0,0,0,1,1,1,1,0,0,0,1,1,1,0,0,0,0,1,1,0,0,0,1,1,0,0,0,0,0,0,0,0,0,0,0,0,0,0,7,1,1,1,1,1,1,0,1,4,"Often","Often","Sometimes","Sometimes","Never","Often","Often","Never",NA,"Often","Often","Often","Often","Often","Often","Moderate","Medium","Moderate","Moderate","Often","Rarely","Often","Not sure","Agree","Somewhat disagree","Somewhat agree","Disagree","Agree","Somewhat disagree","Strongly agree","Disagree","Agree","Strongly disagree","Supportive","No",0.11,0.1,0.04,10,10
"R_35L3ZkA4rFaBg34","Saltwater","55 - 64","Male",NA,"34221","Manatee",NA,"$75,001 - $100,000",200,"About once a month","1 - 4 years","Excellent",1,0,1,0,0,0,NA,1,1,0,0,29,0,0,0,0,0,0,0,0,0,0,0,0,0,0,0,0,0,0,0,0,0,0,0,0,0,0,0,0,0,0,1,1,0,0,0,1,1,1,0,0,0,1,1,1,1,0,1,1,1,1,1,0,0,1,1,1,1,0,1,1,1,1,0,1,1,1,1,0,1,1,1,0,0,0,0,0,4,0,0,0,1,1,0,1,1,3,"Sometimes","Often","Sometimes","Rarely","Rarely","Often","Often","Sometimes","flounder","Sometimes","Often","Often","Sometimes","Sometimes","Often","Low","Medium","Moderate","Moderate","Often","Not sure","Not sure","Not sure","Agree","Somewhat disagree","Somewhat agree","Somewhat disagree","Agree","Somewhat disagree","Agree","Somewhat disagree","Somewhat disagree","Somewhat disagree","Supportive","No",0.89,10,9.06,10,8.27
"R_12G4dCvbsT9v8mg","Saltwater","45 - 54","Male",NA,"33611","Hillsborough",NA,"$75,001 - $100,000",100,"About once a month","20 years or more","Good",2,1,1,0,0,0,NA,3,1,1,1,28,0,0,0,0,0,0,0,0,0,1,1,1,1,1,0,1,1,1,1,1,1,0,1,1,1,1,1,0,0,1,1,1,0,1,0,0,0,0,0,1,1,0,0,0,0,0,1,1,0,0,0,0,0,1,1,0,0,0,0,0,1,0,0,0,0,0,0,0,1,0,0,0,0,0,0,0,6,1,1,1,0,1,1,1,0,3,"Always","Always","Always","Sometimes","Sometimes","Sometimes","Rarely","Sometimes","tripletail","Always","Sometimes","Often","Rarely","Always","Often","Moderate","Small","Shallow","Complex","Often","Not sure","Often","Not sure","Agree","Disagree","Agree","Disagree","Somewhat agree","Somewhat agree","Agree","Somewhat disagree","Somewhat agree","Somewhat disagree","Supportive","No",0.94,5.93,2.14,1.82,8.41
"R_350wxcLiZBRLBPH","Saltwater","55 - 64","Male",NA,"34239","Sarasota",NA,"$50,001 - $75,000",50,"A few times","20 years or more","Excellent",2,1,1,0,0,0,NA,1,1,0,0,5,0,0,0,0,0,0,0,0,0,0,0,0,0,0,0,0,0,0,0,0,0,0,0,0,0,0,0,0,0,0,0,0,0,0,0,0,0,0,0,0,0,0,0,0,0,0,0,0,0,0,0,0,0,0,0,0,0,0,0,0,0,0,0,1,1,1,0,1,1,0,0,0,0,0,0,0,7,1,1,0,1,1,1,1,1,3,"Often","Often","Often","Rarely","Rarely","Sometimes","Sometimes","Sometimes",NA,"Often","Rarely","Sometimes","Sometimes","Often","Often","Moderate","Medium","Deep","Complex","Sometimes","Sometimes","Sometimes","Not sure","Agree","Somewhat disagree","Agree","Somewhat disagree","Agree","Somewhat agree","Strongly agree","Somewhat agree","Agree","Disagree","Supportive","No",2.48,6.46,6.43,8.12,8.22
"R_7RqM55BIOiJsqAO","Saltwater","35 - 44","Male",NA,"33615","Hillsborough",NA,"$100,000 or more",100,"About once a month","10 - 19 years","Excellent",1,1,0,0,0,0,NA,1,1,0,0,23,1,1,1,1,1,1,1,1,1,1,1,1,0,0,0,1,1,1,0,0,1,1,1,1,0,0,1,0,1,1,0,0,0,1,0,0,0,0,0,0,0,0,0,0,0,0,0,0,0,0,0,0,0,0,0,0,0,0,0,0,0,0,0,0,0,0,0,0,0,0,0,0,0,0,0,0,0,0,0,0,0,0,0,0,0,3,"Often","Sometimes","Always","Often","Sometimes","Rarely","Rarely","Never",NA,"Often","Rarely","Often","Often","Often","Often","Not sure","Not sure","Not sure","Not sure","Not sure","Not sure","Not sure","Not sure","Somewhat agree","Disagree","Somewhat agree","Disagree","Somewhat agree","Somewhat disagree","Somewhat disagree","Somewhat agree","Somewhat disagree","Somewhat disagree","Supportive","No",6.08,6.58,5.17,1.34,0.62
"R_1HNAPWHw5hsJNIq","Saltwater","55 - 64","Male",NA,"34221","Manatee",NA,"$100,000 or more",300,"Many times a week","1 - 4 years","Excellent",2,1,1,0,0,0,NA,3,1,1,1,19,0,0,0,0,0,0,0,0,0,0,0,0,0,0,0,0,0,0,0,0,0,0,0,0,0,0,0,0,0,0,0,0,0,0,0,0,0,0,0,1,1,0,0,0,0,0,1,1,1,1,0,0,0,1,1,1,1,0,1,1,1,1,0,1,1,1,1,0,0,0,0,0,0,0,0,1,8,1,1,1,1,1,1,1,1,3,"Sometimes","Often","Often","Rarely","Rarely","Sometimes","Often","Sometimes","Mackerel","Often","Often","Often","Sometimes","Often","Often","High","Large","Moderate","Complex","Sometimes","Sometimes","Sometimes","Not sure","Strongly agree","Strongly disagree","Strongly agree","Strongly disagree","Strongly agree","Somewhat agree","Somewhat agree","Somewhat agree","Somewhat disagree","Somewhat agree","Supportive","No",0.87,10,0.8,1.03,1
"R_134dycFVhcZrEg4","Saltwater","55 - 64","Male",NA,"34202","Manatee",NA,"$100,000 or more",160,"A few times","20 years or more","Excellent",1,1,0,0,0,0,NA,1,1,0,0,4,0,0,0,0,0,0,0,0,0,0,0,0,0,0,0,0,0,0,0,0,0,0,0,0,0,0,0,0,0,0,0,0,0,0,0,0,0,0,0,0,0,0,0,0,0,0,0,0,0,0,0,0,0,0,1,0,0,0,1,0,1,0,0,1,0,0,0,0,0,0,0,0,0,0,0,0,5,1,0,0,1,1,1,0,1,3,"Never","Sometimes","Sometimes","Sometimes","Often","Often","Always","Never",NA,"Often","Often","Often","Never","Often","Never","Moderate","Large","Deep","Complex","Often","Often","Often","Never","Strongly agree","Disagree","Strongly agree","Strongly disagree","Strongly agree","Strongly disagree","Strongly agree","Somewhat agree","Agree","Strongly disagree","Supportive","No",1.88,6.05,9.8,6.67,7
"R_5TtxVBDXPPW87l8","Saltwater","55 - 64","Male",NA,"33570","Hillsborough",NA,"$100,000 or more",150,"About once a month","20 years or more","Good",1,1,0,0,0,0,NA,1,1,0,0,18,0,0,0,0,0,0,0,0,0,0,0,0,0,0,0,0,0,0,0,1,0,0,0,0,0,1,0,0,0,0,1,1,1,0,0,0,1,1,1,0,0,0,1,1,1,1,0,0,1,1,1,0,0,0,0,1,1,0,0,0,0,1,0,0,0,0,0,0,0,0,0,0,0,0,0,0,1,0,0,0,0,1,0,0,0,4,"Often","Often","Often","Never","Rarely","Often","Sometimes","Sometimes",NA,"Sometimes","Often","Often","Sometimes","Sometimes","Rarely","Moderate","Medium","Deep","Complex","Not sure","Not sure","Sometimes","Not sure","Agree","Disagree","Agree","Disagree","Somewhat disagree","Somewhat agree","Somewhat agree","Somewhat agree","Somewhat disagree","Somewhat disagree","Supportive","No",0.1,3.03,0.58,0.46,0.38
"R_3Lp7SrKl9SnIaRO","Saltwater","45 - 54","Male",NA,"33578","Hillsborough",NA,"$25,001 - $50,000",300,"About once a month","20 years or more","Excellent",1,0,1,0,0,0,NA,1,1,0,0,10,0,0,0,0,0,0,0,0,0,0,0,0,0,0,0,0,0,0,0,0,0,0,0,1,0,0,0,0,0,0,1,1,1,0,0,0,1,0,0,0,0,0,1,1,0,0,0,0,0,1,0,0,0,0,1,1,0,0,0,0,0,0,0,0,0,0,0,0,0,0,0,0,0,0,0,0,5,0,1,1,1,0,0,1,1,1,"Never","Never","Rarely","Never","Sometimes","Often","Sometimes","Never",NA,"Rarely","Often","Often","Rarely","Rarely","Often","High","Large","Deep","Complex","Sometimes","Rarely","Often","Never","Strongly disagree","Disagree","Agree","Strongly disagree","Agree","Strongly disagree","Strongly agree","Strongly disagree","Strongly agree","Strongly disagree","Supportive","No",0.29,0.47,0.13,10,10
"R_6OW2iniT20V55KI","Saltwater","45 - 54","Male",NA,"34208","Manatee",NA,"$100,000 or more",500,"About once a month","20 years or more","Good",1,1,0,0,0,0,NA,1,1,0,0,53,0,0,0,1,1,0,0,0,1,1,1,1,0,0,1,0,1,1,0,1,1,0,1,1,0,1,1,1,0,1,1,1,1,1,0,1,1,1,1,0,0,1,1,1,1,1,1,1,1,1,1,1,0,1,1,1,1,1,1,1,1,1,1,1,1,1,1,1,1,1,0,0,0,0,0,0,7,1,1,1,1,0,1,1,1,5,"Often","Often","Often","Sometimes","Sometimes","Often","Often","Never",".","Sometimes","Often","Often","Rarely","Often","Often","Moderate","Medium","Deep","Moderate","Sometimes","Sometimes","Sometimes","Sometimes","Somewhat disagree","Somewhat disagree","Somewhat agree","Somewhat disagree","Somewhat agree","Somewhat disagree","Agree","Disagree","Somewhat agree","Agree","Neutral","No",7.05,5.95,1.58,5.11,5.05
"R_3CzUGuliCYL53YR","Saltwater","35 - 44","Male",NA,"33647","Hillsborough",NA,"$25,000 or less",150,"About once a month","5 - 9 years","Fair",2,1,1,0,0,0,NA,1,1,0,0,8,0,0,0,0,0,0,0,0,0,0,0,0,0,0,0,0,0,0,0,0,0,0,0,0,0,0,0,0,0,0,0,0,0,0,0,0,0,0,0,0,0,0,0,0,0,0,0,0,0,0,0,0,0,0,0,0,0,0,1,0,0,0,0,1,1,1,1,1,1,1,0,0,0,0,0,0,3,1,0,0,1,0,0,0,1,3,"Sometimes","Often","Often","Rarely","Sometimes","Often","Rarely","Rarely",NA,"Often","Often","Often","Rarely","Often","Sometimes","Moderate","Medium","Deep","Moderate","Sometimes","Rarely","Often","Sometimes","Agree","Disagree","Agree","Strongly disagree","Agree","Agree","Strongly disagree","Agree","Strongly disagree","Agree","Supportive","No",7.05,10,2.21,0.98,1.36
"R_7QJKR0DxpgqgW50","Saltwater","55 - 64","Male",NA,"34219","Manatee",NA,"$100,000 or more",40,"About once a month","20 years or more","Good",1,1,0,0,0,0,NA,1,1,0,0,21,0,0,0,0,0,0,0,0,0,0,0,0,0,0,0,0,0,0,0,0,0,0,0,0,0,0,0,0,0,0,0,0,0,0,0,0,0,0,0,0,1,0,0,0,1,1,0,1,0,0,1,1,1,0,1,1,1,1,0,0,1,1,1,0,0,1,1,1,1,1,1,1,0,0,0,0,0,0,0,0,0,0,0,0,0,2,"Often","Sometimes","Often","Sometimes","Rarely","Rarely","Rarely","Rarely",NA,"Often","Sometimes","Rarely","Often","Often","Sometimes","Moderate","Large","Moderate","Complex","Often","Sometimes","Sometimes","Not sure","Agree","Somewhat disagree","Agree","Somewhat disagree","Agree","Somewhat agree","Somewhat agree","Somewhat agree","Agree","Somewhat disagree","Supportive","No",4.99,6.03,6.04,8.03,7.2
"R_6luKyZTOVii7yl4","Saltwater","65 or older","Male",NA,"33572","Hillsborough",NA,"$100,000 or more",50,"About once a week","20 years or more","Excellent",1,1,0,0,0,0,NA,1,1,0,0,15,0,0,0,0,0,0,0,0,0,0,0,0,0,0,0,0,1,0,0,0,0,0,1,0,0,0,1,0,0,1,0,0,0,1,0,0,1,0,1,1,0,0,0,0,1,0,1,1,0,0,1,0,0,1,0,0,1,0,0,0,0,1,0,0,0,0,0,0,0,0,0,0,0,0,0,0,5,0,1,1,1,1,1,0,0,7,"Often","Always","Always","Often","Sometimes","Always","Always","Always","Flounder","Always","Always","Always","Sometimes","Always","Often","High","Large","Moderate","Complex","Sometimes","Sometimes","Always","Rarely","Strongly agree","Disagree","Strongly agree","Strongly disagree","Strongly agree","Somewhat agree","Agree","Somewhat agree","Somewhat disagree","Somewhat agree","Supportive","No",5.1,10,9.98,5.29,5.36
"R_3xztfFzBild4WQQ","Saltwater","65 or older","Female",NA,"34237","Sarasota",NA,"$50,001 - $75,000",25,"A few times","20 years or more","Good",2,1,1,0,0,0,NA,2,0,1,1,2,0,0,0,0,0,0,0,0,0,0,0,0,0,0,0,0,0,0,0,0,0,0,0,0,0,0,0,0,0,0,0,0,0,0,0,0,0,0,0,0,0,0,0,0,0,0,0,0,0,0,0,0,0,1,0,0,0,0,0,0,0,1,0,0,0,0,0,0,0,0,0,0,0,0,0,0,6,1,1,1,1,1,1,0,0,4,"Sometimes","Often","Sometimes","Never","Often","Often","Sometimes","Often","Pompano","Often","Sometimes","Sometimes","Rarely","Often","Often","Moderate","Medium","Moderate","Simple","Sometimes","Sometimes","Often","Rarely","Agree","Somewhat disagree","Somewhat agree","Somewhat disagree","Agree","Disagree","Agree","Somewhat agree","Somewhat agree","Disagree","Supportive","No",4.08,6.01,4.2,6.69,6.66
"R_6CC8KtuZAtFUxdU","Saltwater","45 - 54","Male",NA,"33948","Other","Charlotte","$100,000 or more",125,"A few times","20 years or more","Fair",1,0,1,0,0,0,NA,1,1,0,0,7,0,0,0,0,0,1,0,0,0,0,1,1,0,0,0,0,1,0,0,0,0,0,0,0,0,1,0,0,0,0,0,1,1,0,0,0,0,0,0,0,0,0,0,0,0,0,0,0,0,0,0,0,0,0,0,0,0,0,0,0,0,0,0,0,0,0,0,0,0,0,0,0,0,0,0,0,6,1,1,0,1,0,1,1,1,3,"Rarely","Often","Sometimes","Rarely","Sometimes","Often","Often","Never",NA,"Often","Often","Often","Rarely","Often","Often","Moderate","Small","Moderate","Moderate","Often","Sometimes","Sometimes","Not sure","Somewhat agree","Disagree","Somewhat agree","Disagree","Somewhat agree","Agree","Agree","Disagree","Disagree","Disagree","Neutral","No",0,7.86,2.66,5.61,9.23
"R_1oSKjA1W0KLMTJg","Saltwater","45 - 54","Male",NA,"33702","Pinellas",NA,"$100,000 or more",250,"About once a month","20 years or more","Excellent",1,1,0,0,0,0,NA,1,1,0,0,10,0,0,0,0,0,0,0,0,0,0,0,0,0,0,0,0,0,1,0,0,0,0,1,1,0,0,0,0,0,0,0,0,0,0,0,1,0,0,0,0,1,0,0,0,0,0,1,1,0,0,0,0,0,1,1,0,0,0,0,0,0,0,0,0,0,0,0,0,0,0,0,0,0,1,0,0,6,1,1,0,1,1,1,1,0,5,"Always","Sometimes","Always","Often","Rarely","Often","Often","Never",NA,"Often","Sometimes","Often","Never","Always","Often","Moderate","Medium","Moderate","Moderate","Sometimes","Not sure","Often","Not sure","Agree","Somewhat disagree","Agree","Somewhat disagree","Agree","Agree","Somewhat agree","Agree","Somewhat agree","Somewhat agree","Supportive","No",0.92,7.94,2.7,1.34,1.49
"R_3r8ugIAO1AdaCGa","Saltwater","65 or older","Male",NA,"33805","Polk",NA,"$100,000 or more",300,"About once a month","20 years or more","Excellent",1,0,1,0,0,0,NA,1,1,0,0,14,0,0,0,0,0,0,0,0,0,0,0,0,0,0,0,0,0,0,0,0,0,0,0,0,0,0,0,0,0,0,0,0,0,0,0,0,0,0,0,1,1,0,0,0,1,0,1,1,0,0,1,0,0,1,1,0,1,1,0,0,1,1,0,0,0,1,1,0,0,0,0,0,0,0,0,0,1,0,0,0,0,0,1,0,0,3,"Rarely","Often","Often","Never","Never","Sometimes","Rarely","Often","Cobia","Often","Rarely","Never","Often","Often","Sometimes",NA,NA,NA,NA,NA,NA,NA,NA,"Strongly agree","Strongly disagree","Somewhat agree","Disagree","Strongly agree","Somewhat agree","Agree","Somewhat disagree","Somewhat agree","Somewhat agree","Supportive","No",0.85,4.56,4.63,8.54,6.07
"R_6UuZe5DSAP8gDm1","Saltwater","18 - 24","Male",NA,"33774","Pinellas",NA,"$25,000 or less",8,"About once a week","5 - 9 years","Excellent",1,1,0,0,0,0,NA,1,0,1,0,5,0,0,0,0,0,0,0,0,0,0,0,0,0,0,0,0,0,0,0,0,0,0,0,0,0,0,0,0,0,0,0,0,0,0,0,0,0,0,0,1,0,0,0,0,0,0,0,0,0,0,0,0,0,0,0,0,0,0,0,0,0,0,0,0,0,0,0,0,0,0,0,0,1,1,1,1,2,0,0,0,0,1,1,0,0,8,"Always","Always","Always","Always","Often","Often","Often","Often","N/A","Often","Often","Often","Rarely","Often","Often","Not sure","Not sure","Deep","Not sure","Often","Sometimes","Sometimes","Never","Agree","Somewhat disagree","Somewhat agree","Somewhat disagree","Agree","Disagree","Somewhat agree","Somewhat disagree","Somewhat agree","Somewhat agree","Supportive","No",4.03,6.32,6.24,7.13,4.87
"R_3ihxwc5hYcUZPa4","Saltwater","65 or older","Male",NA,"33572","Hillsborough",NA,"$75,001 - $100,000",500,"About once a month","10 - 19 years","Excellent",1,1,0,0,0,0,NA,2,1,0,1,21,0,0,0,0,0,0,0,0,0,0,0,0,0,0,0,0,0,0,0,1,1,0,0,0,0,1,1,0,0,0,1,1,1,1,0,1,1,1,1,0,0,0,1,1,1,0,0,0,1,1,1,0,0,0,0,1,1,0,0,0,1,0,0,0,0,0,0,0,0,0,0,0,0,0,0,0,3,0,1,1,1,0,0,0,0,2,"Sometimes","Sometimes","Sometimes","Rarely","Sometimes","Often","Rarely","Often",NA,"Sometimes","Often","Often","Rarely","Often","Sometimes","Moderate","Medium","Moderate","Moderate","Often","Rarely","Often","Not sure","Agree","Disagree","Agree","Disagree","Agree","Somewhat agree","Somewhat agree","Somewhat agree","Somewhat disagree","Somewhat agree","Supportive","No",0.83,6.53,4.98,6.26,3.6
"R_7OOgFGxiKQQzkZr","Saltwater","55 - 64","Male",NA,"33706","Pinellas",NA,"$100,000 or more",50,"About once a week","1 - 4 years","Poor",1,1,0,0,0,0,NA,1,1,0,0,4,0,0,0,0,0,0,0,0,0,0,0,0,0,0,0,0,0,0,0,0,0,0,0,0,0,0,0,0,0,0,0,0,0,0,0,0,0,0,0,1,1,0,0,0,0,0,1,1,0,0,0,0,0,0,0,0,0,0,0,0,0,0,0,0,0,0,0,0,0,0,0,0,0,0,0,0,0,0,0,0,0,0,0,0,0,2,"Sometimes","Often","Often","Never","Never","Sometimes","Rarely","Sometimes","Flounder","Often","Sometimes","Never","Rarely","Often","Often",NA,NA,NA,NA,NA,NA,NA,NA,"Agree","Somewhat disagree","Somewhat agree","Disagree","Somewhat agree","Somewhat agree","Somewhat disagree","Somewhat agree","Somewhat disagree","Somewhat agree","Supportive","No",1.85,7.85,4.92,4.91,0.69
"R_6k15r5hI0KdMb2F","Saltwater","45 - 54","Male",NA,"33703","Pinellas",NA,"$100,000 or more",750,"A few times","20 years or more","Good",2,1,1,0,0,0,NA,2,1,1,0,11,0,0,0,0,0,0,0,0,0,0,0,0,0,0,0,0,0,0,0,0,0,0,1,0,0,0,0,0,0,0,0,0,0,0,1,0,0,0,0,0,0,1,1,1,0,0,1,1,0,0,0,0,0,1,1,1,0,0,0,0,1,0,0,0,0,0,0,0,0,0,0,0,0,0,0,0,3,0,0,1,0,0,1,1,0,3,"Often","Never","Sometimes","Often","Sometimes","Rarely","Often","Rarely",NA,"Often","Often","Sometimes","Rarely","Always","Sometimes","Not sure","Not sure","Not sure","Not sure","Rarely","Rarely","Often","Rarely","Agree","Somewhat disagree","Agree","Somewhat disagree","Agree","Somewhat agree","Agree","Somewhat agree","Somewhat agree","Somewhat agree","Supportive","No",4.03,5.93,5.11,8.13,3.99
"R_7Dnfi9wLOu2howm","Saltwater","45 - 54","Female",NA,"33567","Hillsborough",NA,"$75,001 - $100,000",50,"About once a week","20 years or more","Good",2,1,1,0,0,0,NA,3,1,1,1,36,0,0,1,1,1,1,0,0,0,1,1,1,0,0,0,1,1,1,0,0,0,0,0,0,0,0,1,0,0,0,0,0,0,1,0,0,0,0,1,1,1,1,0,1,1,1,1,1,1,1,1,1,0,1,1,1,1,1,0,0,1,1,0,0,0,0,1,0,0,1,0,0,1,1,0,0,3,1,1,0,0,0,1,0,0,3,"Rarely","Sometimes","Sometimes","Never","Often","Always","Often","Sometimes",NA,"Rarely","Often","Rarely","Sometimes","Sometimes","Often","Not sure","Medium","Moderate","Complex","Sometimes","Sometimes","Sometimes","Never","Strongly agree","Disagree","Strongly agree","Disagree","Strongly agree","Agree","Somewhat agree","Agree","Somewhat disagree","Somewhat agree","Supportive","No",5.03,6.2,3.82,8.01,7.49
"R_6xA9JhYucg5pDmi","Saltwater","25 - 34","Male",NA,"34698","Pinellas",NA,"$25,001 - $50,000",40,"A few times","20 years or more","Excellent",2,1,1,0,0,0,NA,3,1,1,1,10,1,1,1,1,1,1,1,1,0,0,0,0,0,0,0,0,0,0,0,0,0,0,0,0,0,0,0,0,0,0,0,0,0,0,0,0,0,0,0,0,0,0,0,0,0,0,0,0,0,0,0,0,0,0,0,0,0,0,0,0,0,0,0,0,0,0,0,0,0,0,0,0,0,1,1,0,4,1,1,1,1,0,0,0,0,6,"Rarely","Always","Always","Never","Always","Always","Often","Always","Flounder, Hardhead Catfish, Mullet","Sometimes","Never","Never","Sometimes","Always","Always",NA,NA,NA,NA,NA,NA,NA,NA,"Strongly agree","Disagree","Agree","Strongly disagree","Strongly agree","Strongly agree","Agree","Somewhat disagree","Somewhat agree","Strongly agree","Supportive","No",7.06,10,5.17,2,0.1
"R_1ntbbjKCYHlMbgl","Saltwater","45 - 54","Male",NA,"33810","Polk",NA,"$75,001 - $100,000",275,"About once a week","20 years or more","Excellent",1,0,0,0,0,1,"Sport Angling (catch & release) seeking trophy sized fish",1,0,1,0,9,0,0,0,1,1,1,0,0,0,0,0,0,0,0,0,0,1,1,0,0,0,1,0,0,0,0,0,0,0,0,0,0,0,0,0,0,0,0,0,1,0,0,0,0,0,0,1,0,0,0,0,0,0,1,0,0,0,0,0,0,0,0,0,0,0,0,0,0,0,0,0,0,0,0,0,0,8,1,1,1,1,1,1,1,1,2,"Sometimes","Rarely","Often","Often","Rarely","Never","Rarely","Never",NA,"Often","Sometimes","Rarely","Often","Often","Sometimes","Not sure","Small","Not sure","Complex","Sometimes","Never","Often","Never","Agree","Disagree","Somewhat agree","Disagree","Strongly agree","Disagree","Agree","Strongly disagree","Somewhat disagree","Strongly disagree","Neutral","No",1.21,4.36,10,10,10
"R_1r7zl10iDRA7MZ5","Saltwater","55 - 64","Male",NA,"33702","Pinellas",NA,"$100,000 or more",100,"About once a month","20 years or more","Good",1,1,0,0,0,0,NA,1,1,0,0,11,0,0,0,0,0,0,0,0,0,0,0,0,0,0,0,0,0,0,0,0,0,1,0,0,0,0,0,0,0,1,1,0,0,0,0,1,1,0,0,0,0,0,0,1,0,0,0,0,0,1,0,0,0,0,1,1,0,0,1,1,0,0,0,0,0,0,0,0,0,0,0,0,0,0,0,0,5,1,1,0,1,0,1,1,0,4,"Never","Often","Sometimes","Never","Often","Often","Often","Never",NA,"Often","Often","Often","Rarely","Sometimes","Sometimes","Moderate","Medium","Deep","Moderate","Often","Sometimes","Sometimes","Never","Somewhat agree","Somewhat disagree","Agree","Somewhat disagree","Agree","Strongly disagree","Somewhat agree","Somewhat disagree","Agree","Somewhat disagree","Supportive","No",0.39,8.31,9.14,9.05,4.9
"R_1cZy5m2Ha2Cwl2L","Saltwater","45 - 54","Male",NA,"33609","Hillsborough",NA,"$100,000 or more",200,"Many times a week","20 years or more","Excellent",1,1,0,0,0,0,NA,1,1,0,0,19,0,0,0,0,0,0,0,0,1,0,0,0,0,0,0,1,0,1,0,0,0,0,1,1,0,0,0,0,0,1,0,0,0,0,0,0,0,0,0,1,1,0,0,0,0,0,1,1,0,0,1,0,0,1,1,1,1,0,1,0,1,1,0,1,0,0,0,0,0,0,0,0,0,0,0,0,2,1,0,0,0,0,0,0,1,6,"Always","Always","Always","Often","Sometimes","Often","Often","Rarely",NA,"Often","Always","Always","Sometimes","Always","Always","Moderate","Large","Deep","Complex","Often","Sometimes","Always","Not sure","Strongly agree","Strongly disagree","Strongly agree","Strongly disagree","Strongly agree","Strongly disagree","Strongly agree","Strongly disagree","Strongly agree","Strongly disagree","Supportive","Yes",0.93,0.93,0.93,10,10
"R_5d6xKe8i1OxCCdd","Saltwater","45 - 54","Male",NA,"22782","Pinellas",NA,"$75,001 - $100,000",20,"Many times a week","1 - 4 years","Excellent",2,1,1,0,0,0,NA,2,1,1,0,19,0,0,0,1,1,1,1,0,0,1,0,0,0,0,0,1,0,1,0,0,0,1,1,1,1,0,0,0,0,0,0,0,0,0,0,0,0,0,0,1,1,0,0,0,0,0,1,0,0,0,0,0,0,1,0,0,0,0,0,0,0,0,0,0,0,0,0,0,0,0,0,0,1,1,1,1,1,1,0,0,0,0,0,0,0,4,"Often","Often","Often","Rarely","Sometimes","Sometimes","Never","Often",NA,"Sometimes","Often","Sometimes","Rarely","Often","Often","Moderate","Medium","Shallow","Not sure","Often","Sometimes","Often","Rarely","Agree","Disagree","Agree","Disagree","Agree","Agree","Somewhat agree","Agree","Somewhat agree","Agree","Supportive","No",4.04,5.03,7.13,4.25,0
"R_70s7xKWgScu2Kt3","Saltwater","55 - 64","Male",NA,"34683-4741","Pinellas",NA,"$50,001 - $75,000",150,"A few times","20 years or more","Excellent",1,1,0,0,0,0,NA,1,1,0,0,12,0,0,0,0,0,0,0,0,0,0,0,0,0,0,0,0,0,0,0,0,0,0,0,0,0,0,0,0,0,0,0,0,0,0,0,0,0,0,0,0,0,0,0,0,0,0,1,1,1,0,0,0,0,1,1,1,1,0,1,1,1,0,0,1,1,0,0,0,0,0,0,0,0,0,0,0,5,0,1,0,1,1,1,0,1,1,"Rarely","Never","Rarely","Sometimes","Sometimes","Sometimes","Often","Never",NA,"Rarely","Often","Rarely","Never","Sometimes","Sometimes","Low","Not sure","Not sure","Moderate","Sometimes","Rarely","Often","Never","Disagree","Somewhat agree","Somewhat agree","Strongly agree","Disagree","Strongly disagree","Strongly agree","Strongly disagree","Strongly agree","Strongly disagree","Supportive","No",0,0,0,9.79,9.92
"R_1pHma05pWqaqBa1","Saltwater","65 or older","Male",NA,"33710-3237","Pinellas",NA,"$75,001 - $100,000",NA,"A few times","20 years or more","Good",1,1,0,0,0,0,NA,1,1,0,0,8,0,0,0,0,0,0,0,0,0,0,0,0,0,0,0,0,0,0,0,0,0,0,1,0,0,0,0,0,0,1,0,0,0,0,0,0,0,0,0,0,0,0,0,0,0,0,1,1,0,0,0,0,0,1,1,0,0,0,0,1,1,0,0,0,0,0,0,0,0,0,0,0,0,0,0,0,7,1,1,1,1,1,0,1,1,6,"Often","Often","Often","Never","Often","Often","Often","Never",NA,"Often","Rarely","Sometimes","Never","Often","Often","Moderate","Large","Deep","Complex","Often","Sometimes","Sometimes","Never","Agree","Disagree","Agree","Disagree","Agree","Agree","Disagree","Agree","Disagree","Agree","Supportive","No",4.97,5.07,5,5.06,5.07
"R_7gcJnJ1mydMOa4q","Saltwater","35 - 44","Male",NA,"33572","Hillsborough",NA,"$100,000 or more",7,"Many times a week","5 - 9 years","Excellent",1,1,0,0,0,0,NA,2,1,1,0,12,0,0,0,0,0,0,0,0,0,0,0,0,0,0,0,0,0,0,0,0,0,0,0,0,0,0,1,0,0,0,0,0,1,1,0,0,1,1,1,0,0,0,0,1,1,1,0,0,0,0,1,1,1,0,0,0,0,0,0,0,0,0,0,0,0,0,0,0,0,0,0,0,0,0,0,0,4,1,1,0,0,1,1,0,0,3,"Often","Often","Often","Sometimes","Rarely","Rarely","Rarely","Rarely",NA,"Sometimes","Sometimes","Rarely","Often","Often","Sometimes","Moderate","Medium","Deep","Complex","Not sure","Not sure","Never","Not sure","Agree","Disagree","Somewhat agree","Somewhat disagree","Somewhat agree","Somewhat agree","Somewhat agree","Somewhat agree","Somewhat agree","Somewhat agree","Supportive","No",6.11,8.12,7.99,4.6,4.74
"R_5Eh4GKUPdKMmNkq","Saltwater","55 - 64","Male",NA,"33702","Pinellas",NA,"$100,000 or more",150,"About once a week","Less than a year","Good",2,1,1,0,0,0,NA,1,1,0,0,21,0,0,0,0,0,0,0,0,0,0,0,0,0,0,0,0,1,0,0,0,0,0,1,1,0,0,0,0,0,1,1,1,0,0,0,1,1,1,0,0,0,0,1,1,0,0,1,1,1,1,0,0,0,1,1,1,1,0,1,1,0,0,0,0,0,0,0,0,0,0,0,0,0,0,0,0,1,0,0,0,0,0,0,1,0,6,"Often","Often","Often","Often","Sometimes","Often","Always","Never",NA,"Sometimes","Always","Often","Rarely","Often","Often","High","Medium","Moderate","Moderate","Not sure","Not sure","Sometimes","Not sure","Strongly agree","Somewhat disagree","Somewhat agree","Somewhat disagree","Strongly agree","Somewhat agree","Somewhat disagree","Somewhat disagree","Somewhat disagree","Somewhat agree","Supportive","No",7.1,9.15,7.08,5.08,5.1
"R_5nrjYU1T9JY7Xcl","Saltwater","45 - 54","Male",NA,"34209","Manatee",NA,"$100,000 or more",400,"About once a month","20 years or more","Excellent",1,1,0,0,0,0,NA,1,1,0,0,12,0,0,0,0,0,0,0,0,0,0,0,0,0,0,0,0,0,0,0,0,0,0,0,0,0,0,0,0,0,0,0,0,0,0,0,0,0,0,0,0,0,0,0,0,0,0,0,0,0,0,0,0,0,1,0,0,0,0,1,1,1,1,0,1,1,1,1,1,1,1,0,0,0,0,0,0,5,0,1,1,1,1,0,0,1,3,"Often","Often","Sometimes","Rarely","Rarely","Sometimes","Rarely","Often","Pilchards/Green Backs","Often","Sometimes","Sometimes","Rarely","Often","Sometimes","Moderate","Small","Moderate","Moderate","Not sure","Not sure","Often","Not sure","Agree","Disagree","Somewhat agree","Disagree","Agree","Agree","Somewhat agree","Somewhat agree","Somewhat agree","Somewhat agree","Supportive","No",1.72,1.59,1.59,7.18,8.3
"R_3FCxjhOQFxj2Upy","Saltwater","55 - 64","Female",NA,"33563","Hillsborough",NA,"$75,001 - $100,000",50,"About once a week","20 years or more","Excellent",1,1,0,0,0,0,NA,1,1,0,0,18,0,0,0,0,0,0,0,0,0,0,0,1,0,0,0,0,1,1,0,0,0,1,1,1,0,0,0,0,0,1,0,0,0,0,0,0,0,0,0,1,1,0,0,0,0,0,1,1,0,0,0,0,0,1,1,1,0,0,0,0,1,1,0,0,0,1,1,0,0,0,0,0,0,0,0,0,4,1,0,1,1,0,1,0,0,4,"Always","Always","Always","Often","Sometimes","Sometimes","Sometimes","Never",NA,"Always","Often","Sometimes","Often","Always","Always","High","Medium","Deep","Moderate","Often","Not sure","Sometimes","Not sure","Agree","Disagree","Somewhat agree","Disagree","Somewhat agree","Somewhat agree","Somewhat disagree","Somewhat disagree","Somewhat disagree","Somewhat disagree","Supportive","No",4.55,10,7.24,4.65,0.68
"R_17Qfow4h2Ir2FYl","Saltwater","35 - 44","Male",NA,NA,"Sarasota",NA,"$100,000 or more",600,"A few times","1 - 4 years","Excellent",2,1,1,0,0,0,NA,1,1,0,0,8,0,0,0,0,0,0,0,0,0,0,0,0,0,0,0,0,1,0,0,1,0,0,1,0,0,1,0,0,0,1,1,1,1,0,0,0,0,0,0,0,0,0,0,0,0,0,0,0,0,0,0,0,0,0,0,0,0,0,0,0,0,0,0,0,0,0,0,0,0,0,0,0,0,0,0,0,6,1,1,1,1,0,1,1,0,4,"Often","Rarely","Often","Sometimes","Always","Sometimes","Always","Never",NA,"Often","Often","Always","Never","Often","Sometimes","High","Large","Deep","Moderate","Always","Sometimes","Sometimes","Rarely","Strongly agree","Disagree","Somewhat agree","Strongly disagree","Strongly agree","Strongly disagree","Agree","Strongly disagree","Somewhat disagree","Strongly disagree","Supportive","No",4.82,10,6.99,10,5.32
"R_6M4nE5brPda8M6R","Saltwater","45 - 54","Male",NA,"33703","Pinellas",NA,"$100,000 or more",100,"A few times","20 years or more","Good",1,1,0,0,0,0,NA,1,1,0,0,16,0,0,0,0,0,0,0,0,0,0,0,0,0,0,0,0,0,0,0,0,0,0,1,0,0,0,0,0,1,1,1,0,0,0,1,1,1,0,0,0,0,1,1,0,0,0,1,1,1,1,0,0,0,1,1,1,0,0,0,0,0,0,0,0,0,0,0,0,0,0,0,0,0,0,0,0,1,1,0,0,0,0,0,0,0,4,"Often","Often","Often","Often","Rarely","Sometimes","Sometimes","Never",NA,"Sometimes","Sometimes","Sometimes","Never","Sometimes","Sometimes","High","Medium","Moderate","Moderate","Sometimes","Sometimes","Sometimes","Not sure","Somewhat agree","Disagree","Agree","Disagree","Agree","Somewhat agree","Somewhat agree","Somewhat agree","Agree","Somewhat disagree","Supportive","No",0.85,7.85,7.92,6.54,7.59
"R_1FwT7PbNEzxhUaq","Saltwater","45 - 54","Male",NA,"33629","Hillsborough",NA,"$100,000 or more",200,"About once a month","10 - 19 years","Good",1,1,0,0,0,0,NA,1,1,0,0,14,0,1,0,0,0,0,0,0,0,0,0,1,0,0,0,0,0,0,0,0,0,0,1,0,0,0,0,0,0,0,0,0,0,0,0,0,0,0,1,1,0,0,0,0,1,0,1,1,0,0,1,0,0,1,1,0,1,1,0,0,0,1,0,0,0,0,0,0,0,0,0,0,0,0,0,0,4,0,0,1,1,0,0,1,1,4,"Often","Often","Often","Rarely","Sometimes","Often","Sometimes","Sometimes","cobia","Often","Sometimes","Rarely","Often","Often","Sometimes","Not sure","Not sure","Not sure","Complex","Sometimes","Not sure","Sometimes","Never","Agree","Disagree","Agree","Disagree","Agree","Somewhat disagree","Agree","Somewhat agree","Somewhat agree","Disagree","Supportive","No",3.01,6.17,7.7,8.86,10
"R_3ksNLZ1ZKBMjzT5","Saltwater","65 or older","Male",NA,NA,"Manatee",NA,NA,NA,"About once a month","5 - 9 years","Good",1,1,0,0,0,0,NA,1,1,0,0,14,0,0,0,0,0,0,0,0,0,0,0,0,0,0,0,0,0,0,0,0,0,0,0,0,0,0,0,0,0,0,0,0,0,0,0,0,0,0,0,0,0,0,0,0,0,0,0,1,0,0,0,0,0,0,1,0,0,0,0,0,1,1,0,1,1,1,1,1,1,1,0,0,1,1,1,0,3,1,0,0,0,1,0,1,0,5,"Sometimes","Often","Often","Rarely","Rarely","Often","Often","Often",NA,"Often","Often","Often","Sometimes","Often","Often","Not sure","Medium","Deep","Complex","Often","Sometimes","Often","Not sure","Somewhat agree","Disagree","Somewhat agree","Disagree","Somewhat agree","Strongly disagree","Strongly agree","Disagree","Agree","Strongly disagree","Supportive","Yes",9.14,0.99,9.39,9.39,6.42
"R_1DWBJ8cXBwGeIZH","Saltwater","65 or older","Male",NA,"34209","Manatee",NA,"$100,000 or more",300,"A few times","10 - 19 years","Good",1,1,0,0,0,0,NA,1,1,0,0,8,0,0,0,0,0,0,0,0,0,0,0,0,0,0,0,0,0,0,0,0,0,0,0,0,0,0,0,0,0,0,0,0,0,0,0,0,0,0,0,0,0,0,0,0,0,0,0,0,0,0,0,0,0,0,0,0,0,0,1,0,0,0,0,1,1,1,0,1,1,1,1,0,0,0,0,0,0,0,0,0,0,0,0,0,0,2,"Sometimes","Often","Often","Rarely","Sometimes","Rarely","Rarely","Sometimes","whiting, pompano","Sometimes","Rarely","Rarely","Sometimes","Often","Sometimes","Not sure","Medium","Deep","Not sure","Not sure","Sometimes","Sometimes","Not sure","Agree","Disagree","Somewhat agree","Somewhat agree","Somewhat agree","Somewhat agree","Somewhat agree","Somewhat agree","Somewhat agree","Somewhat agree","Supportive","No",0.97,7.46,8.8,6.59,7.62
"R_7jU5WWgWLihzz7e","Saltwater","45 - 54","Male",NA,"33707","Pinellas",NA,"$25,000 or less",25,"About once a week","10 - 19 years","Excellent",2,1,1,0,0,0,NA,2,1,1,0,9,0,0,0,0,0,0,1,0,0,0,0,1,0,0,0,1,0,1,0,0,0,0,0,1,0,0,0,0,0,0,0,0,0,0,0,0,0,0,0,1,1,0,0,0,0,0,1,0,0,0,0,0,0,1,0,0,0,0,0,0,0,0,0,0,0,0,0,0,0,0,0,0,0,0,0,0,0,0,0,0,0,0,0,0,0,3,"Always","Always","Always","Rarely","Sometimes","Sometimes","Rarely","Sometimes","Flounder","Always","Rarely","Rarely","Sometimes","Always","Often","Not sure","Medium","Moderate","Moderate","Not sure","Not sure","Not sure","Not sure","Somewhat agree","Somewhat disagree","Somewhat agree","Somewhat disagree","Somewhat agree","Somewhat agree","Agree","Somewhat agree","Somewhat agree","Somewhat agree","Supportive","No",3.26,6.95,7.04,6.56,6.65
"R_3Pz666T9uln8Fhf","Saltwater","55 - 64","Male",NA,"33572","Hillsborough",NA,"$100,000 or more",700,"About once a week","10 - 19 years","Excellent",1,1,0,0,0,0,NA,1,1,0,0,28,0,0,0,0,0,0,0,0,0,0,0,0,0,0,0,0,1,1,0,0,0,0,1,1,0,1,1,0,0,0,1,1,1,1,0,1,1,1,1,0,0,0,1,1,1,1,0,0,1,1,1,1,0,0,0,1,1,1,0,0,1,1,1,0,0,0,0,0,0,0,0,0,0,0,0,0,6,1,1,1,1,1,0,0,1,4,"Often","Rarely","Often","Rarely","Sometimes","Often","Often","Rarely","Mackerel","Sometimes","Often","Often","Sometimes","Often","Often","High","Large","Moderate","Complex","Often","Rarely","Often","Never","Agree","Somewhat disagree","Somewhat agree","Disagree","Somewhat agree","Somewhat agree","Somewhat agree","Somewhat agree","Somewhat disagree","Somewhat agree","Supportive","No",8.17,5.01,3.29,3.29,3.14
"R_3n6po05FzZlsXox","Saltwater","55 - 64","Male",NA,"34202","Manatee",NA,"$100,000 or more",100,"About once a week","20 years or more","Excellent",1,1,0,0,0,0,NA,1,1,0,0,19,0,0,0,0,0,0,0,0,0,0,0,0,0,0,0,0,0,0,0,0,0,0,0,0,0,0,0,0,0,0,0,0,0,0,0,0,0,0,0,1,1,0,0,0,0,0,1,1,0,0,0,0,0,0,1,1,0,0,0,0,1,1,1,1,0,1,1,1,1,1,1,1,0,0,1,1,5,1,0,0,0,1,1,1,1,8,"Always","Always","Always","Always","Always","Always","Always","Always","All panfish","Always","Always","Always","Always","Always","Always","Moderate","Small","Shallow","Complex","Always","Sometimes","Always","Sometimes","Strongly agree","Strongly disagree","Strongly agree","Strongly disagree","Strongly agree","Strongly agree","Strongly disagree","Strongly agree","Strongly disagree","Strongly agree","Neutral","No",10,10,0,0.13,0.2
"R_3Rh35WimXdfDv57","Saltwater","55 - 64","Female",NA,"33594","Hillsborough",NA,"$100,000 or more",500,"A few times","20 years or more","Fair",2,1,1,0,0,0,NA,3,1,1,1,10,0,0,0,0,0,0,0,0,0,0,0,0,0,1,1,0,0,0,0,1,1,0,0,0,0,0,0,0,0,0,0,0,0,0,0,0,0,1,1,0,1,0,0,0,1,1,0,0,0,0,0,0,0,0,0,0,0,0,0,0,0,1,0,0,0,0,0,0,0,0,0,0,0,0,0,0,6,1,1,1,1,1,1,0,0,3,"Often","Never","Never","Sometimes","Sometimes","Often","Often","Rarely",NA,"Sometimes","Never","Rarely","Sometimes","Often","Sometimes","Not sure","Not sure","Not sure","Not sure","Often","Not sure","Sometimes","Not sure","Agree","Agree","Agree","Somewhat agree","Agree","Disagree","Strongly agree","Somewhat disagree","Agree","Disagree","Supportive","No",1.83,5.22,0,10,10
"R_6QozZSdZuCdcOME","Saltwater","65 or older","Male",NA,"33702","Pinellas",NA,"$75,001 - $100,000",100,"About once a month","20 years or more","Excellent",1,0,1,0,0,0,NA,1,1,0,0,7,0,0,0,0,0,0,0,0,0,0,0,0,0,0,0,0,1,0,0,0,0,0,1,0,0,0,0,0,0,1,0,0,0,0,0,0,0,0,0,1,0,0,0,0,0,0,1,0,0,0,0,0,0,0,0,0,0,0,0,0,0,0,0,0,0,0,0,0,0,0,0,0,0,0,1,1,5,1,1,0,1,0,1,1,0,7,"Always","Always","Always","Rarely","Always","Always","Always","Always","Pompano","Often","Often","Often","Sometimes","Often","Always","Moderate","Medium","Moderate","Complex","Often","Sometimes","Often","Sometimes","Strongly agree","Strongly disagree","Strongly agree","Strongly disagree","Strongly agree","Somewhat agree","Agree","Disagree","Agree","Somewhat disagree","Supportive","Yes",0,5.21,2.96,2.92,10
"R_1XAdrxIwXcLxUY1","Saltwater","45 - 54","Female",NA,"33573","Hillsborough",NA,"$25,000 or less",50,"About once a week","1 - 4 years","Excellent",2,1,1,0,0,0,NA,3,1,1,1,13,0,0,0,0,0,0,0,0,0,0,0,0,0,0,0,0,0,0,0,0,0,0,0,0,0,0,0,0,0,0,0,0,1,0,0,0,0,0,1,1,1,0,0,0,0,0,1,1,0,0,1,0,1,1,0,1,0,0,0,0,1,0,0,0,0,0,1,0,0,1,0,0,0,0,0,0,2,1,0,0,1,0,0,0,0,2,"Sometimes","Sometimes","Always","Rarely","Sometimes","Sometimes","Sometimes","Often","Pompano","Often","Sometimes","Sometimes","Sometimes","Often","Often","Moderate","Small","Shallow","Moderate","Sometimes","Sometimes","Sometimes","Never","Strongly disagree","Disagree","Strongly disagree","Disagree","Agree","Somewhat agree","Somewhat agree","Somewhat agree","Somewhat agree","Somewhat agree","Supportive","No",2.95,8.99,5.4,7.07,7.19
"R_394GyXV8Riemcp3","Saltwater","55 - 64","Female",NA,"33711","Pinellas",NA,"$100,000 or more",150,"About once a week","20 years or more","Good",2,1,1,0,0,0,NA,1,1,0,0,6,0,0,0,0,0,0,0,0,0,0,0,0,0,0,0,0,0,0,0,0,0,0,0,0,0,0,0,0,0,0,0,0,0,0,1,0,0,0,0,1,1,1,0,0,0,0,1,1,0,0,0,0,0,0,0,0,0,0,0,0,0,0,0,0,0,0,0,0,0,0,0,0,0,0,0,0,3,1,0,0,0,0,0,1,1,2,"Sometimes","Often","Sometimes","Sometimes","Sometimes","Often","Sometimes","Rarely","Cobia","Often","Sometimes","Sometimes","Rarely","Often","Often","Low","Medium","Moderate","Moderate","Sometimes","Rarely","Sometimes","Never","Agree","Disagree","Agree","Disagree","Agree","Somewhat disagree","Strongly agree","Somewhat disagree","Somewhat disagree","Somewhat disagree","Supportive","No",0.87,0.85,0.87,0.93,8.17
"R_5fP3DWvUXchtj67","Saltwater","55 - 64",NA,"The tower boat guides are destroying g the fishing","34211","Manatee",NA,"$100,000 or more",25,"About once a week","5 - 9 years","Excellent",1,1,0,0,0,0,NA,1,1,0,0,6,0,0,0,0,0,0,0,0,0,0,0,0,0,0,0,0,0,0,0,0,0,0,0,0,0,0,0,0,0,0,0,0,0,0,0,0,0,0,0,0,0,0,0,0,0,0,0,0,0,0,0,0,0,0,0,0,0,1,0,0,0,1,1,0,0,0,1,0,1,1,0,0,0,0,0,0,2,0,0,0,1,1,0,0,0,2,"Often","Sometimes","Often","Sometimes","Sometimes","Never","Never","Never",NA,"Often","Sometimes","Never","Sometimes","Always","Rarely",NA,NA,NA,NA,NA,NA,NA,NA,"Somewhat disagree","Somewhat agree","Agree","Somewhat agree","Agree","Somewhat agree","Strongly agree","Disagree","Somewhat agree","Somewhat agree","Supportive","No",3.72,5.94,4.78,9.14,5.19
"R_5PVtZD5WDn97Jnj","Saltwater","45 - 54","Male",NA,"33609","Hillsborough",NA,"$100,000 or more",50,"About once a month","20 years or more","Good",1,1,0,0,0,0,NA,1,1,0,0,19,1,1,0,1,1,1,0,0,1,1,0,1,0,0,0,1,0,0,0,0,0,0,1,1,0,0,0,0,1,1,1,1,0,0,1,0,0,0,0,0,0,0,0,0,0,0,0,0,0,0,0,0,0,0,1,1,0,0,0,0,0,0,0,1,0,0,0,0,0,0,0,0,0,0,0,0,3,0,0,1,1,1,0,0,0,4,"Often","Often","Often","Often","Rarely","Rarely","Rarely","Never",NA,"Often","Sometimes","Rarely","Rarely","Often","Sometimes","Moderate","Small","Shallow","Simple","Not sure","Not sure","Not sure","Not sure","Agree","Somewhat disagree","Somewhat agree","Somewhat disagree","Agree","Agree","Somewhat agree","Somewhat agree","Somewhat disagree","Somewhat disagree","Supportive","No",0.9,0.88,0.88,7.95,8.04
"R_71NFBQo0P2JifU5","Saltwater","35 - 44","Male",NA,"33778","Pinellas",NA,"$75,001 - $100,000",25,"About once a month","1 - 4 years","Excellent",1,1,0,0,0,0,NA,1,1,0,0,13,0,0,0,0,0,0,0,0,0,0,0,0,0,0,0,0,0,0,0,0,0,0,1,0,0,0,0,0,1,1,0,0,0,0,1,0,0,0,0,1,1,0,0,0,0,0,1,0,0,0,1,0,0,0,0,0,0,1,0,0,0,1,1,0,0,0,0,0,0,0,0,0,1,1,0,0,2,1,0,0,1,0,0,0,0,3,"Always","Always","Always","Rarely","Rarely","Rarely","Rarely","Never",NA,"Often","Rarely","Never","Often","Often","Sometimes",NA,NA,NA,NA,NA,NA,NA,NA,"Strongly agree","Strongly disagree","Strongly agree","Disagree","Agree","Somewhat agree","Agree","Agree","Disagree","Somewhat agree","Supportive","No",1.07,8.1,7.13,6.52,10
"R_7QMp4yVY9l4Kc4I","Saltwater","55 - 64","Male",NA,"33708","Pinellas",NA,"$100,000 or more",100,"About once a week","20 years or more","Good",2,1,1,0,0,0,NA,3,1,1,1,18,0,0,0,0,0,0,0,0,0,0,0,0,0,0,0,0,0,0,0,0,0,1,1,1,0,0,0,0,0,1,0,0,0,0,0,1,1,0,0,0,1,0,1,0,0,0,0,1,0,0,0,0,0,1,1,1,0,0,1,1,1,0,0,0,0,0,0,0,0,0,0,0,1,1,1,0,8,1,1,1,1,1,1,1,1,5,"Often","Often","Often","Sometimes","Sometimes","Often","Often","Rarely",NA,"Often","Often","Sometimes","Sometimes","Often","Often","Moderate","Small","Deep","Moderate","Sometimes","Sometimes","Often","Not sure","Strongly agree","Strongly disagree","Strongly agree","Strongly disagree","Strongly agree","Strongly agree","Somewhat agree","Strongly agree","Somewhat agree","Strongly agree","Supportive","No",10,10,10,5.28,0.11
"R_1YVzx0zCVJEEGIF","Saltwater","55 - 64","Male",NA,"33765","Pinellas",NA,"$100,000 or more",30,"Many times a week","5 - 9 years","Excellent",1,1,0,0,0,0,NA,2,1,1,0,28,1,1,1,1,0,0,0,1,0,0,0,0,0,0,0,0,0,1,0,0,0,0,0,1,0,0,0,0,1,0,0,0,0,0,1,0,0,0,0,1,1,1,0,0,0,0,1,0,0,0,0,0,0,1,0,0,0,1,0,0,0,1,1,1,0,0,1,1,1,1,1,1,1,1,1,1,3,1,0,0,1,1,0,0,0,3,"Always","Always","Always","Rarely","Never","Never","Never","Never",NA,"Often","Never","Never","Never","Often","Sometimes",NA,NA,NA,NA,NA,NA,NA,NA,"Somewhat agree","Somewhat disagree","Somewhat agree","Somewhat disagree","Somewhat agree","Strongly disagree","Strongly agree","Strongly disagree","Strongly agree","Strongly disagree","Supportive","No",0,4.11,10,10,10
"R_60TbrUChrrv7m4K","Saltwater","35 - 44","Male",NA,"33811","Polk",NA,"$100,000 or more",50000,"About once a month","20 years or more","Excellent",2,1,1,0,0,0,NA,1,1,0,0,22,0,0,0,0,0,0,0,0,0,0,0,0,0,0,0,0,0,0,0,0,0,0,0,0,0,0,0,0,0,0,0,0,0,0,0,0,0,0,1,1,0,1,0,0,1,0,1,1,0,0,1,0,0,1,1,1,1,1,0,0,1,1,0,1,1,1,1,1,0,0,0,0,0,1,1,1,8,1,1,1,1,1,1,1,1,5,"Always","Always","Always","Rarely","Sometimes","Always","Always","Sometimes","Kingfish","Always","Always","Always","Sometimes","Always","Always","Moderate","Medium","Deep","Moderate","Always","Not sure","Always","Not sure","Strongly agree","Strongly disagree","Agree","Strongly disagree","Strongly agree","Somewhat agree","Somewhat disagree","Somewhat disagree","Somewhat agree","Disagree","Supportive","No",0.92,10,10,10,10
"R_5PdQuh7E3GgcQUr","Saltwater","45 - 54","Male",NA,"34689","Pinellas",NA,NA,NA,"A few times","20 years or more","Good",1,1,0,0,0,0,NA,1,1,0,0,6,0,0,0,0,0,0,0,0,0,0,0,0,0,0,0,0,0,0,0,0,0,0,0,0,0,0,0,0,0,0,0,0,0,0,0,0,0,0,0,0,0,0,0,0,0,0,0,1,0,0,0,0,0,1,1,0,0,0,1,0,1,0,0,1,0,0,0,0,0,0,0,0,0,0,0,0,5,0,1,1,1,1,1,0,0,3,"Sometimes","Sometimes","Sometimes","Often","Sometimes","Often","Often","Never",NA,"Sometimes","Often","Often","Sometimes","Often","Often","High","Medium","Moderate","Complex","Sometimes","Sometimes","Often","Rarely","Agree","Somewhat disagree","Agree","Somewhat agree","Agree","Somewhat disagree","Agree","Somewhat disagree","Somewhat agree","Somewhat disagree","Supportive","No",0.46,4.89,1.08,9.83,10
"R_7dzmxAKsGTL8vR1","Saltwater","35 - 44","Male",NA,"33635","Hillsborough",NA,"$100,000 or more",20,"About once a week","1 - 4 years","Fair",1,1,0,0,0,0,NA,2,0,1,1,13,1,1,0,1,1,1,0,0,0,0,0,0,0,0,0,0,1,1,0,0,0,0,0,0,0,0,0,0,0,0,0,0,0,0,0,0,0,0,0,1,0,0,0,0,0,0,1,0,0,0,0,0,0,1,0,0,0,0,0,0,0,0,0,0,0,0,0,0,0,0,0,0,0,1,1,1,0,0,0,0,0,0,0,0,0,2,"Rarely","Sometimes","Sometimes","Rarely","Often","Often","Rarely","Rarely",NA,"Rarely","Often","Often","Rarely","Often","Often","Not sure","Not sure","Not sure","Not sure","Rarely","Rarely","Often","Never","Strongly agree","Disagree","Agree","Disagree","Agree","Agree","Somewhat disagree","Somewhat disagree","Somewhat disagree","Somewhat disagree","Supportive","No",4.94,4.97,10,10,10
"R_66JWLcMJaP2aXpD","Saltwater","65 or older","Male",NA,"33772","Pinellas",NA,"$25,001 - $50,000",10,"Many times a week","20 years or more","Good",1,0,1,0,0,0,NA,1,1,0,0,7,0,0,0,0,0,0,0,0,0,0,0,0,0,0,0,0,0,0,0,0,0,1,1,0,0,0,0,0,0,0,0,0,0,0,0,0,0,0,0,0,0,0,0,0,0,0,0,0,0,0,0,0,0,1,1,0,0,0,0,0,0,1,0,0,0,0,0,0,0,0,0,0,1,1,0,0,3,1,0,1,1,0,0,0,0,2,"Sometimes","Always","Always","Rarely","Sometimes","Sometimes","Rarely","Rarely",NA,"Often","Rarely","Rarely","Rarely","Sometimes","Often","Low","Medium","Deep","Not sure","Rarely","Sometimes","Often","Never","Agree","Disagree","Agree","Disagree","Agree","Disagree","Disagree","Somewhat agree","Somewhat agree","Disagree","Supportive","No",6.21,8.13,3.03,0.96,1.01
"R_5XLXUrWyHtP6JA5","Saltwater","45 - 54","Male",NA,"33616","Hillsborough",NA,"$100,000 or more",30,"About once a month","20 years or more","Good",1,1,0,0,0,0,NA,3,1,1,1,5,0,0,0,0,0,0,0,0,0,0,0,1,0,0,0,0,0,1,0,0,0,0,0,1,0,0,0,0,0,0,0,0,0,0,0,0,0,0,0,0,0,0,0,0,0,0,0,0,0,0,0,0,0,0,0,0,0,0,0,0,0,0,0,0,0,0,0,0,0,0,0,0,0,1,0,1,0,0,0,0,0,0,0,0,0,5,"Often","Often","Often","Rarely","Often","Often","Sometimes","Sometimes",NA,"Sometimes","Never","Never","Rarely","Often","Sometimes",NA,NA,NA,NA,NA,NA,NA,NA,"Strongly agree","Disagree","Somewhat agree","Somewhat agree","Strongly agree","Agree","Somewhat agree","Somewhat agree","Somewhat agree","Somewhat agree","Supportive","No",8.9,4.61,3.01,2.23,1.59
"R_6FhpXs5H3Hgdcf6","Saltwater","35 - 44","Male",NA,"33702","Pinellas",NA,"$25,001 - $50,000",100,"Many times a week","20 years or more","Good",2,1,0,0,0,1,"Fun,Sport,Food,Relaxation",1,0,1,0,14,0,0,0,0,0,0,0,0,0,0,0,1,0,0,0,1,1,1,1,0,0,1,1,1,1,0,0,0,1,1,0,0,0,0,1,0,0,0,0,0,1,1,0,0,0,0,0,0,0,0,0,0,0,0,0,0,0,0,0,0,0,0,0,0,0,0,0,0,0,0,0,0,0,0,0,0,4,0,1,0,1,0,1,0,1,5,"Always","Often","Often","Sometimes","Sometimes","Often","Often","Sometimes",NA,"Often","Sometimes","Sometimes","Sometimes","Often","Often","High","Small","Shallow","Moderate","Often","Sometimes","Often","Never","Agree","Somewhat disagree","Agree","Somewhat disagree","Agree","Disagree","Agree","Somewhat agree","Strongly agree","Disagree","Supportive","No",0.82,2.97,2.82,10,10
"R_14w94faf9z4jPQu","Saltwater","65 or older","Male",NA,"33715","Pinellas",NA,NA,50,"About once a month","10 - 19 years","Excellent",1,1,0,0,0,0,NA,1,1,0,0,8,0,0,0,0,0,0,0,0,0,0,0,0,0,0,0,0,0,0,0,0,0,0,0,0,0,0,0,0,0,0,0,0,0,0,0,0,0,0,0,1,1,1,0,0,0,0,1,1,1,0,0,0,0,1,1,0,0,0,0,0,0,0,0,0,0,0,0,0,0,0,0,0,0,0,0,0,2,0,0,1,1,0,0,0,0,4,"Often","Often","Often","Sometimes","Rarely","Often","Rarely","Never",NA,"Often","Often","Sometimes","Rarely","Often","Sometimes","Moderate","Medium","Moderate","Complex","Often","Rarely","Sometimes","Never","Agree","Disagree","Somewhat agree","Disagree","Agree","Somewhat disagree","Somewhat agree","Somewhat agree","Somewhat agree","Somewhat disagree","Supportive","No",1.87,1.85,0.87,8.14,10
"R_5HkvVkcu9WykphB","Saltwater","35 - 44","Male",NA,"33710","Pinellas",NA,"$100,000 or more",20,"About once a week","20 years or more","Excellent",2,1,1,0,0,0,NA,1,1,0,0,5,0,0,0,0,0,0,0,0,0,0,0,0,0,0,0,0,0,0,0,0,0,0,0,0,0,0,0,0,0,0,0,0,0,0,0,0,0,0,0,1,0,0,0,0,0,0,0,0,0,0,0,0,0,0,0,0,0,0,0,0,0,0,0,0,0,0,0,0,0,0,0,0,1,1,1,1,0,0,0,0,0,0,0,0,0,3,"Always","Never","Always","Always","Never","Sometimes","Never","Never",NA,"Sometimes","Never","Never","Sometimes","Always","Often",NA,NA,NA,NA,NA,NA,NA,NA,"Somewhat agree","Somewhat disagree","Somewhat agree","Somewhat disagree","Somewhat agree","Somewhat agree","Strongly agree","Somewhat agree","Somewhat disagree","Somewhat agree","Supportive","Yes",5.07,4.92,4.86,6.16,5.32
"R_31i7l7W4lRu0Zot","Saltwater","25 - 34","Male",NA,"34208","Manatee",NA,"$75,001 - $100,000",30,"About once a month","1 - 4 years","Good",2,1,1,0,0,0,NA,1,0,1,0,20,0,0,0,0,0,0,0,0,0,1,0,0,0,0,0,1,1,0,0,0,0,0,1,0,0,0,0,0,0,0,0,0,0,0,0,0,0,0,0,1,1,0,0,0,0,0,1,1,0,0,0,0,0,1,0,0,0,0,0,0,1,1,1,1,0,1,1,1,1,1,1,1,0,0,0,0,5,1,1,1,1,0,1,0,0,5,"Often","Often","Often","Rarely","Sometimes","Often","Rarely","Often","Pompano","Often","Sometimes","Sometimes","Sometimes","Often","Often","Moderate","Small","Not sure","Not sure","Often","Not sure","Often","Rarely","Agree","Somewhat agree","Disagree","Strongly agree","Somewhat agree","Strongly disagree","Somewhat agree","Strongly disagree","Somewhat agree","Somewhat disagree","Supportive","No",0,10,10,10,10
"R_6PzHTXMhT7o1lPc","Saltwater","55 - 64","Female",NA,"34653","Pasco",NA,"$25,001 - $50,000",50,"A few times","1 - 4 years","Excellent",1,1,0,0,0,0,NA,1,1,0,0,16,0,0,1,1,1,0,0,0,0,0,0,0,0,0,0,0,0,0,0,0,0,0,0,0,0,0,0,0,0,0,0,0,0,0,0,0,0,0,0,0,1,0,0,0,0,0,0,1,0,0,0,0,0,0,1,1,0,0,0,1,1,1,0,0,1,1,1,1,1,1,0,0,0,0,0,0,5,0,1,0,1,1,1,1,0,0,"Rarely","Sometimes","Sometimes","Never","Never","Sometimes","Sometimes","Never",NA,"Sometimes","Sometimes","Rarely","Sometimes","Sometimes","Sometimes","Not sure","Not sure","Moderate","Moderate","Not sure","Not sure","Sometimes","Not sure","Somewhat agree","Somewhat agree","Somewhat agree","Somewhat agree","Somewhat agree","Strongly disagree","Strongly agree","Somewhat agree","Somewhat agree","Strongly disagree","Supportive","No",0.04,10,0,0,0
"R_7kLnOPXF0YODr6J","Saltwater","55 - 64","Male",NA,"34698","Pinellas",NA,"$100,000 or more",50,"A few times","5 - 9 years","Good",1,1,0,0,0,0,NA,1,1,0,0,5,0,1,0,0,0,0,0,0,0,0,0,0,0,0,0,0,0,0,0,0,0,0,0,0,0,0,0,0,0,0,0,0,0,0,0,0,0,0,0,0,0,0,0,0,0,0,0,0,0,0,0,0,0,0,0,0,0,0,0,0,0,0,0,0,0,0,0,0,0,0,0,0,1,1,1,1,1,0,0,0,0,0,0,1,0,2,"Sometimes","Often","Often","Sometimes","Rarely","Rarely","Never","Never",NA,"Often","Sometimes","Rarely","Rarely","Often","Sometimes","Not sure","Not sure","Moderate","Moderate","Sometimes","Sometimes","Often","Never","Strongly agree","Disagree","Strongly agree","Disagree","Strongly agree","Somewhat agree","Somewhat agree","Agree","Somewhat agree","Somewhat agree","Supportive","No",1.42,3.54,5.49,7.04,9.25
"R_6r5UAwjT2OOZtFT","Saltwater","65 or older","Male",NA,"33708","Pinellas",NA,"$100,000 or more",300,"About once a week","20 years or more","Excellent",1,1,0,0,0,0,NA,2,1,1,0,28,0,0,0,0,0,0,0,0,0,0,0,0,0,0,0,0,0,0,0,0,0,0,0,0,0,0,0,0,0,0,0,0,0,0,0,0,1,1,0,1,1,0,1,1,0,0,1,1,1,1,0,0,0,1,1,1,0,0,1,1,1,1,0,1,1,1,1,1,1,1,0,0,1,1,1,1,3,1,0,0,0,1,0,0,1,6,"Often","Often","Often","Often","Often","Often","Sometimes","Sometimes","King Mackeral","Often","Often","Often","Never","Often","Often","Low","Small","Shallow","Moderate","Sometimes","Never","Sometimes","Never","Agree","Disagree","Agree","Disagree","Agree","Somewhat disagree","Agree","Disagree","Disagree","Disagree","Neutral","No",1.92,9.17,9.24,1.94,0.13
"R_6q4Pl3pndles2ml","Saltwater","55 - 64","Male",NA,"33704","Pinellas",NA,"$100,000 or more",100,"About once a month","20 years or more","Good",1,1,0,0,0,0,NA,1,1,0,0,12,0,0,0,0,0,0,0,0,0,0,0,0,0,0,0,0,0,0,0,0,0,1,1,0,0,0,0,0,1,1,0,0,0,0,1,0,0,0,0,1,1,0,0,0,0,0,0,1,0,0,0,0,0,0,1,0,0,0,0,0,1,1,0,0,0,0,0,0,0,0,0,0,0,0,0,1,7,1,1,1,1,1,0,1,1,4,"Often","Often","Often","Often","Sometimes","Sometimes","Sometimes","Sometimes","sharks","Often","Sometimes","Rarely","Rarely","Often","Often","Moderate","Medium","Moderate","Moderate","Sometimes","Sometimes","Often","Never","Agree","Disagree","Agree","Disagree","Agree","Somewhat agree","Agree","Somewhat agree","Somewhat agree","Somewhat disagree","Supportive","No",0.94,1.8,2.48,7.99,10
"R_6WuIHv4DsIHaNDS","Saltwater","35 - 44","Female",NA,NA,"Polk",NA,"$100,000 or more",350,"Many times a week","20 years or more","Fair",1,1,0,0,0,0,NA,3,1,1,1,49,0,0,0,0,0,0,0,0,0,0,0,0,0,0,0,0,0,0,1,1,0,0,1,1,1,1,1,0,0,1,1,1,1,1,1,1,1,1,1,1,1,1,1,1,1,0,1,1,1,1,1,0,0,1,1,1,1,1,1,1,1,1,0,1,1,1,1,1,1,1,1,1,0,1,1,1,5,1,1,1,1,0,0,0,1,3,"Sometimes","Often","Rarely","Never","Rarely","Rarely","Often","Often","Really anything that bites. We rarely keep anything.","Often","Rarely","Rarely","Often","Always","Sometimes","Not sure","Not sure","Not sure","Not sure","Not sure","Not sure","Not sure","Not sure","Somewhat agree","Disagree","Agree","Disagree","Agree","Strongly disagree","Strongly agree","Strongly disagree","Strongly agree","Strongly disagree","Supportive","No",0.71,0.73,5.01,10,10
"R_7dAeR08QqM9KGM5","Saltwater","55 - 64","Female",NA,"33603","Hillsborough",NA,"$75,001 - $100,000",60,"A few times","5 - 9 years","Fair",2,1,1,0,0,0,NA,1,1,0,0,19,0,0,0,0,0,0,0,0,0,0,0,0,0,0,0,0,0,0,0,0,0,0,0,0,0,0,0,0,0,1,1,1,0,0,0,1,1,0,0,1,1,1,1,0,0,0,1,1,1,0,0,0,0,1,1,1,0,0,1,1,0,0,0,1,1,0,0,0,0,0,0,0,0,0,0,0,3,1,1,0,1,0,0,0,0,3,"Sometimes","Often","Rarely","Rarely","Often","Often","Sometimes","Sometimes","hogfish","Sometimes","Often","Sometimes","Rarely","Sometimes","Sometimes","Not sure","Not sure","Deep","Moderate","Sometimes","Not sure","Sometimes","Never","Agree","Somewhat disagree","Somewhat agree","Somewhat disagree","Agree","Somewhat disagree","Somewhat disagree","Somewhat disagree","Somewhat disagree","Somewhat disagree","Supportive","No",8.11,4.14,2.8,10,8.55
"R_1hiNnh3WpfpVW9z","Saltwater","55 - 64","Male",NA,"34208","Manatee",NA,"$100,000 or more",800,"A few times","5 - 9 years","Excellent",1,1,0,0,0,0,NA,1,1,0,0,9,0,0,0,0,0,0,0,0,0,0,0,0,0,0,0,0,0,0,0,0,0,0,0,0,0,0,0,0,0,0,0,0,0,0,0,0,0,0,0,0,0,0,0,0,0,0,0,0,0,0,0,0,0,1,1,1,0,0,1,0,1,0,0,1,0,1,1,1,0,0,0,0,0,0,0,0,3,1,0,0,0,0,0,1,1,3,"Sometimes","Sometimes","Sometimes","Often","Sometimes","Often","Often","Rarely",NA,"Sometimes","Often","Sometimes","Rarely","Sometimes","Sometimes","High","Not sure","Deep","Complex","Sometimes","Sometimes","Sometimes","Sometimes","Agree","Disagree","Agree","Disagree","Agree","Somewhat agree","Somewhat agree","Somewhat agree","Somewhat agree","Disagree","Supportive","No",1.92,1.93,1.97,1.92,8.45
"R_1ONNquEyEXGrL2j","Saltwater","55 - 64","Male",NA,"33626","Hillsborough",NA,"$100,000 or more",NA,"About once a month","20 years or more","Good",1,1,0,0,0,0,NA,1,1,0,0,7,1,1,0,0,0,0,0,0,0,0,0,0,0,0,0,0,0,1,0,0,0,0,0,1,0,0,0,0,0,0,0,0,0,0,0,0,0,0,0,1,0,0,0,0,0,0,1,0,0,0,0,0,0,1,0,0,0,0,0,0,0,0,0,0,0,0,0,0,0,0,0,0,0,0,0,0,2,1,0,0,1,0,0,0,0,3,"Always","Always","Always","Rarely","Sometimes","Sometimes","Rarely","Never",NA,"Often","Sometimes","Sometimes","Never","Often","Often","High","Medium","Moderate","Complex","Often","Often","Sometimes","Never","Strongly agree","Strongly disagree","Strongly agree","Strongly disagree","Strongly agree","Somewhat disagree","Somewhat agree","Somewhat agree","Somewhat agree","Somewhat agree","Supportive","No",0.47,0.48,0.56,4.32,10
"R_6Lh8zfAYwtwu0pJ","Saltwater","45 - 54","Male",NA,"33772","Pinellas",NA,"$100,000 or more",75,"A few times","20 years or more","Excellent",2,1,1,0,0,0,NA,3,1,1,1,13,0,0,0,0,0,0,0,0,0,0,0,0,0,0,0,0,0,0,0,0,0,1,1,0,0,0,0,0,1,1,0,0,0,0,1,0,0,0,0,1,1,1,0,0,0,0,1,0,0,0,0,0,0,0,0,0,0,0,0,0,0,0,0,0,0,0,0,0,0,0,0,0,1,1,1,1,7,1,1,1,1,1,1,1,0,5,"Never","Often","Often","Never","Often","Often","Often","Sometimes","Blue Crab","Rarely","Often","Rarely","Never","Often","Sometimes","Not sure","Not sure","Shallow","Complex","Not sure","Not sure","Not sure","Not sure","Agree","Disagree","Somewhat agree","Strongly disagree","Agree","Somewhat disagree","Strongly agree","Strongly disagree","Agree","Strongly disagree","Neutral","No",0.31,8.08,9.17,10,10
"R_70tPlrPPDz3fDVB","Saltwater","55 - 64","Male",NA,"34221","Manatee",NA,"$100,000 or more",600,"About once a week","20 years or more","Excellent",1,1,0,0,0,0,NA,1,1,0,0,20,0,0,0,0,0,0,0,0,0,0,0,0,0,0,0,0,0,0,0,0,0,0,0,0,0,0,0,0,0,0,0,0,0,0,0,0,0,0,0,0,0,0,0,0,1,0,0,0,0,0,1,1,0,0,1,1,1,1,1,1,1,1,1,1,1,1,1,1,1,1,1,0,0,0,0,0,3,1,0,0,0,1,1,0,0,0,"Sometimes","Sometimes","Sometimes","Sometimes","Sometimes","Sometimes","Sometimes","Never",NA,"Often","Often","Sometimes","Rarely","Often","Often","High","Small","Moderate","Complex","Often","Often","Often","Sometimes","Somewhat agree","Somewhat disagree","Somewhat agree","Somewhat disagree","Somewhat agree","Somewhat disagree","Agree","Somewhat agree","Agree","Disagree","Supportive","No",0,0,0,0,10
"R_6YrpbkMIEIw8Nc9","Saltwater","65 or older","Male",NA,"34685","Pinellas",NA,"$100,000 or more",200,"About once a month","20 years or more","Good",1,1,0,0,0,0,NA,1,1,0,0,9,0,0,0,0,0,0,0,0,0,0,0,0,0,0,0,0,0,0,0,0,0,0,0,0,0,0,0,0,0,0,0,0,0,0,0,0,0,0,0,1,0,0,0,0,0,0,0,0,0,0,0,0,0,1,1,0,0,0,1,1,0,0,0,0,0,0,0,0,0,0,0,0,1,1,1,1,0,0,0,0,0,0,0,0,0,4,"Sometimes","Often","Often","Never","Never","Often","Often","Never",NA,"Often","Often","Often","Never","Sometimes","Sometimes","Moderate","Not sure","Not sure","Not sure","Not sure","Not sure","Sometimes","Not sure","Agree","Strongly disagree","Strongly agree","Strongly disagree","Agree","Strongly disagree","Strongly agree","Disagree","Strongly agree","Strongly disagree","Supportive","No",0.44,9.66,9.68,10,10
"R_5s0b3Chy4j0sMGo","Saltwater","55 - 64","Male",NA,NA,"Hillsborough",NA,"$100,000 or more",75,"About once a month","20 years or more","Good",2,1,1,0,0,0,NA,1,1,0,0,19,0,0,0,0,0,0,0,0,0,0,0,0,0,0,0,0,0,0,0,1,1,0,0,0,0,1,1,0,0,0,0,0,1,1,0,0,0,1,1,0,0,0,0,1,1,1,0,1,0,0,1,0,0,0,1,1,1,1,0,0,1,1,0,0,0,0,0,0,0,0,0,0,0,0,0,0,6,1,0,1,1,1,1,0,1,3,"Often","Often","Often","Never","Sometimes","Sometimes","Never","Sometimes",NA,"Always","Sometimes","Sometimes","Often","Always","Always","Moderate","Medium","Moderate","Not sure","Often","Never","Sometimes","Never","Agree","Somewhat disagree","Agree","Somewhat disagree","Agree","Strongly disagree","Strongly agree","Somewhat agree","Strongly agree","Strongly disagree","Neutral","No",10,0.46,0.28,0.17,0.17
"R_3viaFVVvryOR55i","Saltwater","25 - 34","Female",NA,"34275","Sarasota",NA,"$25,001 - $50,000",30,"A few times","1 - 4 years","Good",2,1,1,0,0,0,NA,2,0,1,1,6,0,0,0,0,0,0,1,0,0,0,0,0,0,0,0,0,0,0,0,0,0,0,0,0,0,0,0,0,0,0,0,0,0,0,0,0,0,0,0,1,0,0,0,0,0,0,1,0,0,0,0,0,0,1,0,0,0,0,0,0,0,1,0,0,0,1,0,0,0,0,0,0,0,0,0,0,7,1,1,1,1,1,1,1,0,6,"Often","Sometimes","Often","Often","Often","Often","Sometimes","Always","Whatever bites","Sometimes","Rarely","Sometimes","Sometimes","Often","Often","Not sure","Not sure","Not sure","Not sure","Not sure","Not sure","Not sure","Sometimes","Strongly agree","Somewhat disagree","Agree","Somewhat disagree","Somewhat agree","Somewhat agree","Somewhat agree","Somewhat agree","Somewhat disagree","Agree","Supportive","No",5.23,5.3,0,3.83,0
"R_6MmQMVcU9xTrK4F","Saltwater","55 - 64","Male",NA,"34221","Manatee",NA,"$25,001 - $50,000",75,"About once a week","10 - 19 years","Excellent",2,1,1,0,0,0,NA,1,1,0,0,6,0,0,0,0,0,0,0,0,0,0,0,0,0,0,0,0,0,0,0,0,0,0,0,0,0,0,0,0,0,0,0,0,0,0,0,0,0,0,0,0,0,0,0,0,0,0,0,0,0,0,0,0,0,0,0,0,0,0,1,0,1,1,0,1,0,1,1,0,0,0,0,0,0,0,0,0,1,0,0,0,0,0,0,1,0,1,"Sometimes","Always","Sometimes","Rarely","Sometimes","Rarely","Rarely","Never",NA,"Always","Rarely","Rarely","Rarely","Often","Sometimes","Not sure","Not sure","Not sure","Not sure","Sometimes","Rarely","Never","Never","Agree","Disagree","Agree","Disagree","Agree","Agree","Disagree","Somewhat agree","Disagree","Disagree","Supportive","No",5.3,5.03,5.04,5.28,5.23
"R_7Fydv9CZ0MiqONJ","Saltwater","55 - 64","Male",NA,"33558","Polk",NA,"$100,000 or more",100,"A few times","1 - 4 years","Good",1,1,0,0,0,0,NA,1,1,0,0,10,0,1,0,0,0,1,0,0,0,0,0,0,0,0,0,0,0,0,0,0,0,0,0,0,0,0,0,0,0,0,0,0,0,0,0,0,0,0,0,0,0,0,0,0,0,0,0,0,0,0,0,0,0,0,0,0,0,0,0,0,0,1,0,0,0,1,1,1,1,1,0,0,0,1,1,0,3,0,0,0,1,0,1,0,1,1,"Rarely","Sometimes","Often","Never","Sometimes","Sometimes","Rarely","Sometimes","Pompano, Whitings","Sometimes","Sometimes","Sometimes","Often","Often","Often","Moderate","Medium","Moderate","Moderate","Often","Rarely","Sometimes","Never","Somewhat agree","Somewhat agree","Somewhat agree","Somewhat disagree","Somewhat agree","Somewhat disagree","Somewhat agree","Somewhat disagree","Somewhat agree","Somewhat disagree","Supportive","No",1.82,0,0,7,6.93
"R_1M5sdLukozjdoCa","Saltwater","55 - 64","Male",NA,"33566","Hillsborough",NA,"$25,001 - $50,000",250,"A few times","5 - 9 years","Good",1,1,0,0,0,0,NA,2,0,1,1,4,0,0,0,0,0,0,0,0,0,0,0,0,0,1,1,0,0,0,0,0,1,0,0,0,0,0,0,0,0,0,0,0,0,0,1,0,0,0,0,0,0,0,0,0,0,0,0,0,0,0,0,0,0,0,0,0,0,0,0,0,0,0,0,0,0,0,0,0,0,0,0,0,0,0,0,0,0,0,0,0,0,0,0,0,0,1,"Sometimes","Rarely","Rarely","Rarely","Sometimes","Often","Sometimes","Never","No","Never","Never","Never","Sometimes","Sometimes","Sometimes",NA,NA,NA,NA,NA,NA,NA,NA,"Somewhat disagree","Somewhat agree","Somewhat disagree","Somewhat agree","Somewhat disagree","Disagree","Disagree","Disagree","Strongly disagree","Strongly agree","Supportive","Yes",2.58,10,1.64,10,10
"R_5IoNiPS0xQI1E72","Saltwater","55 - 64","Female",NA,"33710","Pinellas",NA,"$50,001 - $75,000",75,"About once a month","10 - 19 years","Good",1,1,0,0,0,0,NA,1,1,0,0,8,0,0,0,0,0,0,0,0,0,0,0,0,0,0,0,0,0,0,0,0,0,0,0,0,0,0,0,0,0,0,0,0,0,0,0,0,0,0,0,1,1,0,0,0,0,0,1,1,0,0,0,0,0,1,1,1,0,0,0,0,1,0,0,0,0,0,0,0,0,0,0,0,0,0,0,0,3,0,1,1,1,0,0,0,0,6,"Often","Always","Often","Rarely","Always","Always","Always","Sometimes","Permit","Always","Often","Always","Never","Often","Always","Not sure","Small","Deep","Complex","Always","Rarely","Always","Never","Agree","Disagree","Strongly agree","Somewhat agree","Agree","Disagree","Strongly agree","Somewhat disagree","Strongly agree","Somewhat disagree","Supportive","No",3,6.08,4.03,10,10
"R_7QheRqF426vkySg","Saltwater","55 - 64","Female",NA,"33584","Hillsborough",NA,"$25,001 - $50,000",150,"About once a week","10 - 19 years","Fair",2,1,1,0,0,0,NA,1,1,0,0,11,0,0,0,0,0,0,0,0,0,0,0,0,0,0,0,0,0,0,0,1,0,0,0,0,0,1,0,0,0,0,0,0,0,0,0,0,1,0,1,0,0,0,0,0,1,0,1,0,0,0,0,0,0,0,0,1,1,0,0,1,0,1,0,0,0,0,0,0,0,0,0,0,0,0,1,0,5,1,0,1,1,1,1,0,0,5,"Sometimes","Often","Always","Rarely","Always","Often","Sometimes","Always","Flounder and mackarel","Often","Sometimes","Rarely","Often","Always","Sometimes","High","Large","Deep","Moderate","Often","Rarely","Often","Never","Agree","Disagree","Agree","Disagree","Agree","Disagree","Somewhat disagree","Somewhat disagree","Disagree","Somewhat disagree","Supportive","No",1.43,4.15,8.21,8.27,8.99
"R_5MJBFHxCpR622NE","Saltwater","45 - 54","Male",NA,"34221","Manatee",NA,"$100,000 or more",400,"About once a week","20 years or more","Excellent",2,1,1,0,0,0,NA,2,1,0,1,19,0,0,0,0,0,0,0,0,0,0,0,0,0,0,0,0,0,0,0,0,0,0,0,0,0,0,0,0,0,0,0,0,0,0,0,0,0,0,0,1,1,0,0,0,0,0,1,1,0,0,0,0,0,1,1,0,0,0,1,1,1,1,0,1,1,1,1,1,1,1,1,1,0,0,0,0,1,0,0,0,0,1,0,0,0,4,"Sometimes","Sometimes","Sometimes","Rarely","Often","Always","Always","Always","Wahoo","Sometimes","Often","Often","Sometimes","Rarely","Often","Moderate","Medium","Deep","Complex","Often","Often","Often","Rarely","Agree","Disagree","Agree","Strongly disagree","Agree","Disagree","Agree","Somewhat disagree","Disagree","Somewhat disagree","Supportive","No",0.04,1.91,4.7,8.13,10
"R_5BbKFj3HgP6RiWc","Saltwater","45 - 54","Male",NA,"34293","Sarasota",NA,"$50,001 - $75,000",80,"A few times","20 years or more","Fair",2,1,1,0,0,0,NA,1,1,0,0,6,0,0,0,0,0,0,0,0,0,0,0,0,0,0,0,0,0,0,0,0,0,0,0,0,0,0,0,0,0,0,0,0,0,0,0,0,0,0,0,0,0,0,0,0,0,0,0,0,0,0,0,0,0,0,0,0,0,0,0,0,0,0,0,1,1,1,1,1,1,0,0,0,0,0,0,0,5,1,1,1,0,1,1,0,0,2,"Rarely","Rarely","Rarely","Never","Often","Often","Never","Sometimes","Pompano","Often","Often","Sometimes","Never","Often","Sometimes","Not sure","Large","Moderate","Complex","Sometimes","Not sure","Sometimes","Never","Strongly agree","Disagree","Somewhat agree","Somewhat disagree","Somewhat agree","Strongly disagree","Agree","Disagree","Agree","Disagree","Supportive","No",0.45,0.64,0.9,10,10
"R_1lE9dyobaddKOJA","Saltwater","25 - 34","Female",NA,"34653","Pasco",NA,"$50,001 - $75,000",50,"About once a month","1 - 4 years","Good",1,1,0,0,0,0,NA,1,0,0,1,14,0,0,1,1,1,1,1,0,0,0,0,1,0,0,0,1,0,0,0,0,0,0,0,0,0,0,0,0,0,0,0,0,0,0,0,0,0,0,0,1,1,0,0,0,0,0,1,0,0,0,0,0,0,1,0,0,0,0,0,0,0,0,0,0,0,0,0,0,0,0,0,0,1,1,1,0,2,0,0,0,1,0,0,1,0,3,"Often","Sometimes","Sometimes","Sometimes","Often","Often","Never","Sometimes",NA,"Sometimes","Sometimes","Rarely","Sometimes","Often","Often","Not sure","Not sure","Not sure","Not sure","Often","Not sure","Sometimes","Not sure","Somewhat agree","Disagree","Agree","Disagree","Somewhat disagree","Somewhat disagree","Somewhat agree","Somewhat agree","Somewhat agree","Disagree","Supportive","No",5.75,7.32,5.24,7.2,5.21
"R_8yD55i63uDAtGmt","Saltwater","55 - 64","Male",NA,"33629","Hillsborough",NA,"$25,000 or less",250,"A few times","10 - 19 years","Excellent",1,1,0,0,0,0,NA,1,1,0,0,13,0,0,0,1,1,1,0,0,1,1,1,1,0,0,0,1,1,1,0,0,0,1,1,1,0,0,0,0,0,0,0,0,0,0,0,0,0,0,0,0,0,0,0,0,0,0,0,0,0,0,0,0,0,0,0,0,0,0,0,0,0,0,0,0,0,0,0,0,0,0,0,0,0,0,0,0,0,0,0,0,0,0,0,0,0,3,"Always","Always","Sometimes","Rarely","Rarely","Often","Rarely","Never",NA,"Often","Never","Rarely","Rarely","Rarely","Always","Moderate","Medium","Shallow","Simple","Not sure","Not sure","Sometimes","Never","Agree","Disagree","Agree","Disagree","Agree","Strongly disagree","Strongly agree","Strongly disagree","Strongly agree","Strongly disagree","Supportive","No",0.88,2.19,5.96,10,10
"R_6B9B63ZhFYATJlG","Saltwater","35 - 44","Male",NA,"33612","Hillsborough",NA,"$25,000 or less",75,"About once a month","Less than a year","Fair",1,1,0,0,0,0,NA,2,0,1,1,3,0,0,0,0,0,0,0,0,0,0,0,0,0,0,0,0,0,0,0,0,0,0,0,0,0,0,0,0,0,0,0,0,0,0,0,0,0,0,0,0,1,1,0,0,0,0,0,0,0,0,0,0,0,0,0,0,0,0,0,0,0,1,0,0,0,0,0,0,0,0,0,0,0,0,0,0,2,0,0,1,0,1,0,0,0,1,"Rarely","Rarely","Rarely","Sometimes","Sometimes","Sometimes","Sometimes","Often","Sharks, Baracuda","Rarely","Rarely","Never","Rarely","Never","Rarely",NA,NA,NA,NA,NA,NA,NA,NA,"Somewhat agree","Somewhat disagree","Somewhat agree","Somewhat disagree","Somewhat agree","Somewhat disagree","Somewhat disagree","Somewhat agree","Somewhat disagree","Somewhat agree","Neutral","No",4.99,7.14,3.92,3.87,7.22
"R_3SxDZkhc7Bxf6nf","Saltwater","55 - 64","Male",NA,"33572","Hillsborough",NA,"$100,000 or more",150,"About once a month","20 years or more","Excellent",1,1,0,0,0,0,NA,1,1,0,0,9,0,0,0,0,0,0,0,0,0,0,0,0,0,0,0,0,0,0,0,0,0,0,0,0,0,0,0,0,0,0,0,0,1,1,0,0,0,1,1,0,0,0,0,0,1,0,0,0,0,0,1,0,0,0,0,0,1,0,1,0,0,1,0,0,0,0,0,0,0,0,0,0,0,0,0,0,3,0,0,0,1,1,1,0,0,4,"Always","Always","Always","Sometimes","Sometimes","Often","Never","Rarely",NA,"Always","Sometimes","Rarely","Sometimes","Always","Always","High","Small","Moderate","Complex","Often","Sometimes","Sometimes","Never","Strongly agree","Somewhat disagree","Agree","Somewhat disagree","Agree","Disagree","Agree","Somewhat agree","Agree","Disagree","Neutral","No",4.98,9.93,10,10,10
"R_3mCmSjxXTrvu6aT","Saltwater","55 - 64","Male",NA,"33884","Polk",NA,"$100,000 or more",100,"A few times","10 - 19 years","Good",1,1,0,0,0,0,NA,1,1,0,0,7,0,0,0,0,0,0,0,0,0,0,0,0,0,0,0,0,0,0,0,0,0,0,0,0,0,0,0,0,0,0,0,0,0,0,0,0,0,0,0,1,1,0,0,0,0,0,1,1,0,0,0,0,0,1,0,0,0,0,0,0,0,0,0,1,0,0,0,1,0,0,0,0,0,0,0,0,1,0,0,0,0,1,0,0,0,2,"Always","Always","Never","Never","Never","Never","Never","Never",NA,"Often","Often","Never","Never","Often","Often",NA,NA,NA,NA,NA,NA,NA,NA,"Agree","Disagree","Agree","Disagree","Agree","Agree","Agree","Disagree","Agree","Disagree","Supportive","No",0.87,0.89,0.82,0.92,9.97
"R_3esIPW8ZTvLpf88","Saltwater","65 or older","Male",NA,"34217","Manatee",NA,"$100,000 or more",100,"A few times","10 - 19 years","Good",1,1,0,0,0,0,NA,1,1,0,0,11,0,0,0,0,0,0,0,0,0,0,0,0,0,0,0,0,0,0,0,0,0,0,0,0,0,0,0,0,0,0,0,0,0,0,0,0,0,0,0,0,0,0,0,0,0,0,0,0,0,0,0,0,0,1,0,0,0,0,1,1,1,1,0,1,1,1,1,1,1,0,0,0,0,0,0,0,3,0,0,1,1,1,0,0,0,5,"Often","Often","Often","Often","Sometimes","Sometimes","Sometimes","Often","Flounder","Often","Sometimes","Often","Sometimes","Often","Often","Not sure","Medium","Deep","Moderate","Often","Often","Often","Never","Strongly agree","Disagree","Strongly agree","Disagree","Strongly agree","Agree","Strongly agree","Agree","Agree","Somewhat disagree","Supportive","No",1.83,0.94,0.96,10,10
"R_6c9dVeJ5JRfCQoh","Saltwater","55 - 64","Male",NA,"34209","Manatee",NA,"$75,001 - $100,000",50,"About once a month","20 years or more","Excellent",1,1,0,0,0,0,NA,1,1,0,0,12,0,0,0,0,0,0,0,0,0,0,0,0,0,0,0,0,0,0,0,0,0,0,0,0,0,0,0,0,0,0,0,0,0,0,0,0,0,0,0,0,0,0,0,0,0,0,0,0,0,0,0,0,0,0,0,0,1,1,0,0,1,1,1,1,1,1,1,1,1,1,0,0,0,0,0,0,0,0,0,0,0,0,0,0,0,3,"Often","Often","Often","Sometimes","Rarely","Rarely","Never","Sometimes","Flounder","Always","Rarely","Never","Sometimes","Often","Sometimes",NA,NA,NA,NA,NA,NA,NA,NA,"Somewhat agree","Somewhat disagree","Somewhat agree","Somewhat agree","Somewhat agree","Strongly disagree","Strongly agree","Strongly disagree","Strongly agree","Strongly disagree","Supportive","No",0,0,0,0,10
"R_5JIBi81En1WWSeV","Saltwater","55 - 64","Male",NA,"33707","Pinellas",NA,"$100,000 or more",300,"About once a month","20 years or more","Good",1,1,0,0,0,0,NA,1,1,0,0,27,0,0,0,0,0,0,0,0,0,0,0,0,0,0,0,0,0,0,0,0,0,0,0,0,0,0,0,0,0,0,0,0,0,0,1,0,0,0,0,1,1,1,0,0,1,0,1,1,0,0,0,1,1,1,1,1,1,1,1,1,1,1,1,1,1,1,1,0,0,0,0,0,1,1,1,1,3,0,0,0,1,1,1,0,0,2,"Sometimes","Often","Often","Sometimes","Rarely","Sometimes","Rarely","Sometimes",NA,"Often","Sometimes","Sometimes","Never","Often","Sometimes","Not sure","Not sure","Deep","Complex","Never","Never","Sometimes","Never","Somewhat disagree","Somewhat agree","Somewhat agree","Somewhat agree","Somewhat disagree","Disagree","Agree","Somewhat agree","Agree","Disagree","Supportive","No",8.76,5.41,3.14,0.89,9.91
"R_6cnFim1UPw2LM5P","Saltwater","45 - 54","Male",NA,"33545","Pasco",NA,"$100,000 or more",300,"About once a week","20 years or more","Good",1,1,0,0,0,0,NA,1,1,0,0,14,0,0,0,0,0,1,1,0,0,0,0,1,0,0,0,0,0,1,0,0,0,1,1,1,0,0,0,0,0,0,0,0,0,0,0,0,0,0,1,1,0,0,0,0,1,0,1,0,0,0,1,0,0,0,0,0,0,1,0,0,0,1,0,0,0,0,0,0,0,0,0,0,0,0,0,0,2,0,0,0,0,0,1,0,1,3,"Often","Often","Often","Rarely","Rarely","Rarely","Rarely","Never",NA,"Often","Sometimes","Sometimes","Often","Often","Often","Moderate","Large","Moderate","Moderate","Often","Rarely","Often","Rarely","Somewhat agree","Somewhat disagree","Somewhat agree","Somewhat disagree","Somewhat agree","Somewhat disagree","Somewhat agree","Somewhat disagree","Somewhat agree","Somewhat disagree","Neutral","No",0.37,0.28,0.27,0.45,10
"R_7ki9QDwupnYFKeX","Saltwater","65 or older","Male",NA,"34695","Pinellas",NA,"$75,001 - $100,000",100,"About once a week","20 years or more","Excellent",1,1,0,0,0,0,NA,1,0,1,0,1,1,0,0,0,0,0,0,0,0,0,0,0,0,0,0,0,0,0,0,0,0,0,0,0,0,0,0,0,0,0,0,0,0,0,0,0,0,0,0,0,0,0,0,0,0,0,0,0,0,0,0,0,0,0,0,0,0,0,0,0,0,0,0,0,0,0,0,0,0,0,0,0,0,0,0,0,0,0,0,0,0,0,0,0,0,0,"Sometimes","Sometimes","Sometimes","Never","Sometimes","Never","Sometimes","Never",NA,"Sometimes","Rarely","Sometimes","Sometimes","Always","Sometimes","Not sure","Large","Not sure","Moderate","Never","Rarely","Rarely","Never","Somewhat disagree","Disagree","Somewhat agree","Disagree","Agree","Disagree","Disagree","Somewhat agree","Somewhat agree","Somewhat agree","Supportive","No",1.85,4.07,9.01,10,10
"R_3Q4GcPrf1t4qkvL","Saltwater","45 - 54","Male",NA,"33703","Pinellas",NA,NA,30,"About once a month","5 - 9 years","Excellent",1,1,0,0,0,0,NA,1,1,0,0,18,0,1,0,0,1,1,0,0,1,0,0,0,0,0,0,1,0,0,0,0,0,1,1,0,0,0,0,0,1,1,0,0,0,0,1,1,0,0,0,1,1,1,1,0,0,0,1,1,0,0,0,0,0,1,0,0,0,0,0,0,0,0,0,0,0,0,0,0,0,0,0,0,0,0,0,0,0,0,0,0,0,0,0,0,0,3,"Rarely","Often","Often","Rarely","Sometimes","Often","Rarely","Sometimes",NA,"Always","Sometimes","Sometimes","Rarely","Sometimes","Sometimes","Moderate","Small","Shallow","Moderate","Rarely","Rarely","Sometimes","Rarely","Somewhat agree","Somewhat disagree","Somewhat agree","Somewhat disagree","Somewhat agree","Somewhat agree","Somewhat disagree","Somewhat agree","Somewhat disagree","Somewhat agree","Supportive","No",1.7,5.11,2.43,3.31,2.43
"R_1kpoTMuFd7X6oxe","Saltwater","65 or older","Male",NA,"33860","Polk",NA,"$100,000 or more",40,"About once a week","20 years or more","Good",1,0,1,0,0,0,NA,1,1,0,0,5,0,0,0,0,0,0,0,0,0,0,0,0,0,0,0,0,0,0,0,0,0,0,0,0,0,0,0,0,0,0,0,0,0,0,0,0,0,0,0,0,0,0,0,1,1,0,0,1,0,0,1,0,0,0,0,0,0,0,0,0,0,1,0,0,0,0,0,0,0,0,0,0,0,0,0,0,1,0,0,0,0,0,0,1,0,2,"Rarely","Often","Sometimes","Never","Rarely","Often","Rarely","Never",NA,"Often","Never","Sometimes","Rarely","Sometimes","Rarely","Not sure","Not sure","Not sure","Not sure","Not sure","Not sure","Not sure","Not sure","Somewhat agree","Disagree","Agree","Disagree","Agree","Somewhat agree","Somewhat agree","Agree","Disagree","Disagree","Supportive","No",4.09,6.37,2.01,3.05,0.9
"R_5aOA4pDBBNmDq7j","Saltwater","45 - 54","Male",NA,"33810","Polk",NA,"$100,000 or more",300,"A few times","1 - 4 years","Fair",1,1,0,0,0,0,NA,1,1,0,0,18,0,0,0,0,0,0,0,0,0,0,0,0,0,0,0,0,0,0,0,0,0,0,0,0,0,0,0,0,0,0,0,0,0,0,0,0,1,0,0,0,0,0,1,1,0,0,0,1,1,1,1,0,0,0,1,1,1,0,1,1,1,0,0,1,1,1,0,1,1,0,0,0,0,0,0,0,2,0,0,0,0,0,0,1,1,1,"Sometimes","Sometimes","Sometimes","Sometimes","Never","Sometimes","Often","Sometimes",NA,"Sometimes","Often","Often","Rarely","Sometimes","Often","Not sure","Large","Deep","Complex","Often","Often","Sometimes","Not sure","Agree","Disagree","Somewhat agree","Disagree","Agree","Strongly disagree","Strongly agree","Disagree","Agree","Disagree","Supportive","No",1.65,1.64,2.1,9.11,9.63
"R_7ylrVmzx6InfPNd","Saltwater","45 - 54","Male",NA,"34221","Manatee",NA,"$75,001 - $100,000",150,"A few times","20 years or more","Good",1,1,0,0,0,0,NA,1,1,0,0,16,0,0,0,0,0,0,0,0,0,0,0,0,0,0,0,0,0,0,0,0,0,0,0,0,0,0,0,0,0,0,0,0,0,0,0,0,0,0,0,0,0,0,0,0,0,0,0,0,0,0,1,1,0,0,0,1,0,1,0,0,1,1,1,1,1,1,1,1,1,1,1,1,0,0,0,0,6,0,1,1,1,1,1,0,1,5,"Often","Often","Often","Never","Rarely","Often","Often","Sometimes","Permit","Often","Often","Sometimes","Often","Often","Often","Low","Small","Shallow","Moderate","Rarely","Sometimes","Sometimes","Not sure","Somewhat agree","Disagree","Strongly agree","Strongly disagree","Strongly agree","Disagree","Agree","Agree","Agree","Somewhat agree","Supportive","No",2.4,8.62,4.87,9.45,8.01
"R_55MIgg6lUBeXrr7","Saltwater","45 - 54","Male",NA,"33703","Pinellas",NA,"$100,000 or more",100,"About once a month","20 years or more","Good",1,1,0,0,0,0,NA,2,1,1,0,12,0,0,0,0,0,0,0,0,0,0,0,0,0,0,0,0,0,0,0,0,0,0,0,0,0,0,0,0,1,1,0,0,0,0,1,0,0,0,0,1,1,1,0,0,0,0,1,1,1,0,0,0,0,0,1,1,0,0,0,0,0,0,0,0,0,0,0,0,0,0,0,0,0,0,0,1,3,1,1,0,0,1,0,0,0,0,"Sometimes","Sometimes","Sometimes","Sometimes","Sometimes","Sometimes","Sometimes","Sometimes","Pompano","Often","Sometimes","Rarely","Never","Often","Often","Not sure","Small","Not sure","Not sure","Sometimes","Not sure","Often","Not sure","Strongly agree","Disagree","Agree","Strongly disagree","Agree","Agree","Agree","Agree","Agree","Somewhat disagree","Supportive","No",1.92,3.83,6.56,6.87,7.99
"R_6rMIRTHZz2woTmH","Saltwater","45 - 54","Male",NA,"33615","Hillsborough",NA,"$25,001 - $50,000",20,"About once a week","10 - 19 years","Good",2,1,1,0,0,0,NA,1,1,0,0,3,0,0,0,0,1,1,0,0,0,0,0,0,0,0,0,0,0,1,0,0,0,0,0,0,0,0,0,0,0,0,0,0,0,0,0,0,0,0,0,0,0,0,0,0,0,0,0,0,0,0,0,0,0,0,0,0,0,0,0,0,0,0,0,0,0,0,0,0,0,0,0,0,0,0,0,0,0,0,0,0,0,0,0,0,0,5,"Often","Often","Often","Never","Often","Often","Never","Sometimes","Pompano, Spanish mackere, gruntl","Rarely","Never","Rarely","Always","Always","Often","Not sure","Large","Shallow","Simple","Always","Never","Never","Never","Strongly agree","Strongly disagree","Strongly agree","Disagree","Agree","Agree","Somewhat agree","Agree","Somewhat agree","Agree","Supportive","No",0,4.65,10,10,10
"R_7HSObPYAU0jSIEd","Saltwater","45 - 54","Male",NA,"33607","Hillsborough",NA,"$100,000 or more",125,"A few times","20 years or more","Good",2,1,1,0,0,0,NA,1,1,0,0,29,0,0,0,0,0,0,0,0,0,0,0,0,1,1,0,0,0,0,1,1,1,0,1,1,1,1,1,0,0,1,0,1,1,1,0,1,0,0,1,0,0,0,1,0,0,0,1,1,0,0,0,0,0,1,1,0,0,0,1,1,1,0,0,1,1,1,0,1,1,0,0,0,0,0,0,0,0,0,0,0,0,0,0,0,0,3,"Sometimes","Often","Often","Sometimes","Sometimes","Often","Sometimes","Rarely",NA,"Often","Often","Sometimes","Sometimes","Often","Sometimes","Moderate","Small","Moderate","Complex","Sometimes","Rarely","Often","Never","Strongly agree","Strongly disagree","Agree","Strongly disagree","Strongly agree","Somewhat disagree","Agree","Somewhat agree","Agree","Strongly disagree","Supportive","No",2.96,6.97,7.01,9.99,6.38
"R_5BKEC2nEBPC9Vjr","Saltwater","18 - 24","Male",NA,"33772","Pinellas",NA,"$25,001 - $50,000",1600,"About once a week","10 - 19 years","Excellent",1,1,0,0,0,0,NA,1,0,1,0,11,0,0,0,0,0,0,0,0,0,0,0,0,0,0,0,0,0,0,0,0,0,0,0,0,0,0,0,0,0,0,0,0,0,0,0,0,0,0,0,1,1,0,0,0,0,0,1,1,0,0,0,0,0,1,1,0,0,0,0,0,1,1,0,0,0,0,0,0,0,0,0,0,0,1,1,1,7,1,1,0,1,1,1,1,1,5,"Often","Often","Sometimes","Sometimes","Sometimes","Often","Often","Always","Puffer fish","Often","Often","Often","Sometimes","Always","Always","High","Large","Deep","Moderate","Sometimes","Rarely","Often","Sometimes","Somewhat disagree","Disagree","Somewhat disagree","Somewhat agree","Agree","Somewhat agree","Somewhat agree","Disagree","Disagree","Agree","Supportive","No",1.97,7.19,8.71,4.99,6.04
"R_3LB5LEI4d0mzhx2","Saltwater","55 - 64","Male",NA,"34208","Manatee",NA,"$25,000 or less",50,"About once a week","5 - 9 years","Good",1,1,0,0,0,0,NA,1,1,0,0,8,0,0,0,0,0,0,0,0,0,0,0,0,0,0,0,0,0,0,0,0,0,0,0,0,0,0,0,0,0,0,0,0,0,0,0,0,0,0,0,0,0,0,0,0,0,0,0,0,0,0,0,0,0,0,1,1,0,0,0,1,1,0,0,0,0,1,0,0,1,1,1,0,0,0,0,0,0,0,0,0,0,0,0,0,0,3,"Sometimes","Rarely","Rarely","Sometimes","Often","Often","Often","Never",NA,"Rarely","Sometimes","Often","Sometimes","Sometimes","Often","Moderate","Medium","Moderate","Complex","Often","Rarely","Sometimes","Never","Somewhat agree","Somewhat disagree","Somewhat agree","Somewhat disagree","Agree","Somewhat agree","Somewhat disagree","Somewhat disagree","Somewhat disagree","Somewhat agree","Supportive","No",1.83,5.08,1.11,1.35,0.73
"R_6OI1d1VUArGtwcB","Saltwater","55 - 64","Male",NA,"33611","Hillsborough",NA,"$50,001 - $75,000",80,"About once a month","20 years or more","Good",2,1,1,0,0,0,NA,1,1,0,0,10,0,0,0,0,0,0,0,0,0,0,0,0,0,0,0,0,1,1,0,0,0,0,1,0,0,0,0,0,0,0,0,0,0,0,0,1,0,1,0,0,0,1,1,0,1,0,0,0,0,0,1,0,0,0,0,0,1,0,0,0,0,0,0,0,0,0,0,0,0,0,0,0,0,0,0,0,6,1,1,1,1,1,1,0,0,1,"Rarely","Sometimes","Sometimes","Rarely","Rarely","Often","Rarely","Sometimes","Spanish mackerel","Sometimes","Sometimes","Sometimes","Rarely","Sometimes","Sometimes","Low","Small","Moderate","Not sure","Not sure","Not sure","Not sure","Not sure","Agree","Disagree","Somewhat agree","Strongly disagree","Strongly agree","Somewhat agree","Somewhat agree","Somewhat agree","Agree","Disagree","Supportive","No",1.58,5.19,10,6.03,5.05
"R_6nkHMXRhHv21O2x","Saltwater","65 or older","Male",NA,"33781","Pinellas",NA,"$50,001 - $75,000",40,"About once a week","1 - 4 years","Good",1,1,0,0,0,0,NA,2,0,1,1,8,0,0,0,0,0,0,0,0,0,0,0,0,0,0,0,0,0,0,0,0,0,0,0,0,0,0,0,0,0,0,0,0,0,0,1,0,0,0,0,1,1,1,0,0,0,0,0,0,0,0,0,0,0,0,0,0,0,0,0,0,0,0,0,0,0,0,0,0,0,0,0,0,1,1,1,1,0,0,0,0,0,0,0,0,0,2,"Rarely","Often","Rarely","Never","Often","Sometimes","Rarely","Never",NA,"Rarely","Sometimes","Sometimes","Sometimes","Sometimes","Often","Not sure","Medium","Shallow","Moderate","Often","Not sure","Sometimes","Never","Somewhat agree","Disagree","Somewhat agree","Disagree","Agree","Agree","Agree","Somewhat agree","Agree","Somewhat disagree","Supportive","No",9.63,10,10,10,10
"R_6iFjUyfV5NNyVHg","Saltwater","55 - 64","Male",NA,"33880","Polk",NA,"$50,001 - $75,000",NA,"A few times","20 years or more","Good",1,1,0,0,0,0,NA,1,1,0,0,5,0,0,0,0,0,0,0,0,0,0,0,0,0,0,0,0,0,0,0,0,0,0,0,0,0,0,1,0,0,0,0,0,0,1,0,0,0,0,1,0,0,0,0,0,1,1,0,0,0,0,0,0,0,0,0,0,0,0,0,0,0,0,0,0,0,0,0,0,0,0,0,0,0,0,0,0,2,0,0,0,0,1,0,1,0,3,"Often","Always","Often","Rarely","Rarely","Rarely","Rarely","Never",NA,"Often","Sometimes","Rarely","Often","Often","Rarely","Not sure","Medium","Moderate","Moderate","Not sure","Not sure","Sometimes","Never","Agree","Disagree","Agree","Somewhat disagree","Somewhat agree","Somewhat agree","Somewhat agree","Somewhat agree","Somewhat agree","Somewhat agree","Supportive","No",4.86,6.5,2.93,2.41,2.17
"R_3Hcxbf44hpYVt0v","Saltwater","45 - 54","Male",NA,"33764","Pinellas",NA,"$100,000 or more",250,"A few times","5 - 9 years","Good",1,1,0,0,0,0,NA,3,1,1,1,5,0,0,1,0,0,0,0,1,0,0,0,0,0,0,0,0,0,0,0,0,0,0,0,0,0,0,0,0,0,0,0,0,0,0,0,0,0,0,0,0,0,0,0,0,0,0,0,0,0,0,0,0,0,0,0,0,0,0,0,0,0,0,0,0,0,0,0,0,0,0,0,0,1,1,1,0,2,1,0,0,1,0,0,0,0,0,"Sometimes","Sometimes","Sometimes","Sometimes","Sometimes","Rarely","Rarely","Never",NA,"Often","Rarely","Rarely","Rarely","Often","Often","Not sure","Not sure","Not sure","Not sure","Not sure","Not sure","Not sure","Not sure","Agree","Strongly disagree","Agree","Disagree","Agree","Disagree","Agree","Disagree","Agree","Disagree","Supportive","No",0.84,10,10,9.88,9.73
"R_7zMHGn5iOaLw3Qh","Saltwater","45 - 54","Male",NA,"33510","Hillsborough",NA,"$100,000 or more",100,"About once a week","20 years or more","Excellent",1,1,0,0,0,0,NA,1,1,0,0,6,0,0,0,0,0,0,0,0,0,0,0,0,0,0,0,0,0,0,0,0,0,0,0,0,0,0,1,0,0,0,0,0,0,0,0,0,0,0,1,0,0,0,0,0,1,0,0,0,0,0,1,1,0,0,0,0,0,0,0,0,0,1,0,0,0,0,0,0,0,0,0,0,0,0,0,0,0,0,0,0,0,0,0,0,0,2,"Always","Sometimes","Always","Sometimes","Rarely","Sometimes","Sometimes","Sometimes","Triple tail and Cobia","Often","Sometimes","Sometimes","Often","Always","Sometimes","Moderate","Large","Moderate","Complex","Sometimes","Not sure","Not sure","Not sure","Strongly agree","Somewhat agree","Somewhat agree","Somewhat disagree","Strongly agree","Somewhat agree","Somewhat agree","Agree","Somewhat disagree","Agree","Supportive","No",1.48,7.92,4.91,6.23,2.99
"R_6kZbFD8sdm0CQ5X","Saltwater","55 - 64","Male",NA,"33707","Pinellas",NA,"$75,001 - $100,000",NA,"About once a month","20 years or more","Excellent",2,1,1,0,0,0,NA,1,1,0,0,11,0,0,0,0,0,0,0,0,0,0,0,0,0,0,0,0,0,0,0,0,0,0,0,0,0,0,0,0,0,0,0,0,0,0,0,0,0,0,0,1,1,0,0,0,0,0,1,1,0,0,0,0,0,0,1,0,1,0,0,0,1,1,0,0,0,1,1,0,0,0,0,0,0,0,0,1,2,0,0,1,0,1,0,0,0,3,"Sometimes","Often","Often","Rarely","Sometimes","Often","Sometimes","Sometimes","mackerel","Often","Sometimes","Often","Sometimes","Often","Often","Moderate","Medium","Moderate","Moderate","Sometimes","Sometimes","Often","Sometimes","Somewhat agree","Somewhat disagree","Somewhat agree","Somewhat disagree","Somewhat agree","Somewhat agree","Agree","Somewhat agree","Somewhat agree","Somewhat disagree","Supportive","No",2.72,3.14,2.65,6.82,6.85
"R_3VQugL458hNUGmV","Saltwater","65 or older","Male",NA,"33704","Pinellas",NA,"$100,000 or more",700,"A few times","20 years or more","Excellent",3,1,1,0,1,0,NA,2,1,1,0,4,0,0,0,0,0,0,0,0,0,0,0,0,0,0,0,0,0,0,0,0,0,0,1,0,0,0,0,0,0,1,0,0,0,0,1,0,0,0,0,0,0,1,0,0,0,0,0,0,0,0,0,0,0,0,0,0,0,0,0,0,0,0,0,0,0,0,0,0,0,0,0,0,0,0,0,0,1,1,0,0,0,0,0,0,0,3,"Always","Always","Always","Sometimes","Sometimes","Sometimes","Sometimes","Never",NA,"Often","Sometimes","Sometimes","Rarely","Often","Often","Moderate","Medium","Moderate","Complex","Often","Sometimes","Rarely","Never","Strongly agree","Strongly disagree","Strongly agree","Strongly disagree","Strongly agree","Somewhat agree","Agree","Somewhat disagree","Somewhat agree","Strongly disagree","Supportive","No",0,0,0,10,10
"R_6qmumm8oZmpJLzf","Saltwater","55 - 64","Male",NA,"33704","Pinellas",NA,"$100,000 or more",10,"About once a month","1 - 4 years","Fair",1,1,0,0,0,0,NA,1,0,1,0,7,0,0,0,0,0,0,0,0,0,0,0,0,0,0,0,0,0,0,0,0,0,0,0,0,0,0,0,0,1,1,0,0,0,0,0,0,0,0,0,1,0,1,0,0,0,0,1,0,0,0,0,0,0,1,1,0,0,0,0,0,0,0,0,0,0,0,0,0,0,0,0,0,0,0,0,0,3,1,1,0,0,0,1,0,0,4,"Often","Often","Often","Sometimes","Rarely","Rarely","Rarely","Often","other inshore species","Often","Never","Never","Never","Often","Rarely",NA,NA,NA,NA,NA,NA,NA,NA,"Agree","Somewhat disagree","Agree","Strongly disagree","Strongly agree","Disagree","Strongly agree","Strongly disagree","Strongly agree","Strongly disagree","Supportive","No",10,2.07,7.07,10,10
"R_7fjfnSgDax2H83f","Saltwater","25 - 34","Male",NA,"32212","Other","Saint Johns","$75,001 - $100,000",450,"A few times","Less than a year","Excellent",2,1,1,0,0,0,NA,1,1,0,0,8,0,0,0,0,0,0,0,0,0,0,0,0,0,0,0,0,0,0,0,0,0,0,0,0,0,0,0,0,0,0,0,0,0,0,0,0,0,0,0,1,0,0,0,0,0,0,1,0,0,0,0,0,0,1,0,0,0,0,1,1,0,0,0,1,1,0,0,0,0,0,0,0,0,0,1,0,0,0,0,0,0,0,0,0,0,3,"Rarely","Rarely","Rarely","Sometimes","Always","Always","Always","Sometimes","King fish or mahi mahi","Rarely","Often","Often","Never","Rarely","Often","Not sure","Not sure","Not sure","Complex","Often","Sometimes","Often","Not sure","Agree","Disagree","Agree","Disagree","Agree","Somewhat agree","Agree","Somewhat agree","Agree","Disagree","Supportive","No",7.07,7.13,10,10,4.39
"R_64HJyNteB3WCEcK","Saltwater","65 or older","Male",NA,"33578","Hillsborough",NA,"$100,000 or more",50,"About once a week","20 years or more","Good",1,1,0,0,0,0,NA,2,1,1,0,5,0,0,0,0,0,0,0,0,0,0,0,0,0,0,0,0,0,0,0,0,0,0,0,0,0,0,0,0,0,0,0,0,0,0,0,0,0,0,0,0,0,0,0,0,0,0,0,0,0,0,0,0,0,0,0,0,1,1,0,0,0,1,1,0,0,0,1,0,0,0,0,0,0,0,0,0,4,0,0,0,0,1,1,1,1,3,"Often","Often","Often","Sometimes","Rarely","Rarely","Rarely","Never",NA,"Often","Rarely","Rarely","Sometimes","Often","Sometimes","Not sure","Medium","Moderate","Moderate","Rarely","Never","Sometimes","Never","Somewhat agree","Somewhat agree","Somewhat agree","Somewhat agree","Somewhat agree","Strongly disagree","Strongly disagree","Strongly disagree","Agree","Strongly disagree","Neutral","No",0.61,0.63,0.84,0.43,0.85
"R_5jIc3GLTZzgtwn7","Saltwater","35 - 44","Male",NA,"33572","Hillsborough",NA,"$100,000 or more",150,"About once a week","1 - 4 years","Fair",2,1,1,0,0,0,NA,1,1,0,0,14,0,0,0,0,0,0,0,0,0,0,0,0,0,0,0,0,0,0,0,0,0,0,0,0,0,0,0,0,0,0,0,0,1,1,0,0,0,1,1,0,0,0,0,1,1,0,0,1,1,0,1,0,0,0,1,1,1,0,0,0,1,1,0,0,0,0,0,0,0,0,0,0,0,0,0,0,3,1,0,0,1,1,0,0,0,4,"Often","Often","Often","Rarely","Sometimes","Often","Sometimes","Sometimes",NA,"Often","Often","Often","Sometimes","Often","Often","Moderate","Small","Moderate","Moderate","Not sure","Not sure","Not sure","Not sure","Somewhat agree","Disagree","Somewhat agree","Somewhat disagree","Agree","Somewhat disagree","Somewhat agree","Disagree","Somewhat agree","Disagree","Supportive","No",0.77,8.03,5.56,9.08,0.32
"R_39nB6SzwPIcAOKh","Saltwater","35 - 44","Male",NA,NA,"Pinellas",NA,"$25,001 - $50,000",800,"About once a month","20 years or more","Good",1,0,0,0,0,1,"Fun, sport, relaxation, and food",1,1,0,0,34,0,0,0,0,0,0,0,0,0,0,0,0,0,0,0,0,0,0,0,0,0,1,1,0,0,0,0,0,1,1,0,0,0,0,1,1,1,1,1,1,1,1,1,1,1,0,1,1,1,1,1,1,0,1,1,1,1,1,0,1,1,1,1,0,0,0,0,0,0,0,0,0,1,1,1,1,8,1,1,1,1,1,1,1,1,6,"Often","Sometimes","Often","Often","Sometimes","Often","Often","Often",NA,"Always","Always","Always","Rarely","Always","Always","Moderate","Medium","Moderate","Moderate","Sometimes","Rarely","Often","Often","Somewhat disagree","Somewhat agree","Somewhat agree","Agree","Agree","Somewhat agree","Strongly agree","Strongly disagree","Strongly disagree","Strongly disagree","Neutral","No",0,7.78,3.74,0,10
"R_5Qch5ZttLiHQliR","Saltwater","65 or older","Male",NA,"34208","Manatee",NA,"$100,000 or more",50,"About once a month","20 years or more","Excellent",1,1,0,0,0,0,NA,1,1,0,0,24,0,0,0,0,0,0,0,0,0,0,0,0,0,0,0,0,0,0,1,1,1,0,0,0,0,1,1,0,0,0,0,0,1,1,0,0,0,0,1,0,0,0,0,0,1,0,0,0,0,0,1,0,0,0,0,0,1,0,1,1,1,1,0,1,1,1,1,1,1,1,1,1,0,0,0,0,5,1,1,1,1,1,0,0,0,3,"Often","Sometimes","Often","Always","Rarely","Rarely","Rarely","Rarely",NA,"Often","Sometimes","Rarely","Sometimes","Often","Rarely","Moderate","Medium","Moderate","Moderate","Often","Rarely","Rarely","Not sure","Agree","Disagree","Agree","Disagree","Agree","Somewhat disagree","Somewhat agree","Agree","Somewhat agree","Somewhat agree","Supportive","No",5.12,8.77,8.77,8.55,9.01
"R_5AHa6JaoXu7gqUK","Saltwater","25 - 34","Male",NA,"34203","Manatee",NA,"$25,001 - $50,000",60,"About once a month","1 - 4 years","Good",2,1,1,0,0,0,NA,2,0,1,1,8,0,0,0,0,0,0,0,0,0,0,0,0,0,0,0,0,0,0,0,0,0,0,0,0,0,0,0,0,0,0,0,0,0,0,0,0,0,0,0,0,0,0,0,0,0,0,0,0,0,0,0,0,0,0,0,0,0,0,0,0,0,0,0,1,0,1,1,1,1,1,1,1,0,0,0,0,5,0,1,1,0,1,1,1,0,3,"Often","Sometimes","Often","Often","Sometimes","Rarely","Rarely","Rarely",NA,"Rarely","Sometimes","Sometimes","Rarely","Always","Often","Moderate","Small","Shallow","Moderate","Often","Never","Sometimes","Never","Agree","Somewhat disagree","Somewhat disagree","Somewhat agree","Disagree","Agree","Agree","Somewhat agree","Agree","Agree","Supportive","No",1.98,3.14,0.99,8.65,3.14
"R_5NDKtK1zNy0MBVo","Saltwater","35 - 44","Male",NA,"33701","Pinellas",NA,"$50,001 - $75,000",250,"About once a week","Less than a year","Excellent",2,1,1,0,0,0,NA,3,1,1,1,30,0,0,0,0,0,0,0,0,1,0,0,1,0,0,0,1,1,0,1,0,0,1,1,1,1,0,0,0,1,1,0,0,0,0,1,0,0,0,0,1,1,1,0,0,1,0,1,1,1,0,1,1,0,1,1,0,0,0,1,1,0,1,0,1,0,1,1,1,0,0,0,0,0,0,0,0,1,0,0,0,0,0,0,1,0,2,"Sometimes","Sometimes","Sometimes","Rarely","Often","Often","Sometimes","Never",NA,"Sometimes","Often","Sometimes","Rarely","Often","Often","Moderate","Medium","Moderate","Complex","Often","Sometimes","Often","Sometimes","Agree","Disagree","Agree","Disagree","Agree","Strongly agree","Disagree","Agree","Disagree","Agree","Supportive","No",3.38,10,1.91,10,9.33
"R_6P4I8DrEUnto27s","Saltwater","35 - 44","Male",NA,"33801","Polk",NA,"$75,001 - $100,000",200,"A few times","20 years or more","Excellent",1,1,0,0,0,0,NA,2,1,1,0,16,1,0,0,0,0,0,1,0,1,1,0,0,1,1,0,0,0,0,0,0,0,0,0,0,0,0,0,1,0,0,0,0,0,0,0,0,0,0,0,0,0,0,0,0,0,0,0,0,0,0,1,0,0,0,0,1,1,0,0,0,1,1,0,0,0,0,1,0,0,1,1,1,0,0,0,0,3,1,0,0,0,0,1,1,0,1,"Sometimes","Never","Sometimes","Sometimes","Never","Never","Never","Often","Sharks","Sometimes","Often","Never","Often","Often","Sometimes",NA,NA,NA,NA,NA,NA,NA,NA,"Somewhat agree","Somewhat agree","Agree","Disagree","Somewhat agree","Agree","Agree","Disagree","Agree","Disagree","Supportive","No",1.27,5.71,0.92,0.89,1.76
"R_6f8Woif5tFcXgyQ","Saltwater","35 - 44","Male",NA,"33755","Pinellas",NA,"$50,001 - $75,000",200,"About once a week","10 - 19 years","Excellent",1,1,0,0,0,0,NA,1,1,0,0,43,0,1,1,1,0,0,0,1,1,1,0,0,0,0,0,1,1,0,0,0,0,0,1,0,0,0,0,0,1,1,0,0,0,0,1,1,0,0,0,1,1,1,1,0,0,0,1,1,1,1,1,0,0,1,1,1,1,1,1,1,1,1,0,1,1,1,1,1,1,1,1,0,1,1,1,1,5,1,0,1,1,1,1,0,0,3,"Always","Sometimes","Often","Often","Rarely","Never","Sometimes","Sometimes",NA,"Often","Rarely","Sometimes","Sometimes","Often","Often","Not sure","Not sure","Moderate","Complex","Not sure","Not sure","Often","Not sure","Agree","Disagree","Somewhat agree","Disagree","Agree","Somewhat disagree","Somewhat agree","Somewhat disagree","Agree","Disagree","Supportive","No",0.29,9.17,8.94,2.63,3.56
"R_7sdqApTFFRSrkvn","Saltwater","45 - 54","Male",NA,"33626","Hillsborough",NA,"$100,000 or more",200,"About once a month","10 - 19 years","Good",1,1,0,0,0,0,NA,2,1,1,0,7,1,1,1,1,0,0,0,1,0,0,0,0,0,0,0,0,0,0,0,0,0,0,0,0,0,0,0,0,0,0,0,0,0,0,0,0,0,0,0,0,0,0,0,0,0,0,0,0,0,0,0,0,0,0,0,0,0,0,0,0,0,0,0,0,0,1,1,0,0,0,0,0,0,0,0,0,0,0,0,0,0,0,0,0,0,3,"Often","Sometimes","Often","Rarely","Rarely","Often","Sometimes","Never","None","Sometimes","Rarely","Rarely","Rarely","Sometimes","Sometimes","Not sure","Not sure","Shallow","Moderate","Often","Not sure","Sometimes","Not sure","Agree","Somewhat disagree","Somewhat agree","Somewhat disagree","Somewhat agree","Somewhat agree","Somewhat agree","Somewhat disagree","Somewhat agree","Somewhat agree","Supportive","No",0.86,8.4,0.61,8.41,2.6
"R_1cZXUvZzx3WKpaN","Saltwater","55 - 64","Male",NA,"33764","Pinellas",NA,NA,NA,"A few times","5 - 9 years","Good",1,1,0,0,0,0,NA,1,1,0,0,1,0,0,0,0,0,0,0,0,0,0,0,0,0,0,0,0,0,0,0,0,0,0,0,0,0,0,0,0,0,0,0,0,0,0,0,0,0,0,0,0,0,0,0,0,0,0,0,0,0,0,0,0,0,0,0,1,0,0,0,0,0,0,0,0,0,0,0,0,0,0,0,0,0,0,0,0,0,0,0,0,0,0,0,0,0,8,"Often","Often","Often","Often","Often","Often","Often","Often",NA,"Never","Never","Never","Never","Never","Often",NA,NA,NA,NA,NA,NA,NA,NA,"Agree","Disagree","Agree","Disagree","Agree","Somewhat agree","Agree","Somewhat agree","Agree","Disagree","Supportive","No",3.86,3.24,3.52,10,10
"R_6gbSYwCh4zb5CEu","Saltwater","45 - 54","Male",NA,"33578","Hillsborough",NA,"$100,000 or more",250,"A few times","Less than a year","Fair",1,1,0,0,0,0,NA,1,1,0,0,4,0,0,0,0,0,0,0,0,0,0,0,0,0,0,0,0,0,0,0,0,1,0,0,0,0,0,1,1,0,0,0,0,0,1,0,0,0,0,0,0,0,0,0,0,0,0,0,0,0,0,0,0,0,0,0,0,0,0,0,0,0,0,0,0,0,0,0,0,0,0,0,0,0,0,0,0,2,0,0,1,0,0,0,1,0,1,"Sometimes","Often","Sometimes","Rarely","Sometimes","Rarely","Never","Never",NA,"Sometimes","Rarely","Sometimes","Often","Sometimes","Sometimes","Moderate","Small","Moderate","Moderate","Not sure","Not sure","Sometimes","Never","Strongly agree","Disagree","Strongly agree","Somewhat disagree","Strongly agree","Disagree","Strongly agree","Somewhat agree","Strongly disagree","Disagree","Supportive","No",0,4.55,4.93,10,10
"R_7kmPtLHLuh1anK7","Saltwater","65 or older","Male",NA,"33543","Pasco",NA,"$100,000 or more",50,"A few times","20 years or more","Excellent",1,1,0,0,0,0,NA,1,0,1,0,8,0,0,0,0,0,0,0,0,0,0,0,0,0,0,0,0,0,0,0,0,0,0,0,0,0,0,0,0,0,0,0,0,0,0,0,0,0,0,0,1,0,0,0,0,0,0,1,0,0,0,0,0,0,1,0,0,0,0,0,0,0,0,0,1,0,0,0,1,0,0,0,0,1,1,1,0,0,0,0,0,0,0,0,0,0,0,"Sometimes","Sometimes","Sometimes","Rarely","Rarely","Sometimes","Rarely","Rarely",NA,"Never","Rarely","Rarely","Never","Always","Sometimes","Low","Small","Shallow","Simple","Sometimes","Never","Sometimes","Never","Agree","Disagree","Somewhat agree","Disagree","Somewhat agree","Somewhat disagree","Disagree","Somewhat disagree","Disagree","Somewhat disagree","Supportive","No",1.99,2.99,1.72,1.24,1.68
"R_6VfjmkzyC4WZz6s","Saltwater","45 - 54","Male",NA,"33713","Pinellas",NA,"$25,001 - $50,000",300,"About once a month","20 years or more","Good",2,1,1,0,0,0,NA,3,1,1,1,13,0,0,0,0,0,0,0,0,0,0,0,0,0,0,0,0,1,1,0,0,0,0,1,0,0,0,0,0,0,1,0,0,0,0,0,0,0,0,0,1,1,1,0,0,0,0,1,1,0,0,0,0,0,1,1,0,0,0,0,0,1,1,0,0,0,0,0,0,0,0,0,0,0,0,0,0,6,0,1,1,1,0,1,1,1,4,"Sometimes","Often","Often","Rarely","Sometimes","Often","Sometimes","Often","Flounder","Often","Sometimes","Rarely","Sometimes","Often","Sometimes","High","Large","Deep","Complex","Often","Rarely","Sometimes","Rarely","Agree","Disagree","Somewhat agree","Disagree","Agree","Somewhat disagree","Somewhat agree","Somewhat disagree","Somewhat agree","Somewhat disagree","Supportive","No",5.03,8.17,7.21,5.07,5.08
"R_6CvPUsTpQShGwGs","Saltwater","55 - 64","Male",NA,"33811","Polk",NA,"$100,000 or more",100,"About once a month","Less than a year","Good",1,1,0,0,0,0,NA,1,1,0,0,13,0,0,0,0,0,0,0,0,0,0,0,0,0,0,0,0,0,0,0,0,0,0,0,0,0,0,0,0,0,0,0,0,0,0,0,0,0,0,0,0,1,0,0,0,0,0,1,1,1,0,0,0,0,1,1,1,0,0,1,1,1,0,0,1,1,1,0,0,0,0,0,0,0,0,0,0,0,0,0,0,0,0,0,0,0,4,"Sometimes","Rarely","Often","Often","Rarely","Often","Often","Never",NA,"Sometimes","Sometimes","Sometimes","Rarely","Sometimes","Sometimes","Not sure","Not sure","Not sure","Not sure","Often","Not sure","Often","Not sure","Somewhat agree","Somewhat disagree","Somewhat agree","Somewhat disagree","Somewhat agree","Disagree","Agree","Somewhat disagree","Agree","Disagree","Supportive","No",4.99,9.1,9.06,9.1,10
"R_52VDjChdpEbGgpz","Saltwater","55 - 64","Male",NA,"33629","Hillsborough",NA,"$100,000 or more",250,"About once a month","20 years or more","Good",1,1,0,0,0,0,NA,1,1,0,0,13,0,0,0,0,0,0,0,0,0,0,0,1,0,0,0,1,0,1,0,0,0,0,1,1,0,0,0,0,0,0,0,0,0,0,0,0,0,0,0,0,1,1,0,0,0,0,1,1,0,0,0,0,0,1,1,0,0,0,1,0,0,0,0,1,0,0,0,0,0,0,0,0,0,0,0,0,5,1,1,1,1,1,0,0,0,4,"Often","Often","Often","Often","Never","Sometimes","Rarely","Rarely",NA,"Often","Rarely","Rarely","Rarely","Often","Sometimes","Not sure","Not sure","Moderate","Not sure","Not sure","Not sure","Not sure","Not sure","Agree","Disagree","Agree","Somewhat disagree","Somewhat agree","Somewhat disagree","Strongly agree","Somewhat disagree","Strongly agree","Strongly disagree","Supportive","No",0.73,0.79,0.67,0.81,10
"R_7drZIFajH4l4L0g","Saltwater","55 - 64","Male",NA,"33812","Polk",NA,"$100,000 or more",200,"About once a week","20 years or more","Excellent",2,1,1,0,0,0,NA,1,1,0,0,25,0,0,0,0,0,0,0,0,0,0,0,0,0,0,0,0,0,0,0,0,0,0,1,0,0,0,0,0,1,1,0,0,1,1,1,0,0,1,1,1,1,1,0,1,1,1,1,0,0,1,1,0,0,1,0,0,1,0,0,0,0,1,0,0,0,1,1,1,1,1,0,0,0,0,0,0,4,0,1,1,1,1,0,0,0,2,"Often","Sometimes","Often","Sometimes","Rarely","Sometimes","Sometimes","Sometimes","na","Often","Sometimes","Rarely","Often","Often","Often","Moderate","Medium","Moderate","Complex","Often","Rarely","Sometimes","Not sure","Agree","Disagree","Somewhat agree","Somewhat disagree","Disagree","Disagree","Agree","Disagree","Agree","Somewhat disagree","Supportive","No",0.93,4.83,4.69,7.9,10
"R_11vyTCBAGsBbpw3","Saltwater","35 - 44","Male",NA,"34208","Manatee",NA,"$100,000 or more",100,"About once a week","5 - 9 years","Excellent",1,0,1,0,0,0,NA,2,1,0,1,11,0,0,0,0,0,0,0,0,0,0,0,0,0,0,0,0,0,0,0,0,0,0,0,0,0,0,0,0,0,0,0,0,0,0,0,0,0,0,0,0,0,0,0,0,0,0,0,0,0,0,0,0,0,0,0,0,1,1,0,0,0,1,1,0,0,1,1,1,1,1,1,1,0,0,0,0,2,0,0,0,0,0,0,1,1,4,"Sometimes","Often","Often","Rarely","Often","Always","Rarely","Rarely",NA,"Often","Often","Sometimes","Sometimes","Always","Always","Not sure","Small","Shallow","Not sure","Not sure","Not sure","Not sure","Not sure","Agree","Disagree","Strongly agree","Disagree","Strongly agree","Agree","Somewhat agree","Strongly agree","Disagree","Agree","Supportive","No",4.07,10,10,0,0
"R_3Ppo3D9xuLiesef","Saltwater","35 - 44","Male",NA,"33710","Pinellas",NA,"$50,001 - $75,000",400,"About once a month","20 years or more","Excellent",2,0,1,0,1,0,NA,1,1,0,0,34,1,1,1,1,1,0,0,0,0,0,0,0,0,0,0,0,0,0,0,0,0,0,1,0,0,0,0,0,1,1,0,0,0,0,1,1,1,0,0,1,0,1,1,1,0,0,1,1,1,1,0,0,0,1,1,1,1,0,1,1,1,0,0,1,1,1,0,1,0,0,0,0,1,1,1,1,7,1,1,1,1,1,0,1,1,6,"Often","Sometimes","Sometimes","Often","Often","Often","Often","Often","Hogfish","Often","Often","Rarely","Often","Often","Often","Not sure","Not sure","Not sure","Complex","Not sure","Not sure","Not sure","Not sure","Strongly agree","Disagree","Agree","Somewhat agree","Agree","Somewhat agree","Strongly agree","Somewhat agree","Strongly agree","Strongly disagree","Supportive","No",10,8.43,10,10,10
"R_6OJiDdNwDE8Xa8h","Saltwater","35 - 44","Male",NA,"33705","Pinellas",NA,"$100,000 or more",75,"Many times a week","1 - 4 years","Excellent",3,1,1,0,0,1,"supporting community efforts to get youth fishing",2,0,1,1,5,0,0,0,0,0,0,0,0,0,0,0,0,0,0,0,0,0,0,0,0,0,0,0,0,0,0,0,0,1,1,0,0,0,0,1,0,0,0,0,0,1,1,0,0,0,0,0,0,0,0,0,0,0,0,0,0,0,0,0,0,0,0,0,0,0,0,0,0,0,0,0,0,0,0,0,0,5,0,1,1,1,1,1,0,0,4,"Often","Often","Often","Never","Rarely","Sometimes","Sometimes","Often",NA,"Sometimes","Often","Sometimes","Rarely","Often","Sometimes","Moderate","Small","Shallow","Moderate","Sometimes","Sometimes","Often","Rarely","Somewhat agree","Somewhat disagree","Disagree","Somewhat disagree","Somewhat agree","Disagree","Strongly agree","Strongly disagree","Strongly agree","Strongly disagree","Supportive","No",0.08,0.8,0.47,9.91,9.85
"R_32QHxi8ZWsbbSDK","Saltwater","55 - 64","Male",NA,NA,"Pasco",NA,"$25,000 or less",100,"About once a month","1 - 4 years","Good",2,1,1,0,0,0,NA,1,1,0,0,1,0,0,0,0,0,0,0,0,0,0,0,0,0,0,0,0,0,0,0,0,0,0,0,0,0,0,0,0,0,0,0,0,0,0,0,0,0,0,0,0,0,0,0,0,0,0,0,0,0,0,0,0,0,0,0,0,0,0,0,0,0,0,0,1,0,0,0,0,0,0,0,0,0,0,0,0,7,1,1,0,1,1,1,1,1,0,"Never","Never","Never","Never","Never","Never","Never","Never",NA,"Rarely","Rarely","Rarely","Rarely","Rarely","Rarely","Not sure","Not sure","Not sure","Not sure","Not sure","Not sure","Not sure","Not sure","Strongly disagree","Strongly disagree","Strongly disagree","Agree","Agree","Somewhat agree","Agree","Agree","Agree","Agree","Neutral","No",3.49,3.11,1.78,3.81,2.69
"R_1JwRS7T2LNO6Ehb","Saltwater","45 - 54","Female",NA,"33578","Hillsborough",NA,"$25,001 - $50,000",100,"About once a month","5 - 9 years","Fair",2,1,1,0,0,0,NA,2,1,1,0,18,0,0,0,0,0,0,0,0,0,0,0,0,0,0,0,0,1,1,0,0,0,0,1,1,0,1,1,1,0,0,1,1,1,1,0,0,0,0,0,0,0,0,0,0,0,0,0,1,1,0,0,0,0,0,1,1,1,0,0,0,1,1,0,0,0,0,0,0,0,0,0,0,0,0,0,0,0,0,0,0,0,0,0,0,0,3,"Sometimes","Often","Often","Rarely","Sometimes","Often","Sometimes","Rarely",NA,"Sometimes","Often","Rarely","Often","Often","Often","Moderate","Medium","Shallow","Moderate","Sometimes","Rarely","Sometimes","Not sure","Agree","Somewhat disagree","Somewhat agree","Disagree","Agree","Somewhat agree","Somewhat agree","Somewhat agree","Somewhat agree","Somewhat disagree","Supportive","No",5.63,4.32,0,2.71,1.76
"R_3PqeXBmhoK2dkgb","Saltwater","65 or older","Male",NA,"33703","Pinellas",NA,"$100,000 or more",1000,"Many times a week","10 - 19 years","Excellent",1,0,0,0,1,0,NA,1,1,0,0,19,0,0,0,0,0,0,0,0,0,0,0,0,0,0,0,1,1,1,0,0,0,1,1,1,0,0,0,0,1,1,0,0,0,0,1,1,0,0,0,1,1,1,0,0,0,0,1,1,0,0,0,0,0,0,0,0,0,0,0,0,0,0,0,0,0,0,0,0,0,0,0,0,1,1,1,1,7,1,1,1,1,1,0,1,1,7,"Always","Always","Always","Always","Often","Often","Sometimes","Always",NA,"Often","Often","Sometimes","Never","Often","Often","Moderate","Medium","Moderate","Moderate","Sometimes","Rarely","Often","Rarely","Agree","Disagree","Agree","Somewhat agree","Agree","Somewhat agree","Disagree","Somewhat disagree","Disagree","Somewhat agree","Neutral","No",0.31,1.2,3.15,10,9.96
"R_1phVyGMQJv9g9Jn","Saltwater","35 - 44","Male",NA,"33559","Hillsborough",NA,"$100,000 or more",100,"About once a week","10 - 19 years","Excellent",2,1,1,0,0,0,NA,1,1,0,0,9,0,0,0,0,0,0,0,0,0,0,0,0,0,0,0,0,0,0,0,0,0,0,0,0,0,0,0,0,0,0,0,0,0,0,0,0,1,0,0,0,0,0,1,1,0,0,0,1,1,1,0,0,0,0,1,1,0,0,0,0,1,0,0,0,0,0,0,0,0,0,0,0,0,0,0,0,1,0,0,0,0,0,1,0,0,4,"Never","Rarely","Never","Never","Often","Always","Always","Often","Grunt","Rarely","Often","Often","Never","Never","Often","Moderate","Medium","Moderate","Moderate","Often","Not sure","Often","Never","Strongly agree","Disagree","Agree","Disagree","Strongly agree","Disagree","Agree","Disagree","Agree","Somewhat agree","Supportive","No",0,10,10,10,10
"R_5pMIOafK5PxxLW3","Saltwater","45 - 54","Male",NA,"33606","Hillsborough",NA,"$100,000 or more",NA,"About once a week","20 years or more","Good",1,1,0,0,0,0,NA,3,1,1,1,26,0,0,1,1,0,0,0,1,1,1,0,0,1,1,1,1,1,0,0,1,0,1,1,0,0,0,0,0,1,1,0,0,0,0,1,1,0,0,0,1,1,1,1,0,0,0,1,1,0,0,0,0,0,1,1,0,0,0,1,0,0,0,0,0,0,0,0,0,0,0,0,0,0,0,0,0,0,0,0,0,0,0,0,0,0,0,"Sometimes","Rarely","Sometimes","Rarely","Sometimes","Sometimes","Sometimes","Never",NA,"Often","Often","Sometimes","Rarely","Often","Sometimes","Not sure","Small","Moderate","Moderate","Not sure","Not sure","Not sure","Not sure","Strongly agree","Somewhat agree","Somewhat agree","Somewhat agree","Somewhat agree","Agree","Strongly agree","Strongly disagree","Strongly agree","Strongly disagree","Supportive","No",0.89,4.96,4.96,10,10
"R_11HQmWIpIXDGRDb","Saltwater","55 - 64","Male",NA,"33713","Pinellas",NA,"$75,001 - $100,000",10,"About once a month","20 years or more","Good",1,1,0,0,0,0,NA,1,1,0,0,1,0,0,0,0,0,0,0,0,0,0,0,0,0,0,0,0,0,0,0,0,0,0,0,0,0,0,0,0,0,0,0,0,0,0,1,0,0,0,0,0,0,0,0,0,0,0,0,0,0,0,0,0,0,0,0,0,0,0,0,0,0,0,0,0,0,0,0,0,0,0,0,0,0,0,0,0,0,0,0,0,0,0,0,0,0,3,"Always","Always","Always","Sometimes","Never","Never","Never","Never",NA,"Always","Rarely","Never","Never","Always","Always",NA,NA,NA,NA,NA,NA,NA,NA,"Agree","Disagree","Agree","Disagree","Somewhat agree","Somewhat disagree","Somewhat agree","Somewhat disagree","Somewhat agree","Somewhat disagree","Supportive","No",5.13,8.69,8.65,5.3,5.52
"R_6f957JKFzAtpbLb","Saltwater","55 - 64","Male",NA,"33604","Hillsborough",NA,"$25,001 - $50,000",100,"About once a week","20 years or more","Excellent",1,1,0,0,0,0,NA,1,1,0,0,14,0,0,0,0,0,0,0,0,0,0,0,0,0,0,0,0,0,0,0,0,0,0,0,0,0,0,0,0,0,0,0,0,0,1,0,0,0,0,1,0,0,0,0,0,1,1,0,1,0,0,1,1,1,0,1,1,0,1,0,0,1,1,1,0,0,0,0,0,0,0,0,0,0,0,0,0,2,0,0,0,0,1,1,0,0,3,"Always","Often","Always","Sometimes","Sometimes","Rarely","Rarely","Rarely",NA,"Sometimes","Sometimes","Rarely","Rarely","Always","Sometimes","Not sure","Not sure","Moderate","Not sure","Sometimes","Rarely","Sometimes","Never","Somewhat agree","Somewhat disagree","Somewhat agree","Somewhat disagree","Somewhat agree","Somewhat disagree","Somewhat agree","Somewhat disagree","Somewhat agree","Somewhat disagree","Supportive","No",1.5,1.16,1.55,10,10
"R_5zbCPwRAJ9bi0J9","Saltwater","65 or older","Male",NA,"34209","Manatee",NA,"$100,000 or more",200,"About once a month","10 - 19 years","Fair",1,1,0,0,0,0,NA,1,1,0,0,5,0,0,0,0,0,0,0,0,0,0,0,0,0,0,0,0,0,0,0,0,0,0,0,0,0,0,0,0,0,0,0,0,0,0,0,0,0,0,0,0,0,0,0,0,0,0,0,0,0,0,0,0,0,0,0,0,0,0,0,0,0,0,0,1,1,1,0,1,1,0,0,0,0,0,0,0,3,1,0,1,0,0,0,1,0,6,"Often","Often","Often","Rarely","Often","Often","Often","Never",NA,"Sometimes","Often","Often","Rarely","Sometimes","Sometimes","Moderate","Large","Deep","Complex","Often","Not sure","Often","Not sure","Agree","Disagree","Agree","Disagree","Agree","Somewhat disagree","Agree","Somewhat disagree","Agree","Disagree","Supportive","No",0.49,8.99,4.17,9.03,8.82
"R_7wPVbPROwXv4f7P","Saltwater","55 - 64","Male",NA,"34212","Manatee",NA,"$75,001 - $100,000",75,"About once a month","10 - 19 years","Excellent",2,1,1,0,0,0,NA,1,1,0,0,10,0,0,0,0,0,0,0,0,0,0,0,0,0,0,0,0,0,0,0,0,0,0,0,0,0,0,0,0,0,0,0,0,0,0,0,0,0,0,0,0,1,0,0,0,0,0,1,1,0,0,1,0,0,1,1,0,0,0,0,0,0,1,0,1,0,0,1,0,0,0,0,0,0,1,0,0,4,0,0,0,1,1,1,0,1,6,"Always","Always","Often","Sometimes","Often","Always","Sometimes","Often","Flounder, Mackerel","Often","Always","Always","Often","Often","Often","Moderate","Large","Deep","Complex","Often","Often","Always","Rarely","Agree","Disagree","Agree","Somewhat disagree","Agree","Somewhat agree","Agree","Somewhat agree","Agree","Strongly disagree","Supportive","No",0.87,7.77,7.8,0.93,10
"R_5OrHkqC1IufH83u","Saltwater","65 or older","Male",NA,"33556","Hillsborough",NA,"$100,000 or more",200,"About once a month","20 years or more","Good",1,1,0,0,0,0,NA,1,1,0,0,23,0,0,0,0,0,1,1,0,0,0,0,1,0,0,0,0,0,1,0,0,0,0,0,1,1,0,0,0,0,0,0,0,0,0,0,0,0,0,1,1,1,1,0,0,1,0,1,1,0,0,0,0,0,1,1,1,0,0,0,0,1,1,0,0,0,0,1,0,0,0,0,0,1,1,1,1,5,0,1,1,1,0,1,0,1,3,"Often","Often","Often","Rarely","Sometimes","Sometimes","Sometimes","Never",NA,"Often","Often","Rarely","Often","Often","Often","High","Medium","Deep","Complex","Often","Not sure","Sometimes","Rarely","Somewhat agree","Disagree","Somewhat disagree","Disagree","Agree","Disagree","Agree","Disagree","Agree","Disagree","Supportive","No",0,0,0,0,10
"R_32m9nbbKjeegRnL","Saltwater","65 or older","Male",NA,"34698","Pinellas",NA,"$100,000 or more",225,"A few times","5 - 9 years","Excellent",1,1,0,0,0,0,NA,1,1,0,0,3,0,0,0,0,0,0,0,0,0,0,0,0,0,0,0,0,0,0,0,0,0,0,0,0,0,0,0,0,0,0,0,0,0,0,0,0,0,0,0,0,0,0,1,0,0,0,0,1,1,0,0,0,0,0,0,0,0,0,0,0,0,0,0,0,0,0,0,0,0,0,0,0,0,0,0,0,0,0,0,0,0,0,0,0,0,2,"Never","Often","Rarely","Never","Sometimes","Always","Never","Never",NA,"Never","Often","Sometimes","Never","Rarely","Rarely","Moderate","Medium","Moderate","Moderate","Often","Never","Sometimes","Never","Agree","Strongly disagree","Strongly agree","Strongly disagree","Strongly agree","Somewhat agree","Strongly disagree","Strongly agree","Strongly disagree","Somewhat agree","Supportive","No",1.9,10,7.13,3.97,1.49
"R_5CQkDbVY5ZgmnTu","Saltwater","45 - 54","Male",NA,"33776","Pinellas",NA,"$100,000 or more",30,"A few times","5 - 9 years","Good",2,1,1,0,0,0,NA,2,0,1,1,6,0,0,0,0,0,0,0,0,0,0,0,0,0,0,0,0,0,0,0,0,0,0,0,0,0,0,0,0,0,0,0,0,0,0,0,0,0,0,0,0,0,0,0,0,0,0,0,1,0,0,0,0,0,1,1,0,0,0,0,0,0,1,0,0,0,0,0,0,0,0,0,0,1,1,0,0,3,0,0,1,1,1,0,0,0,4,"Often","Often","Often","Rarely","Sometimes","Sometimes","Rarely","Often","Black Drum","Sometimes","Sometimes","Rarely","Rarely","Always","Often","Not sure","Not sure","Not sure","Not sure","Not sure","Not sure","Not sure","Not sure","Strongly agree","Strongly agree","Strongly agree","Strongly agree","Strongly agree","Strongly disagree","Strongly agree","Strongly disagree","Strongly agree","Strongly disagree","Supportive","No",0.86,0.92,0.96,4.72,9.99
"R_60e4Dh0qEsvXq8T","Saltwater","55 - 64","Male",NA,"33705","Pinellas",NA,"$100,000 or more",75,"About once a week","20 years or more","Excellent",2,1,1,0,0,0,NA,1,1,0,0,27,0,0,0,0,0,0,0,0,0,0,0,0,0,0,0,1,1,0,0,0,0,1,1,0,0,0,0,0,1,1,0,0,0,1,1,0,0,1,1,1,1,1,0,1,1,0,1,1,0,0,0,0,0,1,1,1,0,0,0,1,1,1,0,0,0,1,1,0,0,0,0,0,0,0,1,1,8,1,1,1,1,1,1,1,1,8,"Often","Often","Often","Often","Often","Often","Often","Often","Cobia, Pompano","Often","Rarely","Rarely","Rarely","Often","Often","Moderate","Small","Moderate","Moderate","Sometimes","Rarely","Sometimes","Never","Agree","Disagree","Somewhat agree","Disagree","Strongly agree","Agree","Agree","Disagree","Agree","Disagree","Supportive","No",8.08,9.97,0,3.77,3.9
"R_6Vdz6Ew0ive03kJ","Saltwater","55 - 64","Male",NA,"33781","Pinellas",NA,"$75,001 - $100,000",50,"A few times","20 years or more","Excellent",1,1,0,0,0,0,NA,1,1,0,0,29,1,1,0,1,0,0,0,0,1,0,0,0,0,0,0,1,0,0,0,0,0,1,1,0,0,0,0,0,1,1,0,0,0,0,0,0,0,0,0,1,1,0,0,0,1,1,1,1,0,0,1,1,0,1,1,1,0,1,0,1,1,1,1,0,0,0,0,0,0,0,0,0,1,1,1,1,3,0,0,0,1,1,1,0,0,3,"Often","Often","Often","Rarely","Rarely","Never","Rarely","Sometimes","Cobia","Often","Often","Never","Often","Often","Sometimes",NA,NA,NA,NA,NA,NA,NA,NA,"Agree","Disagree","Agree","Disagree","Agree","Somewhat agree","Somewhat disagree","Somewhat agree","Somewhat disagree","Somewhat agree","Supportive","No",2.94,5.08,3.71,5.77,7.08
"R_5Cm4nWIyhKRRqEg","Saltwater","55 - 64","Male",NA,NA,"Hillsborough",NA,NA,75,"About once a month","20 years or more","Excellent",1,1,0,0,0,0,NA,1,1,0,0,11,1,1,0,1,1,1,0,0,0,0,0,0,0,0,0,1,1,0,0,0,0,0,1,0,0,0,0,0,0,0,0,0,0,0,0,0,0,0,0,0,0,0,0,0,0,0,1,1,0,0,0,0,0,1,0,0,0,0,0,0,0,0,0,0,0,0,0,0,0,0,0,0,0,0,0,0,2,0,0,1,1,0,0,0,0,3,"Always","Sometimes","Always","Often","Never","Never","Never","Never",NA,"Often","Never","Never","Sometimes","Often","Rarely",NA,NA,NA,NA,NA,NA,NA,NA,"Agree","Disagree","Agree","Disagree","Agree","Agree","Somewhat agree","Agree","Somewhat agree","Somewhat disagree","Supportive","No",4.92,4.92,4.91,4.96,5.01
"R_3K12UHd46TuNPPG","Shoreline","25 - 34","Male",NA,"33578","Hillsborough",NA,"$75,001 - $100,000",50,"About once a week","5 - 9 years","Excellent",2,1,1,0,0,0,NA,2,0,1,1,23,1,1,0,0,0,0,0,0,0,0,0,0,0,0,0,0,0,0,0,0,0,1,1,0,0,0,1,0,0,0,0,0,0,1,0,0,0,0,1,1,1,1,0,0,0,0,1,0,0,0,0,0,0,1,1,1,1,0,0,0,1,1,0,1,0,1,1,0,0,0,0,0,1,1,1,0,5,1,1,1,1,0,1,0,0,4,"Sometimes","Sometimes","Often","Rarely","Often","Often","Sometimes","Often","Spanish mackerel","Sometimes","Sometimes","Rarely","Never","Often","Often","Not sure","Not sure","Not sure","Complex","Sometimes","Sometimes","Often","Rarely","Strongly agree","Disagree","Somewhat disagree","Somewhat disagree","Strongly agree","Somewhat disagree","Agree","Somewhat disagree","Somewhat disagree","Somewhat agree","Supportive","No",4.83,10,0,4.71,0
"R_6i2jhB3NBB4dlVd","Shoreline","45 - 54","Female",NA,"33543","Pasco",NA,"$100,000 or more",200,"A few times","1 - 4 years","Fair",1,1,0,0,0,0,NA,1,0,0,1,5,0,0,0,0,0,0,0,0,0,0,0,0,0,0,0,0,0,0,0,0,0,0,0,0,0,0,0,0,0,0,0,0,0,0,0,0,0,0,0,0,1,0,0,0,0,0,0,1,0,0,0,0,0,0,1,0,0,0,0,0,1,1,0,0,0,0,0,0,0,0,0,0,0,0,0,0,1,0,0,0,0,0,0,1,0,3,"Sometimes","Sometimes","Sometimes","Sometimes","Often","Often","Often","Sometimes",NA,"Never","Never","Never","Never","Never","Always",NA,NA,NA,NA,NA,NA,NA,NA,"Agree","Disagree","Agree","Disagree","Agree","Somewhat agree","Somewhat agree","Somewhat agree","Somewhat agree","Somewhat agree","Supportive","No",2.14,6.77,6.99,4.4,1.03
"R_7ZWj1CsTf1uqUOR","Shoreline","18 - 24","Female",NA,"33809","Polk",NA,"$25,000 or less",150,"A few times","10 - 19 years","Good",1,1,0,0,0,0,NA,1,0,1,0,12,0,0,0,0,0,0,0,0,0,0,0,0,0,0,0,0,0,0,0,0,0,0,0,0,0,0,0,0,0,0,0,0,0,0,0,0,0,0,0,1,0,0,0,0,0,0,1,0,0,0,0,0,0,1,0,0,0,0,1,0,0,0,0,1,1,0,0,1,1,0,0,0,1,1,1,1,0,0,0,0,0,0,0,0,0,1,"Sometimes","Never","Never","Never","Sometimes","Often","Never","Never",NA,"Never","Never","Never","Never","Always","Sometimes",NA,NA,NA,NA,NA,NA,NA,NA,"Somewhat agree","Somewhat agree","Somewhat agree","Somewhat disagree","Somewhat agree","Somewhat agree","Somewhat agree","Somewhat agree","Somewhat disagree","Agree","Supportive","No",10,5.26,2.3,2.92,0.13
"R_12XzsnuvxnV84cV","Shoreline","18 - 24","Male",NA,NA,"Manatee",NA,"$25,000 or less",3000,"About once a month","10 - 19 years","Excellent",1,1,0,0,0,0,NA,3,1,1,1,10,0,0,0,0,0,0,0,0,0,0,0,0,0,0,0,0,0,0,0,0,0,0,0,0,0,0,0,0,0,0,0,0,0,0,0,0,0,0,0,0,0,0,0,0,0,0,0,0,0,0,0,0,0,0,1,1,0,0,0,0,1,1,0,1,1,1,0,1,1,1,0,0,0,0,0,0,8,1,1,1,1,1,1,1,1,3,"Always","Often","Always","Rarely","Rarely","Sometimes","Sometimes","Sometimes","Shark","Often","Sometimes","Never","Always","Always","Often",NA,NA,NA,NA,NA,NA,NA,NA,"Somewhat agree","Somewhat disagree","Somewhat disagree","Agree","Somewhat agree","Strongly disagree","Strongly agree","Strongly disagree","Strongly agree","Strongly disagree","Supportive","No",0.49,0.58,0.89,4.7,7.64
"R_5K8aIAeinwAvBsJ","Shoreline","35 - 44","Male",NA,"33647","Hillsborough",NA,"$50,001 - $75,000",50,"About once a month","10 - 19 years","Good",2,1,1,0,0,0,NA,2,0,1,1,17,0,0,0,0,0,0,0,0,0,0,0,1,0,0,1,0,0,1,0,0,0,0,0,1,0,0,1,0,0,0,0,0,0,0,0,0,0,0,0,1,1,0,0,0,0,0,1,1,0,0,0,0,0,1,1,0,0,0,0,0,0,1,0,0,0,0,1,0,0,0,0,0,1,1,1,1,3,1,0,1,0,0,1,0,0,6,"Often","Often","Often","Rarely","Often","Often","Sometimes","Often","Pompano","Often","Sometimes","Sometimes","Sometimes","Often","Often","Not sure","Medium","Not sure","Moderate","Sometimes","Never","Sometimes","Rarely","Agree","Somewhat disagree","Somewhat agree","Disagree","Agree","Somewhat agree","Somewhat agree","Somewhat agree","Disagree","Somewhat agree","Supportive","No",5.96,7.31,7.91,7.12,2.53
"R_69nBwErZYUe8TZH","Shoreline","55 - 64","Male",NA,"33703","Pinellas",NA,"$25,001 - $50,000",30,"About once a month","10 - 19 years","Good",1,1,0,0,0,0,NA,1,0,1,0,2,0,0,0,0,0,0,0,0,0,0,0,0,0,0,0,1,1,0,0,0,0,0,0,0,0,0,0,0,0,0,0,0,0,0,0,0,0,0,0,0,0,0,0,0,0,0,0,0,0,0,0,0,0,0,0,0,0,0,0,0,0,0,0,0,0,0,0,0,0,0,0,0,0,0,0,0,1,0,0,0,0,0,1,0,0,3,"Often","Often","Often","Never","Sometimes","Sometimes","Never","Rarely",NA,"Sometimes","Rarely","Never","Never","Often","Often",NA,NA,NA,NA,NA,NA,NA,NA,"Agree","Somewhat disagree","Somewhat agree","Somewhat agree","Somewhat agree","Somewhat agree","Somewhat agree","Somewhat agree","Somewhat agree","Somewhat agree","Neutral","No",5.29,5.14,5.05,5.05,4.94
"R_7qdHHYBQUiOWUsk","Shoreline","45 - 54","Male",NA,"33844","Polk",NA,"$75,001 - $100,000",150,"A few times","5 - 9 years","Fair",1,1,0,0,0,0,NA,1,0,0,1,5,0,0,0,0,0,0,0,0,0,0,0,0,0,0,0,0,0,0,0,0,0,0,0,0,0,0,0,0,0,0,0,0,0,0,0,0,0,0,0,1,1,0,0,0,0,0,0,0,0,0,0,0,0,0,0,0,0,0,0,0,0,1,0,0,0,0,0,0,0,0,0,0,0,0,1,1,0,0,0,0,0,0,0,0,0,4,"Rarely","Sometimes","Rarely","Rarely","Often","Often","Often","Always","Mackerel","Never","Often","Often","Never","Rarely","Always","Not sure","Medium","Not sure","Moderate","Not sure","Not sure","Sometimes","Not sure","Somewhat agree","Strongly disagree","Strongly agree","Strongly disagree","Strongly agree","Somewhat agree","Somewhat disagree","Somewhat disagree","Somewhat agree","Somewhat agree","Supportive","No",5.17,10,10,1.32,0.87
"R_79lfnpBUsFvqhyh","Shoreline","55 - 64","Male",NA,"33584","Hillsborough",NA,"$25,001 - $50,000",400,"A few times","20 years or more","Excellent",1,0,1,0,0,0,NA,1,0,1,0,10,0,0,0,0,0,1,0,0,0,0,0,0,1,1,1,0,0,0,0,0,1,0,0,1,0,0,0,1,0,0,0,1,1,1,0,0,0,0,0,0,0,0,0,0,0,0,0,0,0,0,0,0,0,0,0,0,0,0,0,0,0,0,0,0,0,0,0,0,0,0,0,0,0,0,0,0,8,1,1,1,1,1,1,1,1,0,"Rarely","Sometimes","Sometimes","Never","Sometimes","Sometimes","Sometimes","Never",NA,"Sometimes","Sometimes","Often","Often","Sometimes","Often","Moderate","Medium","Shallow","Moderate","Not sure","Not sure","Not sure","Never","Strongly agree","Disagree","Somewhat agree","Somewhat agree","Agree","Disagree","Somewhat agree","Disagree","Somewhat agree","Somewhat disagree","Supportive","No",3.76,7.91,3.14,6.01,4.19
"R_1MShf5y7QfEIVbI","Shoreline","55 - 64","Male",NA,"33543","Pasco",NA,"$50,001 - $75,000",100,"About once a month","20 years or more","Excellent",1,0,1,0,0,0,NA,2,0,1,1,3,0,0,0,0,0,0,0,0,0,0,0,0,0,0,0,0,0,0,0,0,0,0,0,0,0,0,0,0,0,0,0,0,0,0,0,0,0,0,0,0,0,0,0,0,0,0,0,0,0,0,0,0,0,0,0,0,0,0,0,0,0,1,0,0,0,0,1,0,0,1,0,0,0,0,0,0,8,1,1,1,1,1,1,1,1,1,"Rarely","Sometimes","Sometimes","Never","Sometimes","Sometimes","Rarely","Often","Herring","Sometimes","Never","Never","Rarely","Often","Often",NA,NA,NA,NA,NA,NA,NA,NA,"Agree","Strongly disagree","Strongly agree","Strongly disagree","Strongly agree","Somewhat disagree","Agree","Somewhat disagree","Somewhat disagree","Somewhat disagree","Neutral","No",7.31,9.85,0.39,1.2,9.75
"R_701PknzbsIEKgKt","Shoreline","45 - 54","Male",NA,"33881","Polk",NA,"$100,000 or more",350,"About once a month","10 - 19 years","Good",2,1,1,0,0,0,NA,1,1,0,0,19,0,0,0,0,0,0,0,0,0,0,0,0,0,0,0,0,0,0,0,0,0,1,1,0,0,0,0,0,1,0,0,0,0,0,0,0,0,0,1,0,1,1,0,0,1,1,1,1,1,0,1,1,1,0,1,0,1,1,0,0,0,1,1,0,0,0,0,0,0,0,0,0,0,0,0,0,8,1,1,1,1,1,1,1,1,3,"Often","Often","Often","Rarely","Rarely","Sometimes","Rarely","Never",NA,"Often","Rarely","Rarely","Sometimes","Sometimes","Sometimes","Moderate","Medium","Moderate","Moderate","Often","Not sure","Often","Never","Somewhat disagree","Strongly disagree","Strongly agree","Strongly disagree","Agree","Somewhat agree","Somewhat disagree","Somewhat agree","Somewhat disagree","Somewhat agree","Supportive","No",3.95,10,10,10,5.07
"R_6fNmvLlPijm2vys","Shoreline","25 - 34","Male",NA,"33607","Hillsborough",NA,"$75,001 - $100,000",25,"About once a week","Less than a year","Good",2,1,1,0,0,0,NA,2,0,1,1,8,0,0,1,1,1,1,1,0,0,0,0,1,0,0,0,0,0,1,0,0,0,0,0,1,0,0,0,0,0,0,0,0,0,0,0,0,0,0,0,0,0,0,0,0,0,0,0,0,0,0,0,0,0,0,0,0,0,0,0,0,0,0,0,0,0,0,0,0,0,0,0,0,0,0,0,0,3,1,1,0,0,1,0,0,0,2,"Sometimes","Sometimes","Often","Never","Rarely","Often","Never","Never",NA,"Sometimes","Rarely","Sometimes","Rarely","Often","Often","Not sure","Not sure","Not sure","Not sure","Never","Never","Never","Never","Somewhat agree","Somewhat agree","Somewhat agree","Somewhat agree","Somewhat agree","Somewhat disagree","Somewhat agree","Somewhat disagree","Somewhat agree","Somewhat disagree","Neutral","No",5,5,5,5,5.16
"R_6gd9BWWtTZ3UoJX","Shoreline","55 - 64","Male",NA,"34653","Pasco",NA,"$25,001 - $50,000",50,"About once a month","20 years or more","Good",1,1,0,0,0,0,NA,2,0,1,1,13,1,1,1,0,0,0,0,1,0,0,0,0,0,0,0,0,0,0,0,0,0,0,0,0,0,0,0,0,0,0,0,0,0,0,1,0,0,0,0,1,1,1,0,0,0,0,1,0,0,0,0,0,0,1,0,0,0,0,0,0,0,0,0,0,0,0,0,0,0,0,0,0,1,1,1,0,4,1,0,0,1,1,1,0,0,2,"Sometimes","Often","Often","Never","Rarely","Sometimes","Never","Never",NA,"Sometimes","Rarely","Never","Rarely","Often","Often",NA,NA,NA,NA,NA,NA,NA,NA,"Strongly agree","Strongly disagree","Strongly disagree","Strongly disagree","Strongly agree","Somewhat agree","Agree","Somewhat disagree","Agree","Disagree","Supportive","No",3.28,10,8.04,6.3,3.77
"R_3PonooH9DH9NMLt","Shoreline","25 - 34","Male",NA,"34275","Sarasota",NA,"$75,001 - $100,000",20,"A few times","Less than a year","Poor",2,1,1,0,0,0,NA,2,0,1,1,4,0,0,0,0,0,0,0,0,0,0,0,0,0,0,0,0,0,0,0,0,0,0,0,0,0,0,0,0,0,0,0,0,0,0,0,0,0,0,0,1,0,0,0,0,0,0,1,0,0,0,0,0,0,1,0,0,0,0,0,0,1,0,0,0,0,0,0,0,0,0,0,0,0,0,0,0,2,1,0,1,0,0,0,0,0,1,"Never","Sometimes","Rarely","Never","Sometimes","Sometimes","Never","Always","Whiting","Rarely","Never","Never","Never","Often","Often",NA,NA,NA,NA,NA,NA,NA,NA,"Somewhat agree","Strongly disagree","Strongly agree","Strongly disagree","Strongly agree","Agree","Somewhat agree","Somewhat agree","Somewhat disagree","Somewhat agree","Supportive","No",10,4.19,3.29,10,5.72
"R_5OeJZAxWtgB4ZQz","Shoreline","25 - 34","Female",NA,"33803","Polk",NA,"$100,000 or more",150,"A few times","20 years or more","Fair",1,1,0,0,0,0,NA,3,1,1,1,4,0,0,0,0,0,0,0,0,0,0,0,0,0,0,0,0,0,0,0,0,0,0,0,0,0,0,0,0,0,0,0,0,0,0,0,1,0,0,0,0,0,0,0,0,0,1,0,0,0,0,0,0,0,0,0,0,0,0,0,0,0,0,0,0,0,0,0,0,0,0,0,0,0,0,1,1,5,0,1,1,1,0,1,1,0,0,"Never","Never","Never","Never","Never","Never","Rarely","Never",NA,"Sometimes","Rarely","Rarely","Often","Always","Often","Not sure","Not sure","Not sure","Not sure","Not sure","Not sure","Not sure","Not sure","Somewhat agree","Somewhat agree","Somewhat agree","Somewhat agree","Agree","Somewhat disagree","Strongly agree","Disagree","Agree","Disagree","Supportive","No",0.97,3.17,1.94,5.34,4.63
"R_1QmjlbTk1yxt1Pc","Shoreline","35 - 44","Male",NA,"33594","Hillsborough",NA,"$25,000 or less",NA,"About once a month","20 years or more","Good",2,1,1,0,0,0,NA,2,0,1,1,18,0,0,1,0,0,0,0,1,1,0,0,1,0,0,0,0,0,1,1,0,0,0,1,1,1,1,0,0,0,0,0,0,0,0,1,0,0,0,0,1,0,0,0,0,0,1,0,1,0,0,0,0,0,0,1,0,0,0,0,0,1,1,0,0,0,0,1,0,0,0,0,0,0,0,0,0,1,0,0,0,0,0,0,0,1,3,"Never","Often","Sometimes","Never","Often","Often","Rarely","Rarely",NA,"Sometimes","Rarely","Rarely","Sometimes","Often","Sometimes","Not sure","Not sure","Not sure","Moderate","Not sure","Not sure","Sometimes","Not sure","Somewhat agree","Somewhat disagree","Somewhat agree","Somewhat disagree","Somewhat disagree","Somewhat agree","Somewhat disagree","Somewhat disagree","Somewhat agree","Somewhat disagree","Neutral","No",4.97,4.96,5.04,5.88,4.31
"R_57s6rwzdXqD9YAB","Shoreline","35 - 44","Male",NA,"33781","Pinellas",NA,"$25,000 or less",80,"Many times a week","1 - 4 years","Excellent",1,0,1,0,0,0,NA,2,0,1,1,15,0,0,0,0,0,0,0,0,0,0,0,1,0,0,0,1,1,1,0,0,0,0,1,1,0,0,0,0,0,0,0,0,0,0,0,0,0,0,0,1,1,0,0,0,0,0,1,1,0,0,0,0,0,1,0,0,0,0,0,0,0,1,0,0,0,0,0,0,0,0,0,0,1,1,0,1,2,0,0,0,0,0,1,1,0,5,"Sometimes","Often","Sometimes","Rarely","Often","Often","Often","Often","Spanish mac","Sometimes","Sometimes","Rarely","Always","Often","Always","Not sure","Not sure","Not sure","Not sure","Sometimes","Rarely","Sometimes","Rarely","Agree","Disagree","Somewhat disagree","Somewhat agree","Agree","Strongly disagree","Strongly agree","Strongly disagree","Strongly agree","Strongly disagree","Supportive","No",1.18,10,8.68,10,10
"R_7NqRiu7dNfhS3bF","Shoreline","45 - 54","Female",NA,"34695","Pinellas",NA,"$50,001 - $75,000",30,"About once a week","5 - 9 years","Good",1,1,0,0,0,0,NA,3,1,1,1,6,1,1,1,1,0,0,0,1,1,0,0,0,0,0,0,0,0,0,0,0,0,0,0,0,0,0,0,0,0,0,0,0,0,0,0,0,0,0,0,0,0,0,0,0,0,0,0,0,0,0,0,0,0,0,0,0,0,0,0,0,0,0,0,0,0,0,0,0,0,0,0,0,0,0,0,0,2,0,0,0,1,0,1,0,0,0,"Never","Rarely","Never","Rarely","Rarely","Rarely","Never","Sometimes",NA,"Often","Sometimes","Rarely","Often","Often","Often","Not sure","Not sure","Shallow","Not sure","Not sure","Not sure","Rarely","Never","Agree","Disagree","Somewhat agree","Somewhat disagree","Somewhat agree","Disagree","Agree","Agree","Somewhat agree","Somewhat disagree","Supportive","No",2.4,7.25,2.24,6.54,4.9
"R_5IZzZfDlm1oIigE","Shoreline","25 - 34","Male",NA,"33615","Hillsborough",NA,"$50,001 - $75,000",10,"About once a month","Less than a year","Good",2,1,1,0,0,0,NA,2,0,1,1,7,1,0,0,1,1,1,0,0,0,0,0,0,0,0,0,0,0,0,0,0,0,0,0,0,0,0,0,0,0,0,0,0,0,0,0,0,0,0,0,1,0,0,0,0,0,0,1,0,0,0,0,0,0,1,0,0,0,0,0,0,0,0,0,0,0,0,0,0,0,0,0,0,0,0,0,0,0,0,0,0,0,0,0,0,0,2,"Sometimes","Sometimes","Sometimes","Never","Often","Sometimes","Sometimes","Often","Catfish","Sometimes","Rarely","Rarely","Rarely","Often","Often","Not sure","Not sure","Not sure","Not sure","Not sure","Not sure","Not sure","Not sure","Somewhat agree","Somewhat disagree","Somewhat agree","Somewhat disagree","Somewhat agree","Somewhat disagree","Somewhat agree","Somewhat disagree","Somewhat disagree","Somewhat disagree","Supportive","No",5.07,5.99,3.01,5,5.9
"R_5VybXn34N0hp4Vs","Shoreline","35 - 44","Male",NA,"33776","Pinellas",NA,"$100,000 or more",500,"About once a week","5 - 9 years","Excellent",2,1,1,0,0,0,NA,3,1,1,1,20,0,0,0,0,0,0,0,0,1,0,0,1,0,0,0,1,0,1,0,0,1,1,1,1,0,0,1,0,1,1,0,0,0,0,1,0,0,0,0,1,1,1,0,0,0,0,1,0,0,0,0,0,0,1,0,0,0,0,0,0,0,0,0,0,0,0,0,0,0,0,0,0,1,1,0,1,6,1,1,0,1,1,1,1,0,5,"Always","Often","Sometimes","Rarely","Always","Always","Often","Rarely",NA,"Sometimes","Always","Always","Always","Always","Always","High","Large","Deep","Complex","Sometimes","Sometimes","Always","Often","Strongly agree","Disagree","Agree","Disagree","Agree","Agree","Disagree","Somewhat agree","Disagree","Agree","Supportive","No",3.17,10,2.25,2.43,1.88
"R_7pST5XAoTN6uclb","Shoreline","25 - 34","Male",NA,"33610","Hillsborough",NA,"$50,001 - $75,000",185,"A few times","1 - 4 years","Good",1,1,0,0,0,0,NA,1,0,0,1,6,0,0,0,0,0,0,0,0,0,0,0,0,0,0,0,1,0,1,0,0,0,0,0,0,0,0,0,0,0,0,0,0,0,0,0,0,0,0,0,0,1,0,0,0,0,0,0,1,0,0,0,0,0,0,0,0,0,0,0,0,1,1,0,0,0,0,0,0,0,0,0,0,0,0,0,0,2,1,0,1,0,0,0,0,0,1,"Sometimes","Never","Sometimes","Never","Sometimes","Sometimes","Often","Never",NA,"Sometimes","Never","Sometimes","Never","Often","Always","Moderate","Small","Moderate","Moderate","Sometimes","Rarely","Sometimes","Never","Somewhat agree","Disagree","Somewhat agree","Strongly disagree","Agree","Strongly disagree","Agree","Strongly disagree","Strongly agree","Strongly disagree","Supportive","No",0.09,10,0.17,0.22,10
"R_3GCgvHE867Q9wJ0","Shoreline","35 - 44","Female",NA,"34667","Pasco",NA,"$100,000 or more",525,"A few times","20 years or more","Excellent",2,1,1,0,0,0,NA,3,1,1,1,13,1,1,0,0,0,0,0,0,0,0,0,0,0,0,0,0,1,1,0,0,0,0,0,0,0,0,0,0,0,0,0,0,0,0,1,0,0,0,0,1,0,0,0,0,0,0,1,0,0,0,0,0,0,0,1,1,0,0,0,1,1,0,0,0,0,0,0,0,0,0,0,0,0,0,1,1,5,1,1,1,0,0,1,1,0,6,"Often","Always","Often","Often","Sometimes","Sometimes","Often","Often","Blacktip shark","Often","Sometimes","Sometimes","Rarely","Often","Always","Moderate","Medium","Shallow","Complex","Always","Rarely","Always","Sometimes","Somewhat agree","Somewhat agree","Disagree","Somewhat agree","Agree","Somewhat disagree","Agree","Somewhat disagree","Disagree","Somewhat agree","Supportive","No",4.99,3.06,2.94,6.78,0
"R_6zZ1AxUP5YuxkVH","Shoreline","35 - 44","Female",NA,"33556","Hillsborough",NA,"$50,001 - $75,000",65,"A few times","1 - 4 years","Fair",1,1,0,0,0,0,NA,1,0,1,0,12,1,1,0,0,0,1,0,0,0,0,0,0,0,0,0,0,0,0,0,0,0,0,0,0,0,0,0,0,0,0,0,0,0,0,0,0,0,0,0,1,0,0,0,0,0,0,1,1,0,0,0,0,0,1,1,0,0,0,0,0,0,0,0,0,0,0,0,0,0,0,0,0,1,1,1,1,5,0,1,1,1,1,1,0,0,1,"Sometimes","Sometimes","Sometimes","Sometimes","Often","Sometimes","Sometimes","Never",NA,"Often","Rarely","Sometimes","Sometimes","Often","Sometimes","Not sure","Not sure","Not sure","Not sure","Often","Not sure","Often","Not sure","Somewhat agree","Somewhat agree","Somewhat agree","Somewhat disagree","Somewhat agree","Somewhat disagree","Agree","Somewhat disagree","Agree","Somewhat disagree","Supportive","No",1.86,6.01,6.01,9.2,7.25
"R_5jq4m6GFeDfZzEC","Shoreline","45 - 54",NA,"No boat","33541","Pasco",NA,"$25,000 or less",75,"About once a week","20 years or more","Excellent",2,1,1,0,0,0,NA,2,0,1,1,19,0,0,0,0,0,0,0,0,0,0,0,0,0,1,0,1,1,1,0,0,0,1,1,0,0,0,0,0,0,0,0,0,0,0,0,0,0,0,0,1,0,0,0,0,0,0,1,1,0,0,0,0,0,1,1,0,0,0,0,0,1,1,0,1,0,0,0,1,0,0,0,0,1,1,1,1,4,1,0,0,1,0,1,1,0,6,"Often","Often","Often","Never","Often","Often","Sometimes","Often","Baitfish","Often","Sometimes","Never","Often","Often","Often",NA,NA,NA,NA,NA,NA,NA,NA,"Agree","Disagree","Agree","Disagree","Agree","Somewhat agree","Somewhat agree","Somewhat agree","Somewhat disagree","Somewhat agree","Supportive","No",0.18,4.16,4.66,5.07,5.27
"R_7phda2Z4DG4dyQP","Shoreline","45 - 54","Male",NA,"33619","Hillsborough",NA,"$50,001 - $75,000",100,"A few times","1 - 4 years","Excellent",2,1,1,0,0,0,NA,2,0,1,1,6,0,0,0,0,0,0,0,0,0,0,0,0,0,0,0,0,0,0,0,0,0,0,0,0,0,0,0,0,0,0,0,0,0,0,0,0,0,0,0,0,1,0,0,0,0,0,0,0,0,0,0,0,0,0,0,0,0,0,0,0,0,0,0,1,0,0,0,0,0,0,0,0,1,1,1,1,7,1,0,1,1,1,1,1,1,0,"Sometimes","Sometimes","Rarely","Never","Sometimes","Sometimes","Rarely","Rarely",NA,"Rarely","Rarely","Rarely","Sometimes","Sometimes","Sometimes","Moderate","Small","Shallow","Simple","Rarely","Rarely","Rarely","Never","Somewhat disagree","Somewhat disagree","Somewhat disagree","Somewhat disagree","Somewhat agree","Disagree","Somewhat agree","Somewhat disagree","Somewhat agree","Somewhat disagree","Neutral","No",4.79,4.98,5.4,5.78,8.58
"R_7jD5FTpckbXVgck","Shoreline","45 - 54","Male",NA,"33534","Hillsborough",NA,"$25,001 - $50,000",60,"About once a week","5 - 9 years","Excellent",1,1,0,0,0,0,NA,1,0,1,0,8,0,0,0,0,0,0,0,0,0,0,0,0,1,0,0,0,0,0,1,1,1,0,0,0,0,0,1,0,0,0,0,0,1,1,0,0,0,0,1,0,0,0,0,0,0,0,0,0,0,0,0,0,0,0,0,0,0,0,0,0,0,0,0,0,0,0,0,0,0,0,0,0,0,0,0,0,4,1,0,1,1,0,1,0,0,1,"Sometimes","Sometimes","Rarely","Sometimes","Sometimes","Sometimes","Often","Never",NA,"Often","Rarely","Sometimes","Often","Often","Often","Moderate","Large","Moderate","Complex","Often","Sometimes","Often","Not sure","Agree","Disagree","Agree","Disagree","Agree","Agree","Agree","Agree","Agree","Disagree","Supportive","No",0.93,5.37,8.44,10,10
"R_1HaqrPxptg18rHH","Shoreline","35 - 44","Male",NA,"33711","Pinellas",NA,"$25,001 - $50,000",200,"About once a week","5 - 9 years","Good",1,1,0,0,0,0,NA,1,0,1,0,16,0,0,0,0,0,0,0,0,0,1,0,1,0,0,0,0,1,1,0,0,0,0,1,1,0,0,0,0,0,1,0,1,0,0,0,0,0,0,0,1,1,0,0,0,0,0,1,1,0,0,0,0,0,1,1,1,0,0,0,0,0,0,0,0,0,0,0,0,0,0,0,0,0,0,0,1,5,0,0,1,1,0,1,1,1,6,"Sometimes","Sometimes","Often","Often","Often","Often","Often","Always","Anything","Sometimes","Sometimes","Never","Never","Always","Always",NA,NA,NA,NA,NA,NA,NA,NA,"Strongly agree","Disagree","Strongly agree","Somewhat disagree","Agree","Strongly disagree","Agree","Strongly disagree","Strongly agree","Disagree","Supportive","No",0.99,5.52,10,10,10
"R_7jen9gUATVpRu7a","Shoreline","45 - 54","Male",NA,"33707","Pinellas",NA,"$25,000 or less",20,"About once a month","Less than a year","Good",2,1,1,0,0,0,NA,2,0,1,1,4,0,0,0,0,0,0,0,0,0,0,0,0,0,0,0,0,0,0,0,0,0,0,0,0,0,0,0,0,0,0,0,0,0,0,0,0,0,0,0,1,1,0,0,0,0,0,1,0,0,0,0,0,0,0,0,0,0,0,0,0,0,0,0,0,0,0,0,0,0,0,0,0,0,0,0,1,0,0,0,0,0,0,0,0,0,1,"Rarely","Sometimes","Sometimes","Never","Sometimes","Sometimes","Never","Always","whatever eats live shrimp","Sometimes","Never","Never","Sometimes","Often","Often",NA,NA,NA,NA,NA,NA,NA,NA,"Strongly agree","Disagree","Strongly agree","Disagree","Strongly agree","Strongly agree","Somewhat agree","Strongly agree","Somewhat agree","Somewhat agree","Supportive","No",0.97,3.32,3.35,4.61,6.85
"R_62ieX3DeT4bGOxH","Shoreline","55 - 64","Female",NA,NA,"Hillsborough",NA,"$25,000 or less",NA,"A few times","1 - 4 years","Good",1,1,0,0,0,0,NA,1,0,1,0,2,0,0,0,0,0,0,0,0,0,0,0,0,1,0,0,0,0,0,0,0,0,0,0,0,1,0,0,0,0,0,0,0,0,0,0,0,0,0,0,0,0,0,0,0,0,0,0,0,0,0,0,0,0,0,0,0,0,0,0,0,0,0,0,0,0,0,0,0,0,0,0,0,0,0,0,0,0,0,0,0,0,0,0,0,0,2,"Never","Never","Rarely","Rarely","Rarely","Often","Always","Never",NA,"Never","Rarely","Never","Rarely","Sometimes","Rarely",NA,NA,NA,NA,NA,NA,NA,NA,"Disagree","Disagree","Somewhat agree","Somewhat agree","Somewhat agree","Disagree","Disagree","Disagree","Disagree","Disagree","Supportive","No",0.5,0.96,0.45,5.86,9.69
"R_1h56ScJvTuLpvu1","Shoreline","25 - 34","Male",NA,"33764","Pinellas",NA,"$75,001 - $100,000",50,"About once a week","1 - 4 years","Excellent",2,1,1,0,0,0,NA,2,0,1,1,3,0,0,1,1,0,0,0,1,0,0,0,0,0,0,0,0,0,0,0,0,0,0,0,0,0,0,0,0,0,0,0,0,0,0,0,0,0,0,0,0,0,0,0,0,0,0,0,0,0,0,0,0,0,0,0,0,0,0,0,0,0,0,0,0,0,0,0,0,0,0,0,0,0,0,0,0,6,1,1,1,1,1,0,1,0,3,"Often","Often","Often","Never","Rarely","Sometimes","Never","Never",NA,"Often","Never","Never","Rarely","Often","Sometimes",NA,NA,NA,NA,NA,NA,NA,NA,"Agree","Somewhat disagree","Somewhat disagree","Somewhat agree","Somewhat agree","Somewhat agree","Somewhat disagree","Somewhat disagree","Somewhat agree","Somewhat agree","Supportive","No",5.01,5.2,5.11,5.18,5.23
"R_1D0JWj7C4LhRx3n","Shoreline","55 - 64","Female",NA,"33756","Pinellas",NA,"$75,001 - $100,000",50,"A few times","20 years or more","Fair",1,1,0,0,0,0,NA,1,0,0,1,8,0,0,1,1,0,0,0,0,0,0,0,0,0,0,0,0,0,0,0,0,0,0,0,0,0,0,0,0,0,0,0,0,0,0,0,0,0,0,0,1,1,0,0,0,0,0,1,1,0,0,0,0,0,1,1,0,0,0,0,0,0,0,0,0,0,0,0,0,0,0,0,0,0,0,0,0,0,0,0,0,0,0,0,0,0,1,"Never","Never","Never","Never","Sometimes","Sometimes","Never","Often",NA,"Never","Never","Never","Rarely","Rarely","Often",NA,NA,NA,NA,NA,NA,NA,NA,"Somewhat agree","Disagree","Somewhat agree","Disagree","Somewhat agree","Somewhat agree","Somewhat disagree","Somewhat agree","Somewhat disagree","Somewhat agree","Supportive","No",6.18,6.53,0.21,4.2,4.06
"R_12RtOVzMLLhsaqn","Shoreline","25 - 34","Male",NA,NA,"Pinellas",NA,"$25,001 - $50,000",30,"Many times a week","Less than a year","Excellent",1,0,1,0,0,0,NA,2,0,1,1,16,0,0,0,0,0,0,0,0,0,0,0,0,0,1,0,0,0,0,0,0,0,0,0,1,1,0,0,0,0,0,0,0,0,0,0,0,0,0,1,0,0,0,0,0,1,0,0,0,0,0,1,0,0,0,0,0,0,1,0,0,0,1,1,0,0,0,1,0,0,1,1,1,1,1,0,1,1,0,0,0,0,1,0,0,0,3,"Never","Often","Often","Never","Rarely","Never","Rarely","Often","Catfish","Often","Rarely","Rarely","Sometimes","Often","Rarely","High","Large","Moderate","Complex","Often","Never","Often","Never","Strongly agree","Strongly disagree","Strongly agree","Disagree","Agree","Strongly disagree","Strongly agree","Strongly disagree","Strongly agree","Strongly disagree","Supportive","No",0.02,0,0,0,10
"R_67IKaap5lS7Kt9q","Shoreline","35 - 44","Female",NA,"33781","Pinellas",NA,"$25,001 - $50,000",60,"A few times","20 years or more","Poor",1,1,0,0,0,0,NA,1,0,1,0,6,0,0,0,0,0,0,0,0,0,0,0,0,0,0,0,0,0,0,0,0,0,0,0,0,0,0,0,0,1,0,0,0,0,0,1,0,0,0,0,1,0,0,0,0,0,0,0,0,0,0,0,0,0,0,0,0,0,0,0,0,0,0,0,0,0,0,0,0,0,0,0,0,1,1,1,0,6,1,1,1,1,0,0,1,1,5,"Never","Always","Always","Never","Always","Always","Always","Never",NA,"Never","Never","Often","Never","Often","Often","Not sure","Not sure","Not sure","Not sure","Often","Not sure","Not sure","Never","Somewhat agree","Disagree","Agree","Somewhat agree","Somewhat disagree","Disagree","Agree","Disagree","Agree","Disagree","Supportive","No",1.35,1.31,1.52,9.38,9.33
"R_2hxB8Jgdspz9cw8","Shoreline","45 - 54","Male",NA,"34243","Sarasota",NA,"$25,001 - $50,000",100,"A few times","1 - 4 years","Fair",1,1,0,0,0,0,NA,2,0,1,1,12,0,0,0,0,0,0,0,0,0,0,0,0,0,0,0,0,0,0,0,0,0,0,0,0,0,0,0,0,0,0,0,0,0,0,0,0,0,0,0,0,1,0,0,0,0,0,1,1,0,0,0,0,0,1,0,0,0,0,0,0,1,1,0,0,0,1,1,1,1,1,1,0,0,0,0,0,5,1,1,0,1,0,1,1,0,0,"Sometimes","Sometimes","Sometimes","Sometimes","Sometimes","Sometimes","Sometimes","Never",NA,"Sometimes","Sometimes","Sometimes","Sometimes","Sometimes","Sometimes","Not sure","Not sure","Not sure","Not sure","Not sure","Not sure","Not sure","Not sure","Somewhat agree","Somewhat disagree","Somewhat disagree","Somewhat agree","Agree","Somewhat agree","Somewhat disagree","Somewhat agree","Somewhat agree","Somewhat agree","Supportive","No",4.34,6.25,5.3,5.31,4.34
"R_7GqXppxseLkPjTE","Shoreline","35 - 44","Male",NA,"33711","Pinellas",NA,"$25,000 or less",100,"Many times a week","5 - 9 years","Excellent",2,1,1,0,0,0,NA,2,0,1,1,61,1,1,1,1,1,1,1,1,1,1,1,1,1,1,1,1,1,1,1,0,1,1,1,1,1,0,1,1,1,1,0,0,0,1,1,0,0,0,1,1,1,1,1,0,1,1,1,1,0,0,1,1,1,1,1,1,0,1,0,0,1,1,1,1,0,1,1,1,1,1,1,1,1,1,1,1,0,0,0,0,0,0,0,0,0,8,"Always","Always","Always","Always","Always","Always","Always","Always","All fish","Always","Always","Always","Rarely","Always","Always","Not sure","Not sure","Not sure","Not sure","Not sure","Not sure","Not sure","Not sure","Strongly agree","Somewhat disagree","Somewhat agree","Disagree","Agree","Somewhat agree","Strongly disagree","Somewhat agree","Somewhat disagree","Somewhat agree","Supportive","No",8.1,8.57,8.02,0.9,1.1
"R_7oyBKWJVNWPwDMq","Shoreline","18 - 24","Male",NA,"34221","Manatee",NA,"$75,001 - $100,000",50,"Many times a week","10 - 19 years","Excellent",1,1,0,0,0,0,NA,2,0,1,1,8,0,0,0,0,0,0,0,0,0,0,0,0,0,0,0,0,0,0,0,0,0,0,0,0,0,0,0,0,0,0,0,0,0,0,0,0,0,0,0,0,0,0,0,0,0,0,0,0,0,0,0,0,0,0,0,0,0,0,0,0,1,1,0,1,0,0,0,1,1,1,1,1,0,0,0,0,6,1,1,1,1,1,1,0,0,4,"Always","Sometimes","Rarely","Always","Sometimes","Often","Sometimes","Often",NA,"Sometimes","Sometimes","Sometimes","Often","Often","Always","Not sure","Not sure","Not sure","Not sure","Often","Sometimes","Often","Sometimes","Somewhat agree","Disagree","Somewhat disagree","Agree","Agree","Somewhat agree","Somewhat agree","Somewhat agree","Somewhat agree","Somewhat agree","Opposed","No",10,7.11,8.11,4.53,0.89
"R_533sJhvxnAk1pWP","Shoreline","55 - 64","Male",NA,NA,"Pasco",NA,"$50,001 - $75,000",NA,"About once a month","Less than a year","Good",2,1,1,0,0,0,NA,1,0,0,1,5,0,0,0,0,0,0,0,0,0,0,0,0,0,0,0,0,0,0,0,0,0,0,0,0,0,0,0,0,0,0,0,0,0,0,0,0,0,0,0,0,1,0,0,0,0,0,0,1,0,0,0,0,0,0,0,0,0,0,0,0,1,1,1,0,0,0,0,0,0,0,0,0,0,0,0,0,0,0,0,0,0,0,0,0,0,6,"Often","Often","Often","Sometimes","Often","Always","Always","Sometimes",NA,"Often","Sometimes","Never","Never","Rarely","Often",NA,NA,NA,NA,NA,NA,NA,NA,"Strongly agree","Disagree","Somewhat agree","Disagree","Strongly agree","Strongly agree","Disagree","Agree","Disagree","Agree","Supportive","No",5.35,5.45,5.65,5.67,5.38
"R_7wS6RclggF5jeXd","Shoreline","55 - 64","Male",NA,"34698","Pinellas",NA,"$75,001 - $100,000",20,"A few times","20 years or more","Good",1,1,0,0,0,0,NA,1,0,1,0,2,1,1,0,0,0,0,0,0,0,0,0,0,0,0,0,0,0,0,0,0,0,0,0,0,0,0,0,0,0,0,0,0,0,0,0,0,0,0,0,0,0,0,0,0,0,0,0,0,0,0,0,0,0,0,0,0,0,0,0,0,0,0,0,0,0,0,0,0,0,0,0,0,0,0,0,0,0,0,0,0,0,0,0,0,0,2,"Never","Sometimes","Often","Sometimes","Often","Sometimes","Rarely","Never",NA,"Sometimes","Sometimes","Never","Rarely","Often","Sometimes",NA,NA,NA,NA,NA,NA,NA,NA,"Strongly agree","Disagree","Agree","Disagree","Agree","Somewhat agree","Somewhat agree","Agree","Somewhat agree","Somewhat disagree","Supportive","No",8.42,7.75,5.53,6.88,4.82
"R_5FqOMCOG7ejFLCt","Shoreline","35 - 44","Female",NA,"33625","Hillsborough",NA,"$25,001 - $50,000",200,"About once a week","20 years or more","Good",1,1,0,0,0,0,NA,2,0,1,1,37,1,1,1,0,0,0,1,1,0,0,0,1,1,0,1,0,0,1,1,0,1,1,0,1,1,0,1,1,1,0,0,0,0,1,1,0,0,0,1,0,0,1,0,0,0,1,0,0,0,0,1,1,1,0,0,0,0,1,0,0,0,1,1,1,0,0,1,1,1,1,1,1,1,0,1,0,8,1,1,1,1,1,1,1,1,7,"Often","Often","Often","Often","Often","Often","Often","Sometimes","Sharks","Sometimes","Sometimes","Sometimes","Rarely","Sometimes","Sometimes","Moderate","Medium","Moderate","Moderate","Sometimes","Sometimes","Sometimes","Sometimes","Strongly agree","Strongly agree","Strongly agree","Strongly agree","Strongly agree","Somewhat disagree","Somewhat agree","Somewhat agree","Somewhat agree","Somewhat agree","Supportive","No",3.91,1.71,3.15,4.34,9.93
"R_6Xkth0U5y9rTnP3","Shoreline","35 - 44","Male",NA,"33610","Hillsborough",NA,"$75,001 - $100,000",20,"About once a month","1 - 4 years","Fair",1,1,0,0,0,0,NA,2,0,1,1,11,0,0,0,0,0,0,0,0,0,0,0,0,0,0,0,0,0,0,0,0,0,0,0,0,0,0,0,0,0,1,0,0,0,0,1,0,0,0,0,1,0,1,0,0,0,0,1,0,0,0,0,0,0,1,0,0,0,0,0,0,1,1,0,0,0,0,0,1,1,0,0,0,0,0,1,0,3,0,0,0,0,1,1,1,0,4,"Often","Often","Often","Never","Rarely","Often","Rarely","Never",NA,"Often","Sometimes","Sometimes","Often","Often","Often","Not sure","Not sure","Moderate","Not sure","Sometimes","Not sure","Often","Not sure","Agree","Disagree","Agree","Somewhat disagree","Agree","Somewhat agree","Somewhat agree","Somewhat agree","Somewhat disagree","Somewhat agree","Supportive","No",5.31,7.34,4.85,4.88,4.91
"R_13zztFjxdbzmfyV","Shoreline","25 - 34","Female",NA,"33853","Polk",NA,"$25,001 - $50,000",NA,"A few times","5 - 9 years","Fair",1,1,0,0,0,0,NA,2,0,1,1,7,0,0,0,0,0,0,0,0,0,0,0,0,0,0,0,0,0,0,1,0,0,0,0,0,0,1,0,0,0,0,0,0,0,0,0,0,0,0,0,0,0,0,0,0,0,0,0,0,0,0,0,0,0,1,0,0,0,0,0,0,0,0,0,1,0,0,0,1,0,0,0,0,0,1,1,0,5,1,1,1,1,0,1,0,0,0,"Sometimes","Sometimes","Rarely","Sometimes","Rarely","Sometimes","Sometimes","Never",NA,"Rarely","Never","Never","Rarely","Often","Often",NA,NA,NA,NA,NA,NA,NA,NA,"Somewhat agree","Disagree","Disagree","Somewhat disagree","Somewhat agree","Somewhat agree","Somewhat disagree","Somewhat disagree","Disagree","Somewhat agree","Neutral","No",1.95,3.27,1.96,8.22,6.5
"R_3g8kcJQ3G0pHsnT","Shoreline","35 - 44","Female",NA,"33598","Hillsborough",NA,"$50,001 - $75,000",200,"About once a week","10 - 19 years","Good",1,1,0,0,0,0,NA,1,1,0,0,40,0,0,0,0,0,0,0,0,0,0,0,0,0,0,0,0,0,0,0,0,1,0,0,0,0,0,1,0,0,0,0,0,0,1,0,0,0,1,1,1,1,1,0,0,1,1,1,1,1,1,1,1,1,1,1,1,1,1,1,1,1,1,1,1,1,1,1,1,1,1,1,1,1,1,1,1,7,1,1,1,1,0,1,1,1,6,"Often","Often","Often","Rarely","Often","Often","Rarely","Often","Lady fish","Often","Often","Sometimes","Sometimes","Always","Often","Low","Small","Shallow","Moderate","Often","Rarely","Often","Often","Agree","Disagree","Agree","Disagree","Strongly agree","Somewhat agree","Somewhat agree","Somewhat disagree","Somewhat agree","Strongly agree","Supportive","No",10,10,10,2.01,0
"R_6DlrDsN1SladfMt","Shoreline","55 - 64","Male",NA,"34275","Sarasota",NA,"$75,001 - $100,000",50,"A few times","5 - 9 years","Good",1,1,0,0,0,0,NA,2,0,1,1,5,0,0,0,0,0,0,0,0,0,0,0,0,0,0,0,0,0,0,0,0,0,0,0,0,0,0,0,0,0,0,0,0,0,0,0,0,0,0,0,1,0,0,0,0,0,0,1,0,0,0,0,0,0,1,0,0,0,0,0,0,0,0,0,1,0,0,0,0,0,0,0,0,0,0,1,0,0,0,0,0,0,0,0,0,0,3,"Often","Often","Often","Sometimes","Sometimes","Rarely","Rarely","Never",NA,"Rarely","Rarely","Rarely","Rarely","Often","Sometimes","Low","Small","Shallow","Simple","Often","Sometimes","Sometimes","Never","Agree","Disagree","Agree","Disagree","Somewhat agree","Somewhat agree","Somewhat disagree","Somewhat agree","Somewhat agree","Somewhat agree","Supportive","No",7.15,8.15,2.99,7.18,3.04
"R_3PZvjWWboQ9SXye","Shoreline","25 - 34","Male",NA,"33511","Hillsborough",NA,"$100,000 or more",60,"About once a month","5 - 9 years","Good",2,1,1,0,0,0,NA,2,0,1,1,34,0,0,0,0,0,0,0,0,0,0,0,0,0,0,0,1,1,1,0,0,0,1,1,0,0,0,1,0,1,1,0,0,0,1,1,0,0,0,1,1,1,1,0,0,1,0,1,1,0,0,0,0,0,1,0,0,1,1,0,0,1,1,1,1,0,1,1,1,1,1,1,0,1,1,1,1,4,1,0,0,0,0,1,1,1,4,"Often","Sometimes","Often","Sometimes","Rarely","Often","Often","Sometimes",NA,"Often","Sometimes","Sometimes","Rarely","Often","Often","Not sure","Not sure","Not sure","Not sure","Often","Often","Sometimes","Not sure","Somewhat agree","Disagree","Agree","Disagree","Strongly agree","Somewhat agree","Agree","Somewhat disagree","Agree","Somewhat disagree","Opposed","No",1.79,7.05,7.2,7.74,7.29
"R_6IosZuVA6XRM7v3","Shoreline","45 - 54","Female",NA,"33598","Hillsborough",NA,"$100,000 or more",75,"About once a week","5 - 9 years","Good",1,1,0,0,0,0,NA,1,1,0,0,11,0,0,0,0,0,0,0,0,0,1,0,0,0,0,0,1,1,0,0,0,0,0,0,0,0,0,0,0,0,0,0,0,1,1,0,0,0,1,1,0,0,0,0,0,1,0,0,0,0,0,0,0,0,0,0,0,0,0,0,0,0,1,0,0,0,0,1,0,0,1,0,0,0,0,0,0,1,0,0,0,1,0,0,0,0,4,"Often","Often","Often","Never","Sometimes","Often","Rarely","Rarely",NA,"Often","Sometimes","Sometimes","Rarely","Sometimes","Sometimes","Not sure","Large","Not sure","Not sure","Sometimes","Sometimes","Sometimes","Never","Somewhat agree","Disagree","Somewhat disagree","Somewhat disagree","Somewhat agree","Somewhat agree","Somewhat disagree","Somewhat disagree","Somewhat disagree","Somewhat disagree","Supportive","No",5.14,5.47,5.28,6.55,6.47
"R_3z6KA87QCoM5cKV","Shoreline","45 - 54","Female",NA,"33714","Pinellas",NA,"$50,001 - $75,000",20,"About once a month","20 years or more","Good",1,1,0,0,0,0,NA,1,0,1,0,6,0,0,0,0,0,0,0,0,0,0,0,0,0,0,0,0,0,0,0,0,0,0,0,0,0,0,0,0,0,0,0,0,0,0,0,0,0,0,0,1,0,0,0,0,0,0,1,0,0,0,0,0,0,1,0,0,0,0,0,0,0,0,0,0,0,0,0,0,0,0,0,0,1,1,1,0,6,1,1,1,1,1,1,0,0,2,"Always","Always","Rarely","Never","Sometimes","Rarely","Never","Rarely",NA,"Often","Often","Rarely","Never","Often","Rarely","Moderate","Small","Shallow","Moderate","Sometimes","Sometimes","Sometimes","Never","Agree","Strongly disagree","Agree","Disagree","Agree","Disagree","Agree","Somewhat disagree","Strongly agree","Strongly disagree","Supportive","No",9.99,4.96,0.74,5.03,1.17
"R_3KZObdLUEAanT18","Shoreline","45 - 54","Male",NA,"33607","Hillsborough",NA,"$25,001 - $50,000",100,"Many times a week","20 years or more","Excellent",2,1,1,0,0,0,NA,2,0,1,1,46,1,1,1,1,1,0,0,1,1,1,1,1,0,0,0,0,1,0,0,1,1,0,1,1,1,1,1,0,0,1,1,1,1,1,1,1,1,1,1,0,0,0,1,1,1,0,0,0,1,1,1,0,0,1,1,1,1,0,1,1,1,1,0,1,1,1,0,0,0,1,0,0,0,0,0,0,2,0,0,0,0,1,0,0,1,5,"Always","Always","Sometimes","Sometimes","Always","Always","Always","Sometimes","Yes","Always","Always","Always","Always","Always","Always","High","Large","Moderate","Moderate","Always","Always","Always","Always","Strongly agree","Strongly agree","Strongly agree","Strongly agree","Agree","Strongly agree","Strongly agree","Strongly agree","Strongly agree","Strongly agree","Supportive","No",7.86,8.38,8.35,8.49,8.23
"R_37stNr0ZeewBVXQ","Shoreline","55 - 64","Male",NA,"34221","Manatee",NA,"$100,000 or more",40,"About once a week","1 - 4 years","Good",1,1,0,0,0,0,NA,1,1,0,0,8,0,0,0,0,0,0,0,0,0,0,0,0,0,0,0,0,0,0,0,0,0,0,0,0,0,0,0,0,0,0,0,0,0,0,0,0,0,0,0,0,0,0,0,0,0,0,0,1,0,0,0,0,0,0,1,0,0,0,0,0,1,1,0,0,0,1,1,0,1,1,0,0,0,0,0,0,1,0,0,0,0,0,0,1,0,4,"Often","Often","Rarely","Rarely","Sometimes","Always","Always","Never",NA,"Sometimes","Never","Sometimes","Rarely","Sometimes","Often","Not sure","Not sure","Not sure","Not sure","Not sure","Not sure","Not sure","Not sure","Somewhat agree","Somewhat disagree","Somewhat agree","Somewhat disagree","Somewhat agree","Somewhat agree","Somewhat agree","Somewhat agree","Somewhat agree","Somewhat agree","Neutral","No",5,4.9,5.01,4.89,4.93
"R_3qCgtVbUcvnCSL9","Shoreline","45 - 54","Female",NA,"33823","Polk",NA,"$25,001 - $50,000",300,"About once a month","20 years or more","Good",2,1,1,0,0,0,NA,2,0,1,1,9,0,0,0,0,0,0,0,0,0,0,0,0,0,0,0,0,0,0,0,0,0,0,0,0,0,0,0,0,0,0,0,0,0,0,0,0,0,0,1,1,1,0,0,0,1,1,1,1,0,0,0,0,0,1,0,0,0,0,0,0,0,1,0,0,0,0,0,0,0,0,0,0,0,0,0,0,5,1,1,1,1,0,1,0,0,1,"Never","Never","Never","Never","Never","Never","Never","Always","I don't target.I just fish and what I catch is what I catch.And then I follow the rules","Never","Never","Never","Often","Often","Often",NA,NA,NA,NA,NA,NA,NA,NA,"Agree","Somewhat disagree","Strongly agree","Somewhat disagree","Strongly agree","Somewhat disagree","Disagree","Strongly agree","Disagree","Strongly agree","Supportive","No",5.17,5.43,5.44,0.36,0.39
"R_6xPymEKlsMg4Nqx","Shoreline","55 - 64","Male",NA,NA,"Manatee",NA,NA,NA,"A few times","1 - 4 years","Excellent",1,1,0,0,0,0,NA,1,1,0,0,12,0,0,0,0,0,0,0,0,0,0,0,0,0,0,0,0,0,0,0,0,0,0,0,0,0,0,0,0,0,0,0,0,0,0,0,0,0,0,0,1,1,1,0,0,1,0,1,1,0,0,1,1,0,1,0,0,0,1,0,0,0,1,1,0,0,0,0,0,0,0,0,0,0,0,0,0,6,1,1,1,1,1,1,0,0,3,"Often","Often","Often","Sometimes","Sometimes","Rarely","Never","Sometimes","flounder","Often","Often","Never","Often","Often","Often",NA,NA,NA,NA,NA,NA,NA,NA,"Strongly agree","Disagree","Agree","Disagree","Strongly agree","Agree","Somewhat agree","Agree","Somewhat agree","Somewhat agree","Supportive","No",4.98,5.09,4.95,4.81,4.78
"R_5jBjPEoKlokKP2V","Shoreline","55 - 64","Male",NA,"34655","Pasco",NA,"$50,001 - $75,000",15,"A few times","Less than a year","Fair",1,1,0,0,0,0,NA,1,0,1,0,2,0,0,0,0,0,0,0,0,0,0,0,0,0,0,0,0,0,0,0,0,0,0,0,0,0,0,0,0,0,0,0,0,0,0,0,0,0,0,0,0,0,0,0,0,0,0,1,0,0,0,0,0,0,1,0,0,0,0,0,0,0,0,0,0,0,0,0,0,0,0,0,0,0,0,0,0,0,0,0,0,0,0,0,0,0,0,"Rarely","Rarely","Never","Never","Sometimes","Sometimes","Never","Sometimes",NA,"Rarely","Sometimes","Never","Never","Sometimes","Sometimes",NA,NA,NA,NA,NA,NA,NA,NA,"Agree","Strongly disagree","Agree","Strongly disagree","Strongly agree","Somewhat agree","Agree","Somewhat agree","Agree","Somewhat disagree","Supportive","No",3.43,6.8,8.21,4.75,6.96
"R_6Qh2F5GU3OgUBQy","Shoreline","35 - 44","Male",NA,"33543","Pasco",NA,"$50,001 - $75,000",25,"About once a week","5 - 9 years","Good",1,1,0,0,0,0,NA,2,0,1,1,26,0,0,0,0,0,0,1,0,0,0,0,0,0,1,0,0,0,1,1,0,0,0,0,1,0,0,0,0,0,0,0,0,0,1,0,0,0,0,1,1,1,0,0,0,1,0,1,1,0,0,0,0,0,1,1,1,0,0,0,0,1,1,1,1,0,0,0,1,1,1,0,0,1,1,1,1,6,0,1,1,1,1,0,1,1,3,"Often","Often","Rarely","Never","Rarely","Rarely","Rarely","Often","Spanish mackerel","Sometimes","Often","Often","Rarely","Often","Always","High","Small","Shallow","Moderate","Often","Often","Sometimes","Never","Agree","Somewhat disagree","Somewhat disagree","Somewhat agree","Somewhat agree","Agree","Disagree","Somewhat agree","Somewhat agree","Disagree","Supportive","Yes",5.29,10,10,10,10
"R_54C0rk2WCofbr52","Shoreline","25 - 34","Male",NA,"33579","Hillsborough",NA,"$25,001 - $50,000",60,"About once a week","5 - 9 years","Excellent",1,1,0,0,0,0,NA,1,0,1,0,4,0,0,0,0,0,0,0,0,0,0,0,0,0,0,0,0,0,0,0,0,0,0,0,0,0,0,1,0,0,0,0,0,0,0,0,0,0,0,0,0,1,0,0,0,0,0,0,0,0,0,0,0,0,0,0,0,0,0,0,0,0,1,0,0,0,0,0,0,0,0,0,0,0,1,0,0,2,0,0,0,0,1,1,0,0,1,"Sometimes","Never","Rarely","Sometimes","Sometimes","Rarely","Rarely","Often","Shark","Never","Never","Never","Never","Often","Sometimes",NA,NA,NA,NA,NA,NA,NA,NA,"Somewhat agree","Disagree","Somewhat agree","Somewhat agree","Somewhat agree","Somewhat disagree","Somewhat agree","Disagree","Agree","Disagree","Neutral","No",5.13,7.28,4.83,7.84,10
"R_6LkfZ5MSfKKKCDF","Shoreline","55 - 64","Female",NA,"33707","Pinellas",NA,"$50,001 - $75,000",20,"About once a month","10 - 19 years","Good",2,1,1,0,0,0,NA,2,0,1,1,8,0,0,0,0,0,0,0,0,0,0,0,0,0,0,0,0,0,0,0,0,0,0,0,0,0,0,0,0,0,0,0,0,0,0,1,0,0,0,0,1,1,0,0,0,0,0,0,0,0,0,0,0,0,1,0,0,0,0,0,0,0,0,0,0,0,0,0,0,0,0,0,0,1,1,1,1,3,0,1,0,1,1,0,0,0,1,"Rarely","Often","Sometimes","Never","Sometimes","Rarely","Never","Sometimes","ladyfish, spanish mackerel","Often","Sometimes","Sometimes","Rarely","Always","Often","Moderate","Not sure","Moderate","Moderate","Sometimes","Sometimes","Often","Not sure","Agree","Somewhat disagree","Somewhat agree","Somewhat agree","Agree","Somewhat agree","Somewhat agree","Somewhat agree","Somewhat agree","Somewhat agree","Supportive","No",2.96,5.27,5.35,7.89,7.37
"R_3E3VqoduDiYLg4L","Shoreline","45 - 54","Female",NA,"33709","Pinellas",NA,"$50,001 - $75,000",50,"About once a month","20 years or more","Good",1,1,0,0,0,0,NA,2,0,1,1,14,1,1,1,1,0,0,0,1,0,0,0,0,0,0,0,1,0,0,0,0,0,1,0,0,0,0,0,0,1,0,0,0,0,0,1,0,0,0,0,0,1,1,0,0,0,0,0,0,0,0,0,0,0,0,0,0,0,0,0,0,0,0,0,0,0,0,0,0,0,0,0,0,1,1,0,1,4,1,1,1,0,0,1,0,0,3,"Sometimes","Rarely","Sometimes","Sometimes","Often","Often","Often","Rarely",NA,"Sometimes","Rarely","Never","Sometimes","Often","Often",NA,NA,NA,NA,NA,NA,NA,NA,"Somewhat agree","Disagree","Somewhat agree","Somewhat disagree","Somewhat agree","Somewhat disagree","Somewhat agree","Somewhat disagree","Agree","Somewhat disagree","Supportive","No",1.07,3.64,0,0,10
"R_7NVcre0CeGhD09a","Shoreline","45 - 54","Male",NA,"33712","Pinellas",NA,"$75,001 - $100,000",15,"A few times","10 - 19 years","Good",2,1,1,0,0,0,NA,1,0,1,0,6,0,0,0,0,0,0,0,0,0,0,0,0,0,0,0,0,0,0,0,0,0,0,1,0,0,0,0,0,0,0,0,0,0,0,0,0,0,0,0,0,1,1,0,0,0,0,0,1,1,0,0,0,0,1,0,0,0,0,0,0,0,0,0,0,0,0,0,0,0,0,0,0,0,0,0,0,0,0,0,0,0,0,0,0,0,3,"Always","Always","Always","Never","Sometimes","Never","Never","Sometimes","Spanish Mackerel","Often","Never","Never","Never","Often","Never",NA,NA,NA,NA,NA,NA,NA,NA,"Somewhat agree","Somewhat disagree","Somewhat disagree","Disagree","Somewhat agree","Somewhat agree","Somewhat agree","Somewhat disagree","Somewhat agree","Somewhat disagree","Supportive","No",0.94,5.09,6.52,8.04,9.9
"R_1OobhNtWWjbbtOe","Shoreline","35 - 44","Male",NA,"33616","Hillsborough",NA,"$100,000 or more",50,"About once a month","20 years or more","Excellent",2,1,1,0,0,0,NA,2,0,1,1,5,0,0,0,0,0,0,0,0,0,0,0,0,0,0,0,0,1,0,1,0,0,0,0,1,0,0,0,0,0,0,0,0,0,0,0,0,0,0,0,0,0,0,0,0,0,0,0,0,0,0,0,0,0,0,1,0,0,0,0,0,1,0,0,0,0,0,0,0,0,0,0,0,0,0,0,0,7,1,1,1,1,1,1,1,0,5,"Sometimes","Often","Often","Never","Sometimes","Often","Often","Always","flounder","Often","Often","Often","Never","Always","Often","Moderate","Medium","Shallow","Simple","Sometimes","Not sure","Sometimes","Rarely","Agree","Somewhat disagree","Strongly agree","Disagree","Agree","Somewhat agree","Somewhat agree","Somewhat agree","Somewhat disagree","Somewhat agree","Supportive","No",4.97,5.92,4.69,10,10
"R_3sdOsNCbxfWT6OP","Shoreline","45 - 54","Male",NA,"34653","Pasco",NA,"$75,001 - $100,000",200,"A few times","20 years or more","Good",1,1,0,0,0,0,NA,2,0,1,1,26,1,1,1,1,0,0,0,1,1,0,0,0,0,0,0,1,0,0,0,0,0,1,0,0,0,0,1,1,1,0,0,0,0,1,1,0,0,0,1,1,1,1,0,0,0,1,1,1,0,0,0,0,0,1,1,0,0,0,0,0,0,0,0,0,0,0,0,0,0,0,0,0,1,1,1,1,7,1,1,1,1,0,1,1,1,5,"Often","Often","Often","Rarely","Often","Often","Sometimes","Sometimes","Jack","Sometimes","Sometimes","Rarely","Sometimes","Sometimes","Sometimes","Not sure","Not sure","Not sure","Not sure","Not sure","Not sure","Rarely","Never","Somewhat disagree","Somewhat disagree","Agree","Disagree","Somewhat agree","Somewhat agree","Agree","Agree","Disagree","Agree","Supportive","No",3.43,4.22,5.27,5.46,10
"R_7Dp6gTl8UmsPjeE","Shoreline","55 - 64","Female",NA,"33701","Pinellas",NA,"$50,001 - $75,000",NA,"A few times","20 years or more","Good",1,1,0,0,0,0,NA,1,0,1,0,8,0,0,0,0,0,0,0,0,0,0,0,0,0,0,0,1,1,0,0,0,0,1,1,0,0,0,0,0,1,1,0,0,0,0,1,0,0,0,0,0,0,1,0,0,0,0,0,0,0,0,0,0,0,0,0,0,0,0,0,0,0,0,0,0,0,0,0,0,0,0,0,0,0,0,0,0,5,0,1,0,1,0,1,1,1,7,"Often","Often","Often","Rarely","Often","Often","Often","Always",NA,"Sometimes","Often","Never","Sometimes","Often","Often",NA,NA,NA,NA,NA,NA,NA,NA,"Somewhat agree","Somewhat agree","Somewhat agree","Somewhat agree","Somewhat agree","Somewhat disagree","Somewhat agree","Somewhat agree","Somewhat disagree","Somewhat disagree","Supportive","No",4.9,4.87,7.76,4.39,4.58
"R_3f2YvugEh1xpJeh","Shoreline","45 - 54","Male",NA,"33572","Hillsborough",NA,NA,40,"A few times","5 - 9 years","Excellent",1,1,0,0,0,0,NA,1,0,1,0,4,0,0,0,0,0,0,0,0,0,0,0,0,0,0,0,0,0,0,0,0,0,0,0,0,0,0,0,0,0,0,0,0,0,0,0,0,0,1,1,0,0,0,0,0,1,1,0,0,0,0,0,0,0,0,0,0,0,0,0,0,0,0,0,0,0,0,0,0,0,0,0,0,0,0,0,0,6,1,0,0,1,1,1,1,1,1,"Sometimes","Always","Sometimes","Never","Never","Rarely","Sometimes","Never",NA,"Rarely","Never","Never","Rarely","Always","Rarely",NA,NA,NA,NA,NA,NA,NA,NA,"Somewhat agree","Somewhat disagree","Agree","Somewhat agree","Agree","Somewhat agree","Somewhat agree","Somewhat agree","Somewhat agree","Somewhat agree","Neutral","No",5.06,5.13,1.06,2.42,1.36
"R_72meZ3IPYDGCSno","Shoreline","25 - 34","Male",NA,NA,"Pasco",NA,"$75,001 - $100,000",50,"About once a week","5 - 9 years","Good",1,0,1,0,0,0,NA,2,0,1,1,19,0,0,0,0,0,0,0,0,0,0,0,0,0,1,1,0,0,0,0,0,1,0,0,0,0,0,1,0,0,0,0,0,0,0,0,0,0,0,0,0,0,0,0,0,1,1,0,0,0,0,1,1,1,0,0,0,0,1,0,0,1,1,1,1,0,1,1,1,0,0,1,1,0,0,0,0,5,0,1,1,1,1,1,0,0,6,"Sometimes","Often","Often","Rarely","Often","Often","Often","Often",NA,"Often","Never","Rarely","Sometimes","Often","Often","Not sure","Medium","Moderate","Moderate","Often","Rarely","Often","Never","Agree","Somewhat disagree","Somewhat agree","Somewhat disagree","Agree","Somewhat agree","Agree","Disagree","Strongly agree","Disagree","Supportive","No",5.13,0,0,5.2,10
"R_57Vg9pr5EvzlkQv","Shoreline","25 - 34","Male",NA,"33511","Hillsborough",NA,"$50,001 - $75,000",50,"About once a week","1 - 4 years","Fair",2,1,1,0,0,0,NA,2,0,1,1,7,0,0,0,0,0,0,0,0,0,0,0,0,0,0,0,0,0,0,0,0,0,0,0,0,0,0,0,0,0,0,0,0,1,1,0,0,0,0,1,0,1,0,0,0,0,0,0,1,0,0,0,0,0,0,0,0,0,0,0,0,1,1,0,0,0,0,0,0,0,0,0,0,0,0,0,0,2,0,0,0,0,1,0,1,0,1,"Sometimes","Sometimes","Often","Never","Sometimes","Sometimes","Sometimes","Sometimes",NA,"Sometimes","Rarely","Rarely","Sometimes","Often","Often","Not sure","Not sure","Not sure","Not sure","Not sure","Not sure","Not sure","Not sure","Somewhat agree","Somewhat disagree","Agree","Disagree","Agree","Somewhat agree","Somewhat agree","Somewhat agree","Somewhat disagree","Somewhat agree","Supportive","No",5.01,6.08,3.38,4.83,4.89
"R_3s4nIOLyKkoWb1l","Shoreline","55 - 64","Male",NA,"33715","Pinellas",NA,"$25,001 - $50,000",0,"Many times a week","20 years or more","Excellent",2,1,1,0,0,0,NA,1,0,1,0,1,0,0,0,0,0,0,0,0,0,0,0,0,0,0,0,0,0,0,0,0,0,0,0,0,0,0,0,0,0,0,0,0,0,0,0,0,0,0,0,1,0,0,0,0,0,0,0,0,0,0,0,0,0,0,0,0,0,0,0,0,0,0,0,0,0,0,0,0,0,0,0,0,0,0,0,0,1,0,0,0,0,0,0,0,1,1,"Sometimes","Often","Sometimes","Never","Never","Sometimes","Never","Never",NA,"Always","Often","Never","Never","Always","Sometimes",NA,NA,NA,NA,NA,NA,NA,NA,"Agree","Strongly disagree","Agree","Disagree","Agree","Disagree","Somewhat agree","Somewhat disagree","Somewhat agree","Somewhat disagree","Supportive","No",4.16,3.03,3.5,3.75,5.22
"R_5lztWJpHhJFJC8S","Shoreline","35 - 44","Female",NA,"33602","Hillsborough",NA,"$50,001 - $75,000",10,"A few times","5 - 9 years","Fair",1,1,0,0,0,0,NA,1,0,1,0,2,0,0,0,0,0,0,0,0,0,0,0,0,0,1,0,0,0,0,0,0,0,0,0,0,0,0,0,0,0,0,0,0,0,0,0,0,0,0,0,0,0,0,0,0,0,0,0,0,0,0,0,0,0,0,0,0,0,0,0,0,0,0,0,0,0,0,0,1,0,0,0,0,0,0,0,0,0,0,0,0,0,0,0,0,0,0,"Sometimes","Never","Sometimes","Never","Never","Never","Never","Never",NA,"Never","Never","Sometimes","Never","Sometimes","Rarely","Not sure","Not sure","Not sure","Not sure","Not sure","Not sure","Not sure","Not sure","Somewhat agree","Somewhat disagree","Agree","Somewhat disagree","Agree","Somewhat agree","Somewhat disagree","Somewhat agree","Somewhat disagree","Agree","Supportive","No",7.7,7.83,5.12,3.66,5.26
"R_7osZbS4b95SYyQB","Shoreline","35 - 44","Male",NA,"33810","Polk",NA,"$25,000 or less",200,"A few times","5 - 9 years","Fair",2,1,1,0,0,0,NA,2,0,1,1,5,0,0,0,0,0,0,0,0,0,0,0,0,0,0,0,0,0,0,0,0,0,0,0,0,0,0,0,0,0,0,0,0,0,0,0,0,0,0,0,0,1,0,0,0,0,0,0,1,0,0,0,0,0,0,1,0,0,0,0,0,1,1,0,0,0,0,0,0,0,0,0,0,0,0,0,0,2,0,0,0,0,0,0,1,1,1,"Rarely","Rarely","Sometimes","Sometimes","Sometimes","Sometimes","Rarely","Often","Catfish, ray, sharks","Rarely","Sometimes","Sometimes","Often","Sometimes","Often","Moderate","Medium","Moderate","Not sure","Not sure","Not sure","Often","Not sure","Strongly agree","Disagree","Agree","Somewhat agree","Agree","Disagree","Agree","Disagree","Agree","Disagree","Supportive","No",0,8.06,5.31,10,8
"R_5urp4eLeuOg69aI","Shoreline","55 - 64","Male",NA,"33570","Hillsborough",NA,"$25,000 or less",25,"A few times","1 - 4 years","Fair",1,1,0,0,0,0,NA,2,1,1,0,3,0,0,0,0,0,0,0,0,0,0,0,0,0,0,0,0,0,0,0,0,0,0,0,0,0,0,0,0,0,0,0,0,0,0,0,0,0,0,0,0,0,0,0,0,1,0,0,0,0,0,1,1,0,0,0,0,0,0,0,0,0,0,0,0,0,0,0,0,0,0,0,0,0,0,0,0,0,0,0,0,0,0,0,0,0,1,"Often","Sometimes","Sometimes","Rarely","Sometimes","Sometimes","Sometimes","Never",NA,"Often","Never","Never","Rarely","Often","Sometimes",NA,NA,NA,NA,NA,NA,NA,NA,"Somewhat agree","Somewhat disagree","Somewhat agree","Somewhat agree","Somewhat agree","Strongly disagree","Strongly disagree","Strongly disagree","Strongly disagree","Strongly disagree","Supportive","No",0.38,6.93,0.37,0.21,6.94
"R_7huyfpqfYSobapX","Shoreline","55 - 64","Male",NA,"33761","Pinellas",NA,"$100,000 or more",50,"A few times","20 years or more","Fair",2,1,1,0,0,0,NA,2,0,1,1,16,1,1,1,1,1,1,0,1,1,0,0,0,0,0,0,1,0,0,0,0,0,1,1,0,0,0,0,0,0,0,0,0,0,0,0,0,0,0,0,0,1,0,0,0,0,0,0,1,0,0,0,0,0,0,1,0,0,0,0,0,0,0,0,0,0,0,0,0,0,0,0,0,1,1,0,0,2,0,0,0,1,0,1,0,0,5,"Rarely","Often","Always","Never","Always","Always","Always","Never",NA,"Always","Rarely","Sometimes","Sometimes","Often","Often","Moderate","Small","Shallow","Moderate","Often","Rarely","Often","Not sure","Agree","Strongly disagree","Agree","Disagree","Strongly agree","Agree","Somewhat disagree","Strongly disagree","Somewhat agree","Somewhat agree","Supportive","No",2.98,5.58,9.29,2.74,2.73
"R_3GB7YUY2lJt3nhz","Shoreline","35 - 44","Male",NA,"33756","Pinellas",NA,"$25,001 - $50,000",20,"A few times","20 years or more","Good",1,1,0,0,0,0,NA,2,0,1,1,4,1,0,1,1,0,0,0,1,0,0,0,0,0,0,0,0,0,0,0,0,0,0,0,0,0,0,0,0,0,0,0,0,0,0,0,0,0,0,0,0,0,0,0,0,0,0,0,0,0,0,0,0,0,0,0,0,0,0,0,0,0,0,0,0,0,0,0,0,0,0,0,0,0,0,0,0,3,1,0,0,0,1,1,0,0,2,"Rarely","Often","Sometimes","Rarely","Often","Rarely","Rarely","Rarely","Shark","Often","Rarely","Never","Often","Often","Often",NA,NA,NA,NA,NA,NA,NA,NA,"Agree","Disagree","Somewhat agree","Disagree","Somewhat agree","Somewhat disagree","Agree","Somewhat disagree","Somewhat disagree","Somewhat disagree","Supportive","No",0.54,3.05,5.05,7.96,10
